
> @smartspec/web@1.0.0 typecheck /home/dev/.cache/codex/canonical-sources/f29801373bfd4154c0d8/b916f620475c70420df72c353a3eceb7537799bd-package/apps/web
> NODE_OPTIONS='--max-old-space-size=8192' tsc --noEmit

client/src/components/AIChatBox.tsx(314,22): error TS7006: Parameter 'e' implicitly has an 'any' type.
client/src/components/WelcomeLanguagePicker.tsx(101,40): error TS7006: Parameter 'v' implicitly has an 'any' type.
client/src/components/admin/AdminInferencePolicyPanel.tsx(285,29): error TS2339: Property 'scoreCalibrationRevision' does not exist on type '{}'.
client/src/components/admin/AdminInferencePolicyPanel.tsx(286,25): error TS2339: Property 'scoreCalibrationRevision' does not exist on type '{}'.
client/src/components/admin/AdminInferencePolicyPanel.tsx(290,22): error TS2339: Property 'weights' does not exist on type '{}'.
client/src/components/admin/AdminInferencePolicyPanel.tsx(379,37): error TS2353: Object literal may only specify known properties, and 'profileInput' does not exist in type '{ model: { revision: string; logicalModelId: string; lifecycle: "ACTIVE" | "SHADOW" | "CANARY" | "DEGRADED" | "RETIRED" | "DISCOVERED" | "METADATA_VALIDATED" | "POLICY_REVIEWED" | "CAPABILITY_TESTED" | "EVALUATED" | "CERTIFIED" | "QUARANTINED"; capabilities: { ...; }; capabilityRefs: string[]; providerNativeModelId:...'.
client/src/components/admin/AdminInferencePolicyPanel.tsx(481,25): error TS7006: Parameter 'event' implicitly has an 'any' type.
client/src/components/admin/AdminInferencePolicyPanel.tsx(490,25): error TS7006: Parameter 'event' implicitly has an 'any' type.
client/src/components/admin/AdminInferencePolicyPanel.tsx(499,23): error TS7006: Parameter 'event' implicitly has an 'any' type.
client/src/components/admin/AdminInferencePolicyPanel.tsx(508,23): error TS7006: Parameter 'event' implicitly has an 'any' type.
client/src/components/admin/AdminInferencePolicyPanel.tsx(517,23): error TS7006: Parameter 'event' implicitly has an 'any' type.
client/src/components/admin/AdminInferencePolicyPanel.tsx(532,25): error TS7006: Parameter 'event' implicitly has an 'any' type.
client/src/components/admin/AdminInferencePolicyPanel.tsx(551,27): error TS7006: Parameter 'event' implicitly has an 'any' type.
client/src/components/admin/AdminInferencePolicyPanel.tsx(776,23): error TS7006: Parameter 'event' implicitly has an 'any' type.
client/src/components/admin/AdminInferencePolicyPanel.tsx(819,53): error TS7006: Parameter 'event' implicitly has an 'any' type.
client/src/components/admin/AdminInferencePolicyPanel.tsx(823,73): error TS7006: Parameter 'event' implicitly has an 'any' type.
client/src/components/admin/CloudflareCredentialCenter.tsx(104,37): error TS7006: Parameter 'item' implicitly has an 'any' type.
client/src/components/admin/CloudflareCredentialCenter.tsx(172,78): error TS7006: Parameter 'event' implicitly has an 'any' type.
client/src/components/admin/CloudflareCredentialCenter.tsx(217,92): error TS7006: Parameter 'event' implicitly has an 'any' type.
client/src/components/admin/CloudflareCredentialCenter.tsx(252,106): error TS7006: Parameter 'event' implicitly has an 'any' type.
client/src/components/admin/CloudflareCredentialCenter.tsx(256,151): error TS7006: Parameter 'event' implicitly has an 'any' type.
client/src/components/admin/CloudflareCredentialCenter.tsx(274,158): error TS7006: Parameter 'event' implicitly has an 'any' type.
client/src/components/admin/CloudflareCredentialCenter.tsx(319,53): error TS7006: Parameter 'item' implicitly has an 'any' type.
client/src/components/admin/ContextEngineEvaluationDashboard.tsx(178,27): error TS7006: Parameter 'event' implicitly has an 'any' type.
client/src/components/admin/ContextEngineEvaluationDashboard.tsx(192,27): error TS7006: Parameter 'event' implicitly has an 'any' type.
client/src/components/admin/ContextEngineEvaluationDashboard.tsx(206,27): error TS7006: Parameter 'event' implicitly has an 'any' type.
client/src/components/admin/ContextEngineEvaluationDashboard.tsx(220,27): error TS7006: Parameter 'event' implicitly has an 'any' type.
client/src/components/admin/ContextEngineEvaluationDashboard.tsx(234,27): error TS7006: Parameter 'event' implicitly has an 'any' type.
client/src/components/admin/ContextEngineEvaluationDashboard.tsx(252,29): error TS7006: Parameter 'event' implicitly has an 'any' type.
client/src/components/admin/ContextEngineEvaluationDashboard.tsx(270,29): error TS7006: Parameter 'event' implicitly has an 'any' type.
client/src/components/admin/DocumentOcrSettingsPanel.tsx(743,31): error TS7006: Parameter 'value' implicitly has an 'any' type.
client/src/components/admin/DocumentOcrSettingsPanel.tsx(885,30): error TS7006: Parameter 'e' implicitly has an 'any' type.
client/src/components/admin/DocumentOcrSettingsPanel.tsx(967,30): error TS7006: Parameter 'e' implicitly has an 'any' type.
client/src/components/admin/DocumentOcrSettingsPanel.tsx(1053,30): error TS7006: Parameter 'e' implicitly has an 'any' type.
client/src/components/admin/DocumentOcrSettingsPanel.tsx(1149,26): error TS7006: Parameter 'e' implicitly has an 'any' type.
client/src/components/admin/DocumentOcrSettingsPanel.tsx(1206,36): error TS7006: Parameter 'e' implicitly has an 'any' type.
client/src/components/admin/DocumentOcrSettingsPanel.tsx(1217,36): error TS7006: Parameter 'e' implicitly has an 'any' type.
client/src/components/admin/DocumentOcrSettingsPanel.tsx(1301,36): error TS7006: Parameter 'event' implicitly has an 'any' type.
client/src/components/admin/DocumentOcrSettingsPanel.tsx(1340,36): error TS7006: Parameter 'event' implicitly has an 'any' type.
client/src/components/admin/DocumentOcrSettingsPanel.tsx(1349,36): error TS7006: Parameter 'event' implicitly has an 'any' type.
client/src/components/admin/DocumentOcrSettingsPanel.tsx(1358,41): error TS7006: Parameter 'value' implicitly has an 'any' type.
client/src/components/admin/DocumentOcrSettingsPanel.tsx(1378,36): error TS7006: Parameter 'event' implicitly has an 'any' type.
client/src/components/admin/DocumentOcrSettingsPanel.tsx(1389,36): error TS7006: Parameter 'event' implicitly has an 'any' type.
client/src/components/admin/DocumentOcrSettingsPanel.tsx(1396,36): error TS7006: Parameter 'event' implicitly has an 'any' type.
client/src/components/admin/DocumentOcrSettingsPanel.tsx(1404,36): error TS7006: Parameter 'event' implicitly has an 'any' type.
client/src/components/admin/DocumentOcrSettingsPanel.tsx(1463,34): error TS7006: Parameter 'event' implicitly has an 'any' type.
client/src/components/admin/DocumentOcrSettingsPanel.tsx(1503,34): error TS7006: Parameter 'event' implicitly has an 'any' type.
client/src/components/admin/DocumentOcrSettingsPanel.tsx(1512,39): error TS7006: Parameter 'value' implicitly has an 'any' type.
client/src/components/admin/DocumentOcrSettingsPanel.tsx(1532,34): error TS7006: Parameter 'event' implicitly has an 'any' type.
client/src/components/admin/DocumentOcrSettingsPanel.tsx(1543,34): error TS7006: Parameter 'event' implicitly has an 'any' type.
client/src/components/admin/DocumentOcrSettingsPanel.tsx(1550,34): error TS7006: Parameter 'event' implicitly has an 'any' type.
client/src/components/admin/DocumentOcrSettingsPanel.tsx(1558,34): error TS7006: Parameter 'event' implicitly has an 'any' type.
client/src/components/admin/DocumentOcrSettingsPanel.tsx(1566,34): error TS7006: Parameter 'event' implicitly has an 'any' type.
client/src/components/admin/FinanceSlipRulesPanel.tsx(470,32): error TS7006: Parameter 'event' implicitly has an 'any' type.
client/src/components/admin/FinanceSlipRulesPanel.tsx(656,34): error TS7006: Parameter 'event' implicitly has an 'any' type.
client/src/components/admin/FinanceSlipRulesPanel.tsx(695,34): error TS7006: Parameter 'event' implicitly has an 'any' type.
client/src/components/admin/FinanceSlipRulesPanel.tsx(704,34): error TS7006: Parameter 'event' implicitly has an 'any' type.
client/src/components/admin/FinanceSlipRulesPanel.tsx(713,39): error TS7006: Parameter 'value' implicitly has an 'any' type.
client/src/components/admin/FinanceSlipRulesPanel.tsx(733,34): error TS7006: Parameter 'event' implicitly has an 'any' type.
client/src/components/admin/FinanceSlipRulesPanel.tsx(744,34): error TS7006: Parameter 'event' implicitly has an 'any' type.
client/src/components/admin/FinanceSlipRulesPanel.tsx(751,34): error TS7006: Parameter 'event' implicitly has an 'any' type.
client/src/components/admin/FinanceSlipRulesPanel.tsx(759,34): error TS7006: Parameter 'event' implicitly has an 'any' type.
client/src/components/admin/FinanceSlipRulesPanel.tsx(822,34): error TS7006: Parameter 'event' implicitly has an 'any' type.
client/src/components/admin/FinanceSlipRulesPanel.tsx(862,34): error TS7006: Parameter 'event' implicitly has an 'any' type.
client/src/components/admin/FinanceSlipRulesPanel.tsx(871,39): error TS7006: Parameter 'value' implicitly has an 'any' type.
client/src/components/admin/FinanceSlipRulesPanel.tsx(891,34): error TS7006: Parameter 'event' implicitly has an 'any' type.
client/src/components/admin/FinanceSlipRulesPanel.tsx(902,34): error TS7006: Parameter 'event' implicitly has an 'any' type.
client/src/components/admin/FinanceSlipRulesPanel.tsx(909,34): error TS7006: Parameter 'event' implicitly has an 'any' type.
client/src/components/admin/FinanceSlipRulesPanel.tsx(917,34): error TS7006: Parameter 'event' implicitly has an 'any' type.
client/src/components/admin/FinanceSlipRulesPanel.tsx(925,34): error TS7006: Parameter 'event' implicitly has an 'any' type.
client/src/components/admin/GoogleMapsSettingsPanel.tsx(307,96): error TS7006: Parameter 'event' implicitly has an 'any' type.
client/src/components/admin/GoogleMapsSettingsPanel.tsx(314,26): error TS7006: Parameter 'event' implicitly has an 'any' type.
client/src/components/admin/GoogleMapsSettingsPanel.tsx(321,26): error TS7006: Parameter 'event' implicitly has an 'any' type.
client/src/components/admin/GoogleMapsSettingsPanel.tsx(353,124): error TS7006: Parameter 'event' implicitly has an 'any' type.
client/src/components/admin/GoogleMapsSettingsPanel.tsx(356,140): error TS7006: Parameter 'googleEnabled' implicitly has an 'any' type.
client/src/components/admin/GoogleMapsSettingsPanel.tsx(359,150): error TS7006: Parameter 'enabled' implicitly has an 'any' type.
client/src/components/admin/GoogleMapsSettingsPanel.tsx(381,185): error TS7006: Parameter 'event' implicitly has an 'any' type.
client/src/components/admin/GoogleMapsSettingsPanel.tsx(382,190): error TS7006: Parameter 'event' implicitly has an 'any' type.
client/src/components/admin/GoogleMapsSettingsPanel.tsx(383,169): error TS7006: Parameter 'event' implicitly has an 'any' type.
client/src/components/admin/GoogleMapsSettingsPanel.tsx(384,158): error TS7006: Parameter 'event' implicitly has an 'any' type.
client/src/components/admin/GoogleMapsSettingsPanel.tsx(385,158): error TS7006: Parameter 'event' implicitly has an 'any' type.
client/src/components/admin/GoogleMapsSettingsPanel.tsx(389,206): error TS7006: Parameter 'event' implicitly has an 'any' type.
client/src/components/admin/GoogleMapsSettingsPanel.tsx(390,221): error TS7006: Parameter 'event' implicitly has an 'any' type.
client/src/components/admin/GoogleMapsSettingsPanel.tsx(391,181): error TS7006: Parameter 'event' implicitly has an 'any' type.
client/src/components/admin/GoogleMapsSettingsPanel.tsx(392,187): error TS7006: Parameter 'event' implicitly has an 'any' type.
client/src/components/admin/GoogleMapsSettingsPanel.tsx(434,10): error TS2741: Property 'onFeedChange' is missing in type '{ items: Record<string, unknown>[]; onItemsChange: (items: Record<string, unknown>[]) => void; previewMapType: GoogleMapType; previewCenter: [number, number]; resetPreviewKey: number; }' but required in type '{ items: EmergencyMapItem[]; onItemsChange: (items: Record<string, unknown>[]) => void; onFeedChange: (items: readonly LocalSituationFeedItem[]) => void; previewMapType?: "roadmap" | ... 2 more ... | undefined; previewCenter?: [...] | undefined; resetPreviewKey?: number | undefined; }'.
client/src/components/admin/HermesInfrastructureSettingsCard.tsx(88,22): error TS7006: Parameter 'e' implicitly has an 'any' type.
client/src/components/admin/HermesInfrastructureSettingsCard.tsx(291,31): error TS7006: Parameter 'checked' implicitly has an 'any' type.
client/src/components/admin/HermesInfrastructureSettingsCard.tsx(324,31): error TS7006: Parameter 'checked' implicitly has an 'any' type.
client/src/components/admin/HermesInfrastructureSettingsCard.tsx(348,31): error TS7006: Parameter 'checked' implicitly has an 'any' type.
client/src/components/admin/HermesInfrastructureSettingsCard.tsx(372,31): error TS7006: Parameter 'checked' implicitly has an 'any' type.
client/src/components/admin/HermesInfrastructureSettingsCard.tsx(396,31): error TS7006: Parameter 'checked' implicitly has an 'any' type.
client/src/components/admin/HermesInfrastructureSettingsCard.tsx(423,31): error TS7006: Parameter 'checked' implicitly has an 'any' type.
client/src/components/admin/InfrastructureSettingsPanel.tsx(841,103): error TS7006: Parameter 'e' implicitly has an 'any' type.
client/src/components/admin/InfrastructureSettingsPanel.tsx(846,115): error TS7006: Parameter 'e' implicitly has an 'any' type.
client/src/components/admin/InfrastructureSettingsPanel.tsx(850,87): error TS7006: Parameter 'e' implicitly has an 'any' type.
client/src/components/admin/InfrastructureSettingsPanel.tsx(854,95): error TS7006: Parameter 'e' implicitly has an 'any' type.
client/src/components/admin/InfrastructureSettingsPanel.tsx(858,81): error TS7006: Parameter 'e' implicitly has an 'any' type.
client/src/components/admin/InfrastructureSettingsPanel.tsx(862,111): error TS7006: Parameter 'e' implicitly has an 'any' type.
client/src/components/admin/InfrastructureSettingsPanel.tsx(866,115): error TS7006: Parameter 'e' implicitly has an 'any' type.
client/src/components/admin/InfrastructureSettingsPanel.tsx(870,160): error TS7006: Parameter 'e' implicitly has an 'any' type.
client/src/components/admin/InfrastructureSettingsPanel.tsx(875,172): error TS7006: Parameter 'e' implicitly has an 'any' type.
client/src/components/admin/InfrastructureSettingsPanel.tsx(880,156): error TS7006: Parameter 'e' implicitly has an 'any' type.
client/src/components/admin/InfrastructureSettingsPanel.tsx(885,89): error TS7006: Parameter 'e' implicitly has an 'any' type.
client/src/components/admin/InfrastructureSettingsPanel.tsx(889,93): error TS7006: Parameter 'e' implicitly has an 'any' type.
client/src/components/admin/InfrastructureSettingsPanel.tsx(893,99): error TS7006: Parameter 'e' implicitly has an 'any' type.
client/src/components/admin/InfrastructureSettingsPanel.tsx(897,93): error TS7006: Parameter 'e' implicitly has an 'any' type.
client/src/components/admin/InfrastructureSettingsPanel.tsx(901,144): error TS7006: Parameter 'e' implicitly has an 'any' type.
client/src/components/admin/InfrastructureSettingsPanel.tsx(906,127): error TS7006: Parameter 'e' implicitly has an 'any' type.
client/src/components/admin/InfrastructureSettingsPanel.tsx(1016,77): error TS7006: Parameter 'checked' implicitly has an 'any' type.
client/src/components/admin/InfrastructureSettingsPanel.tsx(1022,184): error TS7006: Parameter 'e' implicitly has an 'any' type.
client/src/components/admin/InfrastructureSettingsPanel.tsx(1023,168): error TS7006: Parameter 'e' implicitly has an 'any' type.
client/src/components/admin/InfrastructureSettingsPanel.tsx(1024,176): error TS7006: Parameter 'e' implicitly has an 'any' type.
client/src/components/admin/InfrastructureSettingsPanel.tsx(1025,172): error TS7006: Parameter 'e' implicitly has an 'any' type.
client/src/components/admin/InfrastructureSettingsPanel.tsx(1026,165): error TS7006: Parameter 'e' implicitly has an 'any' type.
client/src/components/admin/InfrastructureSettingsPanel.tsx(1027,202): error TS7006: Parameter 'e' implicitly has an 'any' type.
client/src/components/admin/InfrastructureSettingsPanel.tsx(1044,162): error TS7006: Parameter 'e' implicitly has an 'any' type.
client/src/components/admin/InfrastructureSettingsPanel.tsx(1045,184): error TS7006: Parameter 'e' implicitly has an 'any' type.
client/src/components/admin/InfrastructureSettingsPanel.tsx(1046,180): error TS7006: Parameter 'e' implicitly has an 'any' type.
client/src/components/admin/InfrastructureSettingsPanel.tsx(1047,184): error TS7006: Parameter 'e' implicitly has an 'any' type.
client/src/components/admin/InfrastructureSettingsPanel.tsx(1049,184): error TS7006: Parameter 'e' implicitly has an 'any' type.
client/src/components/admin/InfrastructureSettingsPanel.tsx(1050,217): error TS7006: Parameter 'checked' implicitly has an 'any' type.
client/src/components/admin/InfrastructureSettingsPanel.tsx(1132,31): error TS7006: Parameter 'checked' implicitly has an 'any' type.
client/src/components/admin/InfrastructureSettingsPanel.tsx(1392,39): error TS7006: Parameter 'checked' implicitly has an 'any' type.
client/src/components/admin/InfrastructureSettingsPanel.tsx(1879,28): error TS7006: Parameter 'e' implicitly has an 'any' type.
client/src/components/admin/InfrastructureSettingsPanel.tsx(1895,28): error TS7006: Parameter 'e' implicitly has an 'any' type.
client/src/components/admin/InfrastructureSettingsPanel.tsx(1905,35): error TS7006: Parameter 'val' implicitly has an 'any' type.
client/src/components/admin/InfrastructureSettingsPanel.tsx(1927,30): error TS7006: Parameter 'e' implicitly has an 'any' type.
client/src/components/admin/InfrastructureSettingsPanel.tsx(1953,28): error TS7006: Parameter 'e' implicitly has an 'any' type.
client/src/components/admin/InfrastructureSettingsPanel.tsx(1969,28): error TS7006: Parameter 'e' implicitly has an 'any' type.
client/src/components/admin/InfrastructureSettingsPanel.tsx(1984,28): error TS7006: Parameter 'e' implicitly has an 'any' type.
client/src/components/admin/InfrastructureSettingsPanel.tsx(2008,30): error TS7006: Parameter 'e' implicitly has an 'any' type.
client/src/components/admin/InfrastructureSettingsPanel.tsx(2027,30): error TS7006: Parameter 'e' implicitly has an 'any' type.
client/src/components/admin/InfrastructureSettingsPanel.tsx(2058,28): error TS7006: Parameter 'e' implicitly has an 'any' type.
client/src/components/admin/InfrastructureSettingsPanel.tsx(2073,28): error TS7006: Parameter 'e' implicitly has an 'any' type.
client/src/components/admin/InfrastructureSettingsPanel.tsx(2091,31): error TS7006: Parameter 'val' implicitly has an 'any' type.
client/src/components/admin/InfrastructureSettingsPanel.tsx(2566,25): error TS7006: Parameter 'e' implicitly has an 'any' type.
client/src/components/admin/InviteCodeManager.tsx(160,28): error TS7006: Parameter 'e' implicitly has an 'any' type.
client/src/components/admin/InviteCodeManager.tsx(170,28): error TS7006: Parameter 'e' implicitly has an 'any' type.
client/src/components/admin/InviteCodeManager.tsx(181,28): error TS7006: Parameter 'e' implicitly has an 'any' type.
client/src/components/admin/InviteCodeManager.tsx(192,28): error TS7006: Parameter 'e' implicitly has an 'any' type.
client/src/components/admin/InviteCodeManager.tsx(200,28): error TS7006: Parameter 'e' implicitly has an 'any' type.
client/src/components/admin/InviteCodeManager.tsx(207,28): error TS7006: Parameter 'e' implicitly has an 'any' type.
client/src/components/admin/KnowledgeVaultReadinessDashboard.tsx(479,34): error TS7006: Parameter 'event' implicitly has an 'any' type.
client/src/components/admin/KnowledgeVaultReadinessDashboard.tsx(492,41): error TS7006: Parameter 'value' implicitly has an 'any' type.
client/src/components/admin/KnowledgeVaultReadinessDashboard.tsx(514,36): error TS7006: Parameter 'event' implicitly has an 'any' type.
client/src/components/admin/KnowledgeVaultReadinessDashboard.tsx(527,36): error TS7006: Parameter 'event' implicitly has an 'any' type.
client/src/components/admin/KnowledgeVaultReadinessDashboard.tsx(785,24): error TS7006: Parameter 'open' implicitly has an 'any' type.
client/src/components/admin/KnowledgeVaultReadinessDashboard.tsx(807,26): error TS7006: Parameter 'event' implicitly has an 'any' type.
client/src/components/admin/MultiProviderAdmin.tsx(317,25): error TS7006: Parameter 'value' implicitly has an 'any' type.
client/src/components/admin/MultiProviderAdmin.tsx(596,26): error TS7006: Parameter 'event' implicitly has an 'any' type.
client/src/components/admin/MultiProviderAdmin.tsx(626,35): error TS7006: Parameter 'checked' implicitly has an 'any' type.
client/src/components/admin/MultiProviderAdmin.tsx(702,24): error TS7006: Parameter 'open' implicitly has an 'any' type.
client/src/components/admin/MultiProviderAdmin.tsx(866,49): error TS7006: Parameter 'value' implicitly has an 'any' type.
client/src/components/admin/MultiProviderAdmin.tsx(908,45): error TS7006: Parameter 'checked' implicitly has an 'any' type.
client/src/components/admin/MultiProviderAdmin.tsx(1090,43): error TS7006: Parameter 'checked' implicitly has an 'any' type.
client/src/components/admin/MultiProviderAdmin.tsx(1132,47): error TS7006: Parameter 'checked' implicitly has an 'any' type.
client/src/components/admin/PublicContactProtectionSettingsPanel.tsx(386,25): error TS7006: Parameter 'event' implicitly has an 'any' type.
client/src/components/admin/PublicContactProtectionSettingsPanel.tsx(403,25): error TS7006: Parameter 'event' implicitly has an 'any' type.
client/src/components/admin/PublicContactProtectionSettingsPanel.tsx(426,36): error TS7006: Parameter 'value' implicitly has an 'any' type.
client/src/components/admin/StorageSettingsPanel.tsx(772,24): error TS7006: Parameter 'open' implicitly has an 'any' type.
client/src/components/admin/StorageSettingsPanel.tsx(818,30): error TS7006: Parameter 'e' implicitly has an 'any' type.
client/src/components/admin/StorageSettingsPanel.tsx(829,30): error TS7006: Parameter 'e' implicitly has an 'any' type.
client/src/components/admin/StorageSettingsPanel.tsx(840,28): error TS7006: Parameter 'e' implicitly has an 'any' type.
client/src/components/admin/StorageSettingsPanel.tsx(874,36): error TS7006: Parameter 'e' implicitly has an 'any' type.
client/src/components/admin/StorageSettingsPanel.tsx(894,38): error TS7006: Parameter 'e' implicitly has an 'any' type.
client/src/components/admin/StorageSettingsPanel.tsx(903,38): error TS7006: Parameter 'e' implicitly has an 'any' type.
client/src/components/admin/StorageSettingsPanel.tsx(919,38): error TS7006: Parameter 'e' implicitly has an 'any' type.
client/src/components/admin/StorageSettingsPanel.tsx(931,38): error TS7006: Parameter 'e' implicitly has an 'any' type.
client/src/components/admin/StorageSettingsPanel.tsx(975,32): error TS7006: Parameter 'e' implicitly has an 'any' type.
client/src/components/admin/StorageSettingsPanel.tsx(991,32): error TS7006: Parameter 'e' implicitly has an 'any' type.
client/src/components/admin/StorageSettingsPanel.tsx(1004,32): error TS7006: Parameter 'e' implicitly has an 'any' type.
client/src/components/admin/StorageSettingsPanel.tsx(1027,39): error TS7006: Parameter 'checked' implicitly has an 'any' type.
client/src/components/admin/StorageSettingsPanel.tsx(1041,41): error TS7006: Parameter 'checked' implicitly has an 'any' type.
client/src/components/admin/StorageSettingsPanel.tsx(1080,58): error TS7006: Parameter 'open' implicitly has an 'any' type.
client/src/components/admin/TelegramConnectionsPanel.tsx(178,57): error TS7006: Parameter 'open' implicitly has an 'any' type.
client/src/components/admin/WorkerJobMonitorCard.tsx(148,32): error TS7006: Parameter 'job' implicitly has an 'any' type.
client/src/components/admin/WorkerJobMonitorCard.tsx(227,167): error TS7006: Parameter 'job' implicitly has an 'any' type.
client/src/components/automation/LiveBrowserWorkspace.tsx(374,64): error TS7006: Parameter 'value' implicitly has an 'any' type.
client/src/components/chat/ChatSidebar.tsx(464,23): error TS7006: Parameter 'e' implicitly has an 'any' type.
client/src/components/chat/ChatSidebar.tsx(508,36): error TS7006: Parameter 'e' implicitly has an 'any' type.
client/src/components/chat/ChatSidebar.tsx(520,41): error TS7006: Parameter 'e' implicitly has an 'any' type.
client/src/components/chat/ChatSidebar.tsx(521,42): error TS7006: Parameter 'e' implicitly has an 'any' type.
client/src/components/chat/ChatSidebar.tsx(526,40): error TS7006: Parameter 'e' implicitly has an 'any' type.
client/src/components/chat/ChatSidebar.tsx(574,40): error TS7006: Parameter 'e' implicitly has an 'any' type.
client/src/components/chat/ChatView.tsx(6875,36): error TS7006: Parameter 'checked' implicitly has an 'any' type.
client/src/components/chat/ChatView.tsx(7131,25): error TS7006: Parameter 'e' implicitly has an 'any' type.
client/src/components/chat/ChatView.tsx(7148,26): error TS7006: Parameter 'e' implicitly has an 'any' type.
client/src/components/chat/HybridOrchestrationCard.tsx(33,49): error TS2339: Property 'hybridOrchestration' does not exist on type 'CreateTRPCReactBase<BuiltRouter<{ ctx: TrpcContext; meta: object; errorShape: { message: string; data: { creditContextCode?: string | undefined; retryAfter?: number | undefined; traceId: string | null; code: "FORBIDDEN" | ... 19 more ... | "CLIENT_CLOSED_REQUEST"; httpStatus: number; path?: string | undefined; stack...'.
client/src/components/chat/JobCard.tsx(32,45): error TS2339: Property 'workflow' does not exist on type 'CreateTRPCReactBase<BuiltRouter<{ ctx: TrpcContext; meta: object; errorShape: { message: string; data: { creditContextCode?: string | undefined; retryAfter?: number | undefined; traceId: string | null; code: "FORBIDDEN" | ... 19 more ... | "CLIENT_CLOSED_REQUEST"; httpStatus: number; path?: string | undefined; stack...'.
client/src/components/chat/JobCard.tsx(215,28): error TS7006: Parameter 'e' implicitly has an 'any' type.
client/src/components/chat/MediaPromptPreview.tsx(82,22): error TS7006: Parameter 'e' implicitly has an 'any' type.
client/src/components/chat/MemoryPanel.tsx(778,37): error TS7006: Parameter 'v' implicitly has an 'any' type.
client/src/components/chat/MemoryPanel.tsx(802,32): error TS7006: Parameter 'e' implicitly has an 'any' type.
client/src/components/chat/MemoryPanel.tsx(812,32): error TS7006: Parameter 'e' implicitly has an 'any' type.
client/src/components/chat/MemoryPanel.tsx(824,38): error TS7031: Binding element 'v' implicitly has an 'any' type.
client/src/components/chat/MemoryPanel.tsx(897,32): error TS7006: Parameter 'e' implicitly has an 'any' type.
client/src/components/chat/MemoryPanel.tsx(980,30): error TS7006: Parameter 'e' implicitly has an 'any' type.
client/src/components/chat/MemoryPanel.tsx(983,31): error TS7006: Parameter 'event' implicitly has an 'any' type.
client/src/components/chat/MemoryPanel.tsx(1413,63): error TS7006: Parameter 'v' implicitly has an 'any' type.
client/src/components/chat/MemoryPanel.tsx(1475,28): error TS7006: Parameter 'e' implicitly has an 'any' type.
client/src/components/chat/MemoryPanel.tsx(1483,28): error TS7006: Parameter 'e' implicitly has an 'any' type.
client/src/components/chat/MemoryPanel.tsx(1494,34): error TS7031: Binding element 'v' implicitly has an 'any' type.
client/src/components/chat/PersonaSelector.tsx(39,23): error TS7006: Parameter 'value' implicitly has an 'any' type.
client/src/components/chat/SaveMemoryDialog.tsx(136,31): error TS7006: Parameter 'v' implicitly has an 'any' type.
client/src/components/chat/SaveMemoryDialog.tsx(159,26): error TS7006: Parameter 'e' implicitly has an 'any' type.
client/src/components/chat/SaveMemoryDialog.tsx(167,26): error TS7006: Parameter 'e' implicitly has an 'any' type.
client/src/components/chat/SaveMemoryDialog.tsx(179,32): error TS7031: Binding element 'v' implicitly has an 'any' type.
client/src/components/chat/ScheduleConfirmCard.tsx(151,26): error TS7006: Parameter 'e' implicitly has an 'any' type.
client/src/components/chat/ScheduleConfirmCard.tsx(161,26): error TS7006: Parameter 'e' implicitly has an 'any' type.
client/src/components/chat/ScheduleConfirmCard.tsx(174,26): error TS7006: Parameter 'e' implicitly has an 'any' type.
client/src/components/chat/ScheduleConfirmCard.tsx(182,35): error TS7006: Parameter 'v' implicitly has an 'any' type.
client/src/components/chat/ScheduleConfirmCard.tsx(189,35): error TS7006: Parameter 'v' implicitly has an 'any' type.
client/src/components/chat/SchedulePanel.tsx(413,26): error TS7006: Parameter 'e' implicitly has an 'any' type.
client/src/components/chat/SchedulePanel.tsx(499,24): error TS7006: Parameter 'e' implicitly has an 'any' type.
client/src/components/chat/SchedulePanel.tsx(557,28): error TS7006: Parameter 'e' implicitly has an 'any' type.
client/src/components/chat/SchedulePanel.tsx(564,28): error TS7006: Parameter 'e' implicitly has an 'any' type.
client/src/components/chat/SchedulePanel.tsx(713,39): error TS7006: Parameter 'e' implicitly has an 'any' type.
client/src/components/chat/SchedulePanel.tsx(726,39): error TS7006: Parameter 'e' implicitly has an 'any' type.
client/src/components/chat/SchedulePanel.tsx(734,39): error TS7006: Parameter 'e' implicitly has an 'any' type.
client/src/components/chat/SchedulePanel.tsx(743,41): error TS7006: Parameter 'e' implicitly has an 'any' type.
client/src/components/chat/SchedulePanel.tsx(754,39): error TS7006: Parameter 'e' implicitly has an 'any' type.
client/src/components/chat/SchedulePanel.tsx(765,41): error TS7006: Parameter 'e' implicitly has an 'any' type.
client/src/components/chat/SchedulePanel.tsx(790,44): error TS7006: Parameter 'e' implicitly has an 'any' type.
client/src/components/chat/SchedulePanel.tsx(799,44): error TS7006: Parameter 'e' implicitly has an 'any' type.
client/src/components/chat/SchedulePanel.tsx(811,46): error TS7006: Parameter 'e' implicitly has an 'any' type.
client/src/components/chat/SchedulePanel.tsx(1216,24): error TS7006: Parameter 'date' implicitly has an 'any' type.
client/src/components/chat/SchedulePanel.tsx(1450,20): error TS7006: Parameter 'e' implicitly has an 'any' type.
client/src/components/chat/SchedulePanel.tsx(1675,26): error TS7006: Parameter 'e' implicitly has an 'any' type.
client/src/components/chat/SchedulePanel.tsx(1846,22): error TS7006: Parameter 'e' implicitly has an 'any' type.
client/src/components/chat/SchedulePanel.tsx(1847,23): error TS7006: Parameter 'e' implicitly has an 'any' type.
client/src/components/chat/Spec224WorkspacePanel.tsx(160,22): error TS2345: Argument of type '{ workspace: Spec224ConversationWorkspace; planId: string; planRevision: number; contextPackHash: string; workPackages: { id: string; externalId: string; readiness: "BLOCKED" | "READY"; blockers: string[]; }[]; ... 5 more ...; impact?: undefined; } | { ...; }' is not assignable to parameter of type 'SetStateAction<{ planId: string; planRevision: number; requirementCount: number; runnableWorkPackageIds: string[]; blockers: string[]; workPackages: { id: string; externalId: string; readiness: "BLOCKED" | "READY"; blockers: string[]; }[]; } | null>'.
  Type '{ workspace: Spec224ConversationWorkspace; planId: string; planRevision: number; contextPackHash: string; workPackages: readonly Readonly<{ id: string; externalId: string; ... 9 more ...; priorEvidenceStatus: "INVALIDATED" | null; }>[]; ... 5 more ...; blockers: string[]; }' is not assignable to type 'SetStateAction<{ planId: string; planRevision: number; requirementCount: number; runnableWorkPackageIds: string[]; blockers: string[]; workPackages: { id: string; externalId: string; readiness: "BLOCKED" | "READY"; blockers: string[]; }[]; } | null>'.
    Type '{ workspace: Spec224ConversationWorkspace; planId: string; planRevision: number; contextPackHash: string; workPackages: readonly Readonly<{ id: string; externalId: string; ... 9 more ...; priorEvidenceStatus: "INVALIDATED" | null; }>[]; ... 5 more ...; blockers: string[]; }' is not assignable to type '{ planId: string; planRevision: number; requirementCount: number; runnableWorkPackageIds: string[]; blockers: string[]; workPackages: { id: string; externalId: string; readiness: "BLOCKED" | "READY"; blockers: string[]; }[]; }'.
      Types of property 'runnableWorkPackageIds' are incompatible.
        The type 'readonly string[]' is 'readonly' and cannot be assigned to the mutable type 'string[]'.
client/src/components/chat/Spec224WorkspacePanel.tsx(236,16): error TS18049: 'workspaceQuery.data' is possibly 'null' or 'undefined'.
client/src/components/chat/Spec224WorkspacePanel.tsx(236,62): error TS18049: 'workspaceQuery.data' is possibly 'null' or 'undefined'.
client/src/components/chat/Spec224WorkspacePanel.tsx(250,79): error TS7006: Parameter 'event' implicitly has an 'any' type.
client/src/components/chat/UniversalControlPlanePanel.tsx(761,21): error TS7006: Parameter 'event' implicitly has an 'any' type.
client/src/components/chat/UniversalControlPlanePanel.tsx(942,31): error TS7006: Parameter 'event' implicitly has an 'any' type.
client/src/components/chat/UniversalControlPlanePanel.tsx(956,31): error TS7006: Parameter 'event' implicitly has an 'any' type.
client/src/components/chat/UniversalControlPlanePanel.tsx(970,31): error TS7006: Parameter 'event' implicitly has an 'any' type.
client/src/components/chat/UniversalControlPlanePanel.tsx(984,31): error TS7006: Parameter 'event' implicitly has an 'any' type.
client/src/components/chat/UniversalControlPlanePanel.tsx(998,31): error TS7006: Parameter 'event' implicitly has an 'any' type.
client/src/components/chat/UniversalControlPlanePanel.tsx(1011,31): error TS7006: Parameter 'event' implicitly has an 'any' type.
client/src/components/chat/UniversalControlPlanePanel.tsx(1027,31): error TS7006: Parameter 'event' implicitly has an 'any' type.
client/src/components/chat/UniversalControlPlanePanel.tsx(1513,41): error TS7006: Parameter 'event' implicitly has an 'any' type.
client/src/components/chat/UniversalControlPlanePanel.tsx(1524,41): error TS7006: Parameter 'event' implicitly has an 'any' type.
client/src/components/chat/artifacts/ArtifactPanel.tsx(273,29): error TS7006: Parameter 'id' implicitly has an 'any' type.
client/src/components/chat/orchestration/OrchestrationConfirmForm.tsx(120,30): error TS7006: Parameter 'e' implicitly has an 'any' type.
client/src/components/chat/settings/SkillSettings.tsx(312,35): error TS7006: Parameter 'value' implicitly has an 'any' type.
client/src/components/chat/settings/SkillSettings.tsx(365,63): error TS7006: Parameter 'v' implicitly has an 'any' type.
client/src/components/chat/settings/SkillSettings.tsx(489,41): error TS7006: Parameter 'enabled' implicitly has an 'any' type.
client/src/components/chat/skill/ScheduleSkillDialog.tsx(125,52): error TS7006: Parameter 'e' implicitly has an 'any' type.
client/src/components/chat/skill/ScheduleSkillDialog.tsx(136,52): error TS7006: Parameter 'e' implicitly has an 'any' type.
client/src/components/chat/skill/ScheduleSkillDialog.tsx(147,44): error TS7006: Parameter 'e' implicitly has an 'any' type.
client/src/components/chat/skill/SkillSelector.tsx(303,26): error TS7006: Parameter 'e' implicitly has an 'any' type.
client/src/components/chat/skill/hooks/useSkillExecution.ts(322,13): error TS2322: Type '"agency" | "chat" | "scheduler" | "team_room" | "team_run" | "public_api" | "workflow_background" | "channel_bridge"' is not assignable to type '"chat" | "scheduler" | "team_room" | "team_run" | "public_api" | "channel_bridge" | undefined'.
  Type '"agency"' is not assignable to type '"chat" | "scheduler" | "team_room" | "team_run" | "public_api" | "channel_bridge" | undefined'.
client/src/components/chat/skill/hooks/useSkillExecution.ts(663,11): error TS2322: Type '"agency" | "chat" | "scheduler" | "team_room" | "team_run" | "public_api" | "workflow_background" | "channel_bridge"' is not assignable to type '"chat" | "scheduler" | "team_room" | "team_run" | "public_api" | "channel_bridge" | undefined'.
  Type '"agency"' is not assignable to type '"chat" | "scheduler" | "team_room" | "team_run" | "public_api" | "channel_bridge" | undefined'.
client/src/components/chat/voice/VoiceAgentPanel.tsx(20,25): error TS7006: Parameter 'value' implicitly has an 'any' type.
client/src/components/editor/ConflictResolutionDialog.tsx(31,27): error TS7006: Parameter 'e' implicitly has an 'any' type.
client/src/components/editor/MediaInsertMenu.tsx(373,26): error TS7006: Parameter 'e' implicitly has an 'any' type.
client/src/components/editor/TiptapEditor.tsx(752,30): error TS7006: Parameter 'event' implicitly has an 'any' type.
client/src/components/emergency/EmergencyCaseReviewQueue.tsx(49,49): error TS2322: Type '{ label: string; minLength: number; maxLength: number; value: string; onChange: (value: string) => void; }' is not assignable to type 'IntrinsicAttributes & TextAreaProps'.
  Property 'minLength' does not exist on type 'IntrinsicAttributes & TextAreaProps'.
client/src/components/emergency/EmergencyContactAttemptPanel.tsx(40,50): error TS2322: Type '{ label: string; minLength: number; maxLength: number; isRequired: true; value: string; onChange: Dispatch<SetStateAction<string>>; }' is not assignable to type 'IntrinsicAttributes & TextAreaProps'.
  Property 'minLength' does not exist on type 'IntrinsicAttributes & TextAreaProps'.
client/src/components/emergency/EmergencyPublicMap.tsx(209,9): error TS2322: Type 'boolean' is not assignable to type 'false | AttributionControlOptions | undefined'.
client/src/components/emergency/EmergencyPublicMap.tsx(225,59): error TS2339: Property 'sessionExpiresAt' does not exist on type 'PublicMapRenderer'.
  Property 'sessionExpiresAt' does not exist on type '{ kind: "maplibre-style"; providerId: string; styleUrl: string; }'.
client/src/components/emergency/EmergencyPublicMap.tsx(232,74): error TS2339: Property 'sessionToken' does not exist on type 'PublicMapRenderer'.
  Property 'sessionToken' does not exist on type '{ kind: "maplibre-style"; providerId: string; styleUrl: string; }'.
client/src/components/emergency/EmergencyPublicMap.tsx(277,41): error TS2339: Property 'sessionToken' does not exist on type 'PublicMapRenderer'.
  Property 'sessionToken' does not exist on type '{ kind: "maplibre-style"; providerId: string; styleUrl: string; }'.
client/src/components/emergency/EmergencyPublicMap.tsx(324,71): error TS2339: Property 'sessionToken' does not exist on type 'PublicMapRenderer'.
  Property 'sessionToken' does not exist on type '{ kind: "maplibre-style"; providerId: string; styleUrl: string; }'.
client/src/components/finance/FinanceAccessGate.tsx(115,24): error TS7006: Parameter 'event' implicitly has an 'any' type.
client/src/components/finance/FinanceCounterpartyAutocomplete.tsx(108,20): error TS7006: Parameter 'event' implicitly has an 'any' type.
client/src/components/finance/FinanceCounterpartyAutocomplete.tsx(123,21): error TS7006: Parameter 'event' implicitly has an 'any' type.
client/src/components/finance/FinanceHub.tsx(3350,32): error TS7006: Parameter 'event' implicitly has an 'any' type.
client/src/components/finance/FinanceHub.tsx(3357,34): error TS7006: Parameter 'event' implicitly has an 'any' type.
client/src/components/finance/FinanceHub.tsx(3442,39): error TS7006: Parameter 'value' implicitly has an 'any' type.
client/src/components/finance/FinanceHub.tsx(3470,36): error TS7006: Parameter 'event' implicitly has an 'any' type.
client/src/components/finance/FinanceHub.tsx(3482,36): error TS7006: Parameter 'event' implicitly has an 'any' type.
client/src/components/finance/FinanceHub.tsx(4499,38): error TS7006: Parameter 'event' implicitly has an 'any' type.
client/src/components/finance/FinanceHub.tsx(4505,43): error TS7006: Parameter 'value' implicitly has an 'any' type.
client/src/components/finance/FinanceHub.tsx(4518,43): error TS7006: Parameter 'value' implicitly has an 'any' type.
client/src/components/finance/FinanceHub.tsx(4540,38): error TS7006: Parameter 'event' implicitly has an 'any' type.
client/src/components/finance/FinanceHub.tsx(4546,38): error TS7006: Parameter 'event' implicitly has an 'any' type.
client/src/components/finance/FinanceHub.tsx(4554,38): error TS7006: Parameter 'event' implicitly has an 'any' type.
client/src/components/finance/FinanceHub.tsx(4560,38): error TS7006: Parameter 'event' implicitly has an 'any' type.
client/src/components/finance/FinanceHub.tsx(4619,38): error TS7006: Parameter 'event' implicitly has an 'any' type.
client/src/components/finance/FinanceHub.tsx(4836,46): error TS7006: Parameter 'event' implicitly has an 'any' type.
client/src/components/finance/FinanceHub.tsx(4865,46): error TS7006: Parameter 'event' implicitly has an 'any' type.
client/src/components/finance/FinanceHub.tsx(4890,46): error TS7006: Parameter 'event' implicitly has an 'any' type.
client/src/components/finance/FinanceHub.tsx(5417,36): error TS7006: Parameter 'event' implicitly has an 'any' type.
client/src/components/finance/FinanceHub.tsx(5523,32): error TS7006: Parameter 'open' implicitly has an 'any' type.
client/src/components/finance/FinanceHub.tsx(5559,34): error TS7006: Parameter 'event' implicitly has an 'any' type.
client/src/components/groups/AddMemberDialog.tsx(112,26): error TS7006: Parameter 'e' implicitly has an 'any' type.
client/src/components/groups/CreateGroupDialog.tsx(169,26): error TS7006: Parameter 'e' implicitly has an 'any' type.
client/src/components/groups/CreateGroupDialog.tsx(190,26): error TS7006: Parameter 'e' implicitly has an 'any' type.
client/src/components/groups/CreateGroupDialog.tsx(213,31): error TS7006: Parameter 'v' implicitly has an 'any' type.
client/src/components/groups/CreateGroupDialog.tsx(232,33): error TS7006: Parameter 'v' implicitly has an 'any' type.
client/src/components/guardian/FeedbackButton.tsx(672,21): error TS7006: Parameter 'nextOpen' implicitly has an 'any' type.
client/src/components/guardian/FeedbackButton.tsx(869,28): error TS7006: Parameter 'e' implicitly has an 'any' type.
client/src/components/guardian/FeedbackButton.tsx(876,28): error TS7006: Parameter 'e' implicitly has an 'any' type.
client/src/components/guardian/GuardianChat.tsx(91,22): error TS7006: Parameter 'e' implicitly has an 'any' type.
client/src/components/guardian/GuardianChat.tsx(92,23): error TS7006: Parameter 'e' implicitly has an 'any' type.
client/src/components/help/HelpPanel.tsx(87,22): error TS7006: Parameter 'e' implicitly has an 'any' type.
client/src/components/help/HelpPanel.tsx(195,32): error TS7006: Parameter 'e' implicitly has an 'any' type.
client/src/components/help/HelpPanel.tsx(201,32): error TS7006: Parameter 'e' implicitly has an 'any' type.
client/src/components/library/CSVViewer.tsx(133,26): error TS7006: Parameter 'e' implicitly has an 'any' type.
client/src/components/library/ContextPackManager.tsx(230,26): error TS7006: Parameter 'event' implicitly has an 'any' type.
client/src/components/library/CreateFolderDialog.tsx(70,26): error TS7006: Parameter 'e' implicitly has an 'any' type.
client/src/components/library/DocumentGridList.tsx(305,32): error TS7006: Parameter 'e' implicitly has an 'any' type.
client/src/components/library/DocumentGridList.tsx(399,38): error TS7006: Parameter 'event' implicitly has an 'any' type.
client/src/components/library/DocumentGridList.tsx(417,38): error TS7006: Parameter 'event' implicitly has an 'any' type.
client/src/components/library/DocumentPreviewPanel.tsx(315,30): error TS7006: Parameter 'event' implicitly has an 'any' type.
client/src/components/library/DocumentPreviewPanel.tsx(318,37): error TS7006: Parameter 'event' implicitly has an 'any' type.
client/src/components/library/DocumentPreviewPanel.tsx(886,24): error TS7006: Parameter 'open' implicitly has an 'any' type.
client/src/components/library/DocumentPreviewPanel.tsx(946,32): error TS7006: Parameter 'e' implicitly has an 'any' type.
client/src/components/library/DocumentPreviewPanel.tsx(960,31): error TS7006: Parameter 'e' implicitly has an 'any' type.
client/src/components/library/DocumentVersionHistory.tsx(300,53): error TS7006: Parameter 'e' implicitly has an 'any' type.
client/src/components/library/GoogleDriveBrowser.tsx(355,22): error TS7006: Parameter 'event' implicitly has an 'any' type.
client/src/components/library/KnowledgeCanvasPanel.tsx(502,34): error TS7006: Parameter 'event' implicitly has an 'any' type.
client/src/components/library/KnowledgeCanvasPanel.tsx(508,39): error TS7006: Parameter 'value' implicitly has an 'any' type.
client/src/components/library/KnowledgeCanvasPanel.tsx(524,32): error TS7006: Parameter 'event' implicitly has an 'any' type.
client/src/components/library/KnowledgeNoteHoverPreview.tsx(299,26): error TS7006: Parameter 'event' implicitly has an 'any' type.
client/src/components/library/KnowledgeQuickSwitcherDialog.tsx(381,31): error TS7006: Parameter 'event' implicitly has an 'any' type.
client/src/components/library/MarkdownFileEditor.tsx(434,62): error TS7006: Parameter 'open' implicitly has an 'any' type.
client/src/components/library/MarkdownFileEditor.tsx(445,34): error TS7006: Parameter 'event' implicitly has an 'any' type.
client/src/components/library/MarkdownFileEditor.tsx(490,62): error TS7006: Parameter 'open' implicitly has an 'any' type.
client/src/components/library/MarkdownFileEditor.tsx(501,34): error TS7006: Parameter 'event' implicitly has an 'any' type.
client/src/components/library/MarkdownFileEditor.tsx(537,62): error TS7006: Parameter 'open' implicitly has an 'any' type.
client/src/components/library/MarkdownFileEditor.tsx(548,34): error TS7006: Parameter 'event' implicitly has an 'any' type.
client/src/components/library/MarkdownFileEditor.tsx(698,58): error TS7006: Parameter 'open' implicitly has an 'any' type.
client/src/components/library/MarkdownFileEditor.tsx(709,30): error TS7006: Parameter 'event' implicitly has an 'any' type.
client/src/components/library/MarkdownFileEditor.tsx(754,58): error TS7006: Parameter 'open' implicitly has an 'any' type.
client/src/components/library/MarkdownFileEditor.tsx(765,30): error TS7006: Parameter 'event' implicitly has an 'any' type.
client/src/components/library/MarkdownFileEditor.tsx(801,58): error TS7006: Parameter 'open' implicitly has an 'any' type.
client/src/components/library/MarkdownFileEditor.tsx(812,30): error TS7006: Parameter 'event' implicitly has an 'any' type.
client/src/components/library/OneDriveBrowser.tsx(353,22): error TS7006: Parameter 'event' implicitly has an 'any' type.
client/src/components/library/PropertyCatalogPanel.tsx(37,26): error TS7006: Parameter 'event' implicitly has an 'any' type.
client/src/components/library/PublishContextPackDialog.tsx(84,28): error TS7006: Parameter 'event' implicitly has an 'any' type.
client/src/components/library/PublishContextPackDialog.tsx(110,33): error TS7006: Parameter 'value' implicitly has an 'any' type.
client/src/components/library/SavedViewsPanel.tsx(171,26): error TS7006: Parameter 'event' implicitly has an 'any' type.
client/src/components/library/SavedViewsPanel.tsx(248,32): error TS7006: Parameter 'event' implicitly has an 'any' type.
client/src/components/library/SavedViewsPanel.tsx(265,32): error TS7006: Parameter 'event' implicitly has an 'any' type.
client/src/components/library/ShareDialog.tsx(260,42): error TS7006: Parameter 'open' implicitly has an 'any' type.
client/src/components/library/ShareDialog.tsx(342,28): error TS7006: Parameter 'e' implicitly has an 'any' type.
client/src/components/library/ShareDialog.tsx(451,33): error TS7006: Parameter 'v' implicitly has an 'any' type.
client/src/components/library/ShareDialog.tsx(516,41): error TS7006: Parameter 'v' implicitly has an 'any' type.
client/src/components/library/ShareLibraryDialog.tsx(123,31): error TS7006: Parameter 'v' implicitly has an 'any' type.
client/src/components/library/TrashPanel.tsx(269,24): error TS7006: Parameter 'open' implicitly has an 'any' type.
client/src/components/marketplaceCapture/AutoReviewPlanReviewPanel.tsx(1079,25): error TS7006: Parameter 'event' implicitly has an 'any' type.
client/src/components/marketplaceCapture/AutoReviewPlanReviewPanel.tsx(1653,25): error TS7006: Parameter 'event' implicitly has an 'any' type.
client/src/components/marketplaceCapture/HyperframesOperatorDiagnosticsPanel.tsx(293,23): error TS7006: Parameter 'event' implicitly has an 'any' type.
client/src/components/marketplaceCapture/HyperframesOperatorDiagnosticsPanel.tsx(304,23): error TS7006: Parameter 'event' implicitly has an 'any' type.
client/src/components/marketplaceCapture/HyperframesOperatorDiagnosticsPanel.tsx(313,23): error TS7006: Parameter 'event' implicitly has an 'any' type.
client/src/components/marketplaceCapture/HyperframesOperatorDiagnosticsPanel.tsx(327,23): error TS7006: Parameter 'event' implicitly has an 'any' type.
client/src/components/marketplaceCapture/HyperframesOperatorDiagnosticsPanel.tsx(338,23): error TS7006: Parameter 'event' implicitly has an 'any' type.
client/src/components/marketplaceCapture/SequentialEvidenceReviewPanel.tsx(287,23): error TS7006: Parameter 'event' implicitly has an 'any' type.
client/src/components/marketplaceCapture/SequentialEvidenceReviewPanel.tsx(304,23): error TS7006: Parameter 'event' implicitly has an 'any' type.
client/src/components/marketplaceCapture/SequentialEvidenceReviewPanel.tsx(321,23): error TS7006: Parameter 'event' implicitly has an 'any' type.
client/src/components/marketplaceCapture/SequentialShotEditorCard.tsx(304,23): error TS7006: Parameter 'event' implicitly has an 'any' type.
client/src/components/marketplaceCapture/SequentialShotEditorCard.tsx(405,21): error TS7006: Parameter 'event' implicitly has an 'any' type.
client/src/components/marketplaceCapture/SequentialShotEditorCard.tsx(451,21): error TS7006: Parameter 'event' implicitly has an 'any' type.
client/src/components/marketplaceCapture/SequentialShotEditorCard.tsx(509,21): error TS7006: Parameter 'event' implicitly has an 'any' type.
client/src/components/marketplaceCapture/SequentialShotEditorCard.tsx(560,21): error TS7006: Parameter 'event' implicitly has an 'any' type.
client/src/components/marketplaceCapture/SequentialShotEditorCard.tsx(620,31): error TS7006: Parameter 'event' implicitly has an 'any' type.
client/src/components/marketplaceCapture/SequentialShotEditorCard.tsx(636,31): error TS7006: Parameter 'event' implicitly has an 'any' type.
client/src/components/marketplaceCapture/SequentialShotEditorCard.tsx(652,31): error TS7006: Parameter 'event' implicitly has an 'any' type.
client/src/components/marketplaceCapture/StagedCheckpointReviewPanel.tsx(3930,21): error TS7006: Parameter 'open' implicitly has an 'any' type.
client/src/components/media/ContentComposerPanel.tsx(257,32): error TS2345: Argument of type '{ id: string | null; topic: string | null; executionSource: string; skillId: string | null; requiresWebSearch: boolean; requiresThinking: boolean; articleBody: string | null; attachmentIds: number[]; ... 6 more ...; socialCaption: string | null; }' is not assignable to parameter of type '{ id?: string | null | undefined; skillId?: string | null | undefined; topic?: string | null | undefined; executionSource?: "skill" | null | undefined; articleBody?: string | null | undefined; ... 9 more ...; socialCaption?: string | ... 1 more ... | undefined; }'.
  Types of property 'executionSource' are incompatible.
    Type 'string' is not assignable to type '"skill"'.
client/src/components/media/ContentComposerPanel.tsx(589,9): error TS2345: Argument of type '{ id: string | null; topic: string | null; executionSource: string; skillId: string | null; requiresWebSearch: boolean; requiresThinking: boolean; articleBody: string | null; attachmentIds: number[]; ... 6 more ...; socialCaption: string | null; }' is not assignable to parameter of type '{ id?: string | null | undefined; skillId?: string | null | undefined; topic?: string | null | undefined; executionSource?: "skill" | null | undefined; articleBody?: string | null | undefined; ... 9 more ...; socialCaption?: string | ... 1 more ... | undefined; }'.
  Types of property 'executionSource' are incompatible.
    Type 'string' is not assignable to type '"skill"'.
client/src/components/media/ContentComposerPanel.tsx(627,25): error TS7006: Parameter 'event' implicitly has an 'any' type.
client/src/components/media/ContentComposerPanel.tsx(674,38): error TS7006: Parameter 'event' implicitly has an 'any' type.
client/src/components/media/ContentComposerPanel.tsx(720,31): error TS7006: Parameter 'event' implicitly has an 'any' type.
client/src/components/media/ContentComposerPanel.tsx(800,29): error TS7006: Parameter 'event' implicitly has an 'any' type.
client/src/components/media/ContentComposerPanel.tsx(839,32): error TS7006: Parameter 'value' implicitly has an 'any' type.
client/src/components/media/ContentComposerPanel.tsx(862,32): error TS7006: Parameter 'value' implicitly has an 'any' type.
client/src/components/media/ContentComposerPanel.tsx(905,31): error TS7006: Parameter 'event' implicitly has an 'any' type.
client/src/components/media/ContentComposerPanel.tsx(915,31): error TS7006: Parameter 'event' implicitly has an 'any' type.
client/src/components/media/ContentComposerPanel.tsx(1291,33): error TS7006: Parameter 'event' implicitly has an 'any' type.
client/src/components/media/ContentComposerPanel.tsx(1324,46): error TS2345: Argument of type '{ id: string | null; topic: string | null; executionSource: string; skillId: string | null; requiresWebSearch: boolean; requiresThinking: boolean; articleBody: string | null; attachmentIds: number[]; ... 6 more ...; socialCaption: string | null; }' is not assignable to parameter of type '{ id?: string | null | undefined; skillId?: string | null | undefined; topic?: string | null | undefined; executionSource?: "skill" | null | undefined; articleBody?: string | null | undefined; ... 9 more ...; socialCaption?: string | ... 1 more ... | undefined; }'.
  Types of property 'executionSource' are incompatible.
    Type 'string' is not assignable to type '"skill"'.
client/src/components/media/DynamicSkillForm.tsx(410,35): error TS7006: Parameter 'selected' implicitly has an 'any' type.
client/src/components/media/DynamicSkillForm.tsx(678,27): error TS7006: Parameter 'e' implicitly has an 'any' type.
client/src/components/media/DynamicSkillForm.tsx(727,25): error TS7006: Parameter 'e' implicitly has an 'any' type.
client/src/components/media/DynamicSkillForm.tsx(768,30): error TS7006: Parameter 'v' implicitly has an 'any' type.
client/src/components/media/DynamicSkillForm.tsx(869,25): error TS7006: Parameter 'e' implicitly has an 'any' type.
client/src/components/media/DynamicSkillForm.tsx(907,32): error TS7031: Binding element 'v' implicitly has an 'any' type.
client/src/components/media/DynamicSkillForm.tsx(931,32): error TS7006: Parameter 'checked' implicitly has an 'any' type.
client/src/components/media/DynamicSkillForm.tsx(1115,41): error TS7006: Parameter 'e' implicitly has an 'any' type.
client/src/components/media/DynamicSkillForm.tsx(1126,41): error TS7006: Parameter 'e' implicitly has an 'any' type.
client/src/components/media/ImageSourcePicker.tsx(1030,34): error TS7006: Parameter 'e' implicitly has an 'any' type.
client/src/components/media/ImageSourcePicker.tsx(1108,34): error TS7006: Parameter 'e' implicitly has an 'any' type.
client/src/components/media/ImageSourcePicker.tsx(1185,34): error TS7006: Parameter 'e' implicitly has an 'any' type.
client/src/components/media/ImageSourcePicker.tsx(1187,35): error TS7006: Parameter 'e' implicitly has an 'any' type.
client/src/components/media/LibrarySearchPanel.tsx(222,20): error TS7006: Parameter 'event' implicitly has an 'any' type.
client/src/components/media/ModelInputArrayFieldEditor.tsx(231,26): error TS7006: Parameter 'event' implicitly has an 'any' type.
client/src/components/media/ModelInputArrayFieldEditor.tsx(285,31): error TS7006: Parameter 'checkedState' implicitly has an 'any' type.
client/src/components/media/ModelInputArrayFieldEditor.tsx(303,24): error TS7006: Parameter 'event' implicitly has an 'any' type.
client/src/components/media/ModelInputArrayFieldEditor.tsx(352,24): error TS7006: Parameter 'event' implicitly has an 'any' type.
client/src/components/media/ModelInputArrayFieldEditor.tsx(355,23): error TS7006: Parameter 'line' implicitly has an 'any' type.
client/src/components/media/ModelInputArrayFieldEditor.tsx(388,22): error TS7006: Parameter 'event' implicitly has an 'any' type.
client/src/components/media/ModelInputFieldsPanel.tsx(394,34): error TS7006: Parameter 'open' implicitly has an 'any' type.
client/src/components/media/ModelInputFieldsPanel.tsx(490,51): error TS7006: Parameter 'event' implicitly has an 'any' type.
client/src/components/media/ModelInputFieldsPanel.tsx(494,47): error TS7006: Parameter 'event' implicitly has an 'any' type.
client/src/components/media/ModelInputFieldsPanel.tsx(546,30): error TS7006: Parameter 'event' implicitly has an 'any' type.
client/src/components/media/ModelInputFieldsPanel.tsx(584,30): error TS7006: Parameter 'event' implicitly has an 'any' type.
client/src/components/media/ModelInputFieldsPanel.tsx(637,35): error TS7006: Parameter 'checkedState' implicitly has an 'any' type.
client/src/components/media/ModelInputFieldsPanel.tsx(656,28): error TS7006: Parameter 'event' implicitly has an 'any' type.
client/src/components/media/ModelInputFieldsPanel.tsx(748,26): error TS7006: Parameter 'event' implicitly has an 'any' type.
client/src/components/media/ModelSelectorDialog.tsx(177,26): error TS7006: Parameter 'e' implicitly has an 'any' type.
client/src/components/media/OmniVoiceCloneDialog.tsx(74,34): error TS7006: Parameter 'event' implicitly has an 'any' type.
client/src/components/media/OmniVoiceCloneDialog.tsx(138,26): error TS7006: Parameter 'event' implicitly has an 'any' type.
client/src/components/media/OmniVoiceCloneDialog.tsx(149,26): error TS7006: Parameter 'event' implicitly has an 'any' type.
client/src/components/media/SkillSelectorDialog.tsx(126,24): error TS7006: Parameter 'e' implicitly has an 'any' type.
client/src/components/media/StoryboardBatchReviewDialog.tsx(1594,30): error TS7006: Parameter 'event' implicitly has an 'any' type.
client/src/components/media/StoryboardBatchReviewDialog.tsx(1881,28): error TS7006: Parameter 'event' implicitly has an 'any' type.
client/src/components/media/StoryboardBatchReviewDialog.tsx(1895,28): error TS7006: Parameter 'event' implicitly has an 'any' type.
client/src/components/media/StoryboardBatchReviewDialog.tsx(1959,28): error TS7006: Parameter 'event' implicitly has an 'any' type.
client/src/components/media/StoryboardBatchReviewDialog.tsx(1970,37): error TS7006: Parameter 'checked' implicitly has an 'any' type.
client/src/components/media/StoryboardBatchReviewDialog.tsx(2030,39): error TS7006: Parameter 'checked' implicitly has an 'any' type.
client/src/components/media/StoryboardBatchReviewDialog.tsx(3407,40): error TS7006: Parameter 'event' implicitly has an 'any' type.
client/src/components/media/StoryboardBatchReviewDialog.tsx(3655,45): error TS7006: Parameter 'event' implicitly has an 'any' type.
client/src/components/media/StoryboardBatchReviewDialog.tsx(3656,44): error TS7006: Parameter 'event' implicitly has an 'any' type.
client/src/components/media/StoryboardBatchReviewDialog.tsx(3657,45): error TS7006: Parameter 'event' implicitly has an 'any' type.
client/src/components/media/StoryboardBatchReviewDialog.tsx(3661,40): error TS7006: Parameter 'event' implicitly has an 'any' type.
client/src/components/media/StoryboardBatchReviewDialog.tsx(3939,69): error TS7006: Parameter 'open' implicitly has an 'any' type.
client/src/components/media/composer/SkillSelector.tsx(59,28): error TS7006: Parameter 'value' implicitly has an 'any' type.
client/src/components/orchestrator/AutoTeamLedgerPanel.tsx(1007,40): error TS7006: Parameter 'event' implicitly has an 'any' type.
client/src/components/orchestrator/AutoTeamLedgerPanel.tsx(1029,38): error TS7006: Parameter 'event' implicitly has an 'any' type.
client/src/components/orchestrator/AutoTeamLedgerPanel.tsx(1415,40): error TS7006: Parameter 'event' implicitly has an 'any' type.
client/src/components/orchestrator/AutoTeamLedgerPanel.tsx(1437,38): error TS7006: Parameter 'event' implicitly has an 'any' type.
client/src/components/orchestrator/AutoTeamLedgerPanel.tsx(1564,42): error TS7006: Parameter 'event' implicitly has an 'any' type.
client/src/components/orchestrator/AutoTeamLedgerPanel.tsx(1591,42): error TS7006: Parameter 'event' implicitly has an 'any' type.
client/src/components/orchestrator/TeamRoomView.tsx(2605,25): error TS7006: Parameter 'event' implicitly has an 'any' type.
client/src/components/presentation/AIDraftModal.tsx(1831,30): error TS7006: Parameter 'e' implicitly has an 'any' type.
client/src/components/presentation/AIDraftModal.tsx(1899,26): error TS7006: Parameter 'e' implicitly has an 'any' type.
client/src/components/presentation/AIDraftModal.tsx(1901,27): error TS7006: Parameter 'e' implicitly has an 'any' type.
client/src/components/presentation/AIDraftModal.tsx(2091,27): error TS7006: Parameter 'v' implicitly has an 'any' type.
client/src/components/presentation/AIDraftModal.tsx(2099,50): error TS7006: Parameter 'value' implicitly has an 'any' type.
client/src/components/presentation/AIDraftModal.tsx(2532,34): error TS7006: Parameter 'e' implicitly has an 'any' type.
client/src/components/presentation/AIDraftModal.tsx(2572,32): error TS7006: Parameter 'e' implicitly has an 'any' type.
client/src/components/presentation/AIDraftModal.tsx(2616,39): error TS7006: Parameter 'value' implicitly has an 'any' type.
client/src/components/presentation/AIDraftModal.tsx(2855,42): error TS7006: Parameter 'open' implicitly has an 'any' type.
client/src/components/presentation/ExportDialog.tsx(320,31): error TS7006: Parameter 'v' implicitly has an 'any' type.
client/src/components/presentation/ExportDialog.tsx(352,33): error TS7006: Parameter 'v' implicitly has an 'any' type.
client/src/components/presentation/ExportDialog.tsx(574,16): error TS7006: Parameter 'e' implicitly has an 'any' type.
client/src/components/presentation/ImportPresentationDialog.tsx(233,29): error TS7006: Parameter 'v' implicitly has an 'any' type.
client/src/components/presentation/ImportPresentationDialog.tsx(293,32): error TS7006: Parameter 'e' implicitly has an 'any' type.
client/src/components/presentation/PresentationArticleGeneratorDialog.tsx(7040,24): error TS7006: Parameter 'event' implicitly has an 'any' type.
client/src/components/presentation/PresentationArticleGeneratorDialog.tsx(7055,42): error TS7006: Parameter 'nextOpen' implicitly has an 'any' type.
client/src/components/presentation/PresentationArticleGeneratorDialog.tsx(7118,34): error TS7006: Parameter 'event' implicitly has an 'any' type.
client/src/components/presentation/PresentationArticleGeneratorDialog.tsx(7146,36): error TS7006: Parameter 'event' implicitly has an 'any' type.
client/src/components/presentation/PresentationArticleGeneratorDialog.tsx(7461,45): error TS7006: Parameter 'event' implicitly has an 'any' type.
client/src/components/presentation/PresentationArticleGeneratorDialog.tsx(7470,47): error TS7006: Parameter 'event' implicitly has an 'any' type.
client/src/components/presentation/PresentationArticleGeneratorDialog.tsx(7536,52): error TS7006: Parameter 'event' implicitly has an 'any' type.
client/src/components/presentation/PresentationArticleGeneratorDialog.tsx(7576,52): error TS7006: Parameter 'event' implicitly has an 'any' type.
client/src/components/presentation/PresentationArticleGeneratorDialog.tsx(7722,36): error TS7006: Parameter 'event' implicitly has an 'any' type.
client/src/components/presentation/PresentationArticleGeneratorDialog.tsx(7887,47): error TS7006: Parameter 'value' implicitly has an 'any' type.
client/src/components/presentation/PresentationArticleGeneratorDialog.tsx(7904,47): error TS7006: Parameter 'value' implicitly has an 'any' type.
client/src/components/presentation/PresentationArticleGeneratorDialog.tsx(7921,47): error TS7006: Parameter 'value' implicitly has an 'any' type.
client/src/components/presentation/PresentationArticleGeneratorDialog.tsx(7942,47): error TS7006: Parameter 'value' implicitly has an 'any' type.
client/src/components/presentation/PresentationArticleGeneratorDialog.tsx(7964,42): error TS7006: Parameter 'event' implicitly has an 'any' type.
client/src/components/presentation/PresentationArticleGeneratorDialog.tsx(7972,40): error TS7006: Parameter 'event' implicitly has an 'any' type.
client/src/components/presentation/PresentationArticleGeneratorDialog.tsx(7983,42): error TS7006: Parameter 'event' implicitly has an 'any' type.
client/src/components/presentation/PresentationArticleGeneratorDialog.tsx(7992,42): error TS7006: Parameter 'event' implicitly has an 'any' type.
client/src/components/presentation/PresentationArticleGeneratorDialog.tsx(8001,42): error TS7006: Parameter 'event' implicitly has an 'any' type.
client/src/components/presentation/PresentationArticleGeneratorDialog.tsx(8070,55): error TS7006: Parameter 'value' implicitly has an 'any' type.
client/src/components/presentation/PresentationArticleGeneratorDialog.tsx(8094,50): error TS7006: Parameter 'event' implicitly has an 'any' type.
client/src/components/presentation/PresentationArticleGeneratorDialog.tsx(8108,50): error TS7006: Parameter 'event' implicitly has an 'any' type.
client/src/components/presentation/PresentationArticleGeneratorDialog.tsx(8121,50): error TS7006: Parameter 'event' implicitly has an 'any' type.
client/src/components/presentation/PresentationArticleGeneratorDialog.tsx(8140,50): error TS7006: Parameter 'event' implicitly has an 'any' type.
client/src/components/presentation/PresentationArticleGeneratorDialog.tsx(8191,43): error TS7006: Parameter 'value' implicitly has an 'any' type.
client/src/components/presentation/PresentationArticleGeneratorDialog.tsx(8323,37): error TS7006: Parameter 'node' implicitly has an 'any' type.
client/src/components/presentation/PresentationArticleGeneratorDialog.tsx(8398,37): error TS7006: Parameter 'node' implicitly has an 'any' type.
client/src/components/presentation/PresentationArticleGeneratorDialog.tsx(8429,37): error TS7006: Parameter 'node' implicitly has an 'any' type.
client/src/components/presentation/PresentationArticleGeneratorDialog.tsx(8454,37): error TS7006: Parameter 'node' implicitly has an 'any' type.
client/src/components/presentation/PresentationArticleGeneratorDialog.tsx(8505,37): error TS7006: Parameter 'node' implicitly has an 'any' type.
client/src/components/presentation/PresentationArticleGeneratorDialog.tsx(8536,37): error TS7006: Parameter 'node' implicitly has an 'any' type.
client/src/components/presentation/PresentationArticleGeneratorDialog.tsx(8568,39): error TS7006: Parameter 'node' implicitly has an 'any' type.
client/src/components/presentation/PresentationArticleGeneratorDialog.tsx(8620,37): error TS7006: Parameter 'node' implicitly has an 'any' type.
client/src/components/presentation/PresentationArticleGeneratorDialog.tsx(8647,37): error TS7006: Parameter 'node' implicitly has an 'any' type.
client/src/components/presentation/PresentationArticleGeneratorDialog.tsx(8792,36): error TS7006: Parameter 'event' implicitly has an 'any' type.
client/src/components/presentation/PresentationArticleGeneratorDialog.tsx(9637,48): error TS7006: Parameter 'event' implicitly has an 'any' type.
client/src/components/presentation/PresentationArticleGeneratorDialog.tsx(10053,40): error TS7006: Parameter 'event' implicitly has an 'any' type.
client/src/components/presentation/PresentationArticleGeneratorDialog.tsx(10061,45): error TS7006: Parameter 'value' implicitly has an 'any' type.
client/src/components/presentation/PresentationArticleGeneratorDialog.tsx(10352,36): error TS7006: Parameter 'event' implicitly has an 'any' type.
client/src/components/presentation/PresentationArticleGeneratorDialog.tsx(10523,64): error TS7006: Parameter 'nextOpen' implicitly has an 'any' type.
client/src/components/presentation/PresentationArticleGeneratorDialog.tsx(10564,60): error TS7006: Parameter 'nextOpen' implicitly has an 'any' type.
client/src/components/presentation/PresentationArticleGeneratorDialog.tsx(10606,24): error TS7006: Parameter 'nextOpen' implicitly has an 'any' type.
client/src/components/presentation/PresentationArticleGeneratorDialog.tsx(10634,24): error TS7006: Parameter 'nextOpen' implicitly has an 'any' type.
client/src/components/presentation/SlideAudioPanel.tsx(338,25): error TS7006: Parameter 'values' implicitly has an 'any' type.
client/src/components/presentation/SlideAudioPanel.tsx(359,24): error TS7006: Parameter 'event' implicitly has an 'any' type.
client/src/components/presentation/SlideAudioPanel.tsx(376,24): error TS7006: Parameter 'event' implicitly has an 'any' type.
client/src/components/presentation/SlideAudioPanel.tsx(693,40): error TS7006: Parameter 'o' implicitly has an 'any' type.
client/src/components/presentation/SlideAudioPanel.tsx(712,24): error TS7006: Parameter 'e' implicitly has an 'any' type.
client/src/components/presentation/SlideAudioPanel.tsx(1609,34): error TS7031: Binding element 'v' implicitly has an 'any' type.
client/src/components/presentation/SlideAudioPanel.tsx(1753,34): error TS7031: Binding element 'v' implicitly has an 'any' type.
client/src/components/presentation/SlideAudioPanel.tsx(1795,28): error TS7006: Parameter 'e' implicitly has an 'any' type.
client/src/components/publicUi/publicHomeTheme.ts(9,5): error TS2353: Object literal may only specify known properties, and '"--public-layout-wide"' does not exist in type 'Partial<Record<TokenName, TokenValue>>'.
client/src/components/settings/BudgetPanel.tsx(85,28): error TS7006: Parameter 'e' implicitly has an 'any' type.
client/src/components/settings/BudgetPanel.tsx(96,28): error TS7006: Parameter 'e' implicitly has an 'any' type.
client/src/components/settings/BudgetPanel.tsx(191,26): error TS7006: Parameter 'e' implicitly has an 'any' type.
client/src/components/settings/BudgetPanel.tsx(202,26): error TS7006: Parameter 'e' implicitly has an 'any' type.
client/src/components/settings/ConnectedDevicesPanel.tsx(1260,56): error TS7006: Parameter 'value' implicitly has an 'any' type.
client/src/components/settings/GoogleDrivePanel.tsx(309,24): error TS7006: Parameter 'e' implicitly has an 'any' type.
client/src/components/settings/NotificationPreferencesPanel.tsx(403,37): error TS7006: Parameter 'v' implicitly has an 'any' type.
client/src/components/settings/NotificationPreferencesPanel.tsx(414,37): error TS7006: Parameter 'v' implicitly has an 'any' type.
client/src/components/settings/NotificationPreferencesPanel.tsx(425,37): error TS7006: Parameter 'v' implicitly has an 'any' type.
client/src/components/settings/NotificationPreferencesPanel.tsx(438,35): error TS7006: Parameter 'v' implicitly has an 'any' type.
client/src/components/settings/OneDrivePanel.tsx(394,24): error TS7006: Parameter 'e' implicitly has an 'any' type.
client/src/components/settings/PersonaEditorFields.tsx(228,28): error TS7006: Parameter 'event' implicitly has an 'any' type.
client/src/components/settings/PersonaEditorFields.tsx(348,24): error TS7006: Parameter 'event' implicitly has an 'any' type.
client/src/components/settings/PersonaEditorFields.tsx(360,24): error TS7006: Parameter 'event' implicitly has an 'any' type.
client/src/components/settings/PersonaEditorFields.tsx(372,24): error TS7006: Parameter 'event' implicitly has an 'any' type.
client/src/components/settings/PersonaEditorFields.tsx(384,29): error TS7006: Parameter 'value' implicitly has an 'any' type.
client/src/components/settings/PersonaEditorFields.tsx(415,51): error TS7006: Parameter 'value' implicitly has an 'any' type.
client/src/components/settings/PersonaEditorFields.tsx(503,28): error TS7006: Parameter 'event' implicitly has an 'any' type.
client/src/components/settings/PersonaEditorFields.tsx(555,36): error TS7006: Parameter 'event' implicitly has an 'any' type.
client/src/components/settings/PersonaEditorFields.tsx(579,36): error TS7006: Parameter 'event' implicitly has an 'any' type.
client/src/components/settings/PersonaEditorFields.tsx(641,28): error TS7006: Parameter 'event' implicitly has an 'any' type.
client/src/components/settings/PersonaEditorFields.tsx(660,28): error TS7006: Parameter 'event' implicitly has an 'any' type.
client/src/components/settings/PersonaEditorFields.tsx(677,30): error TS7006: Parameter 'event' implicitly has an 'any' type.
client/src/components/settings/PersonaEditorFields.tsx(679,31): error TS7006: Parameter 'event' implicitly has an 'any' type.
client/src/components/settings/TenantAutomationPolicyPanel.tsx(267,58): error TS7006: Parameter 'value' implicitly has an 'any' type.
client/src/components/settings/TenantAutomationPolicyPanel.tsx(288,30): error TS7006: Parameter 'e' implicitly has an 'any' type.
client/src/components/settings/TenantAutomationPolicyPanel.tsx(297,30): error TS7006: Parameter 'e' implicitly has an 'any' type.
client/src/components/settings/TenantAutomationPolicyPanel.tsx(306,30): error TS7006: Parameter 'e' implicitly has an 'any' type.
client/src/components/settings/TenantAutomationPolicyPanel.tsx(324,30): error TS7006: Parameter 'e' implicitly has an 'any' type.
client/src/components/settings/TenantAutomationPolicyPanel.tsx(326,31): error TS7006: Parameter 'e' implicitly has an 'any' type.
client/src/components/settings/TenantAutomationPolicyPanel.tsx(356,26): error TS7006: Parameter 'e' implicitly has an 'any' type.
client/src/components/settings/TenantAutomationPolicyPanel.tsx(366,28): error TS7006: Parameter 'e' implicitly has an 'any' type.
client/src/components/settings/UploadPostGatewayPanel.tsx(252,30): error TS7006: Parameter 'e' implicitly has an 'any' type.
client/src/components/settings/UploadPostGatewayPanel.tsx(260,37): error TS7006: Parameter 'checked' implicitly has an 'any' type.
client/src/components/settings/UploadPostGatewayPanel.tsx(289,37): error TS7006: Parameter 'checked' implicitly has an 'any' type.
client/src/components/settings/UploadPostGatewayPanel.tsx(301,32): error TS7006: Parameter 'e' implicitly has an 'any' type.
client/src/components/settings/UploadPostGatewayPanel.tsx(311,32): error TS7006: Parameter 'e' implicitly has an 'any' type.
client/src/components/settings/UploadPostGatewayPanel.tsx(321,32): error TS7006: Parameter 'e' implicitly has an 'any' type.
client/src/components/settings/UploadPostGatewayPanel.tsx(351,58): error TS7006: Parameter 'e' implicitly has an 'any' type.
client/src/components/settings/UploadPostGatewayPanel.tsx(355,55): error TS7006: Parameter 'e' implicitly has an 'any' type.
client/src/components/settings/UserAPIKeysPanel.tsx(626,28): error TS7006: Parameter 'e' implicitly has an 'any' type.
client/src/components/settings/UserAPIKeysPanel.tsx(680,108): error TS7006: Parameter 'e' implicitly has an 'any' type.
client/src/components/settings/UserAPIKeysPanel.tsx(684,114): error TS7006: Parameter 'e' implicitly has an 'any' type.
client/src/components/settings/UserAPIKeysPanel.tsx(688,116): error TS7006: Parameter 'e' implicitly has an 'any' type.
client/src/components/settings/UserAPIKeysPanel.tsx(696,86): error TS7006: Parameter 'e' implicitly has an 'any' type.
client/src/components/settings/UserAPIKeysPanel.tsx(700,91): error TS7006: Parameter 'e' implicitly has an 'any' type.
client/src/components/settings/UserAPIKeysPanel.tsx(704,87): error TS7006: Parameter 'e' implicitly has an 'any' type.
client/src/components/settings/UserAPIKeysPanel.tsx(720,81): error TS7006: Parameter 'e' implicitly has an 'any' type.
client/src/components/settings/UserAPIKeysPanel.tsx(771,57): error TS7006: Parameter 'open' implicitly has an 'any' type.
client/src/components/settings/UserAPIKeysPanel.tsx(865,65): error TS7006: Parameter 'open' implicitly has an 'any' type.
client/src/components/settings/UserAPIKeysPanel.tsx(902,32): error TS7006: Parameter 'e' implicitly has an 'any' type.
client/src/components/settings/UserAPIKeysPanel.tsx(910,32): error TS7006: Parameter 'e' implicitly has an 'any' type.
client/src/components/settings/UserAPIKeysPanel.tsx(924,36): error TS7006: Parameter 'e' implicitly has an 'any' type.
client/src/components/settings/UserAPIKeysPanel.tsx(945,38): error TS7006: Parameter 'e' implicitly has an 'any' type.
client/src/components/settings/UserAutomationPreferencesPanel.tsx(199,57): error TS7006: Parameter 'value' implicitly has an 'any' type.
client/src/components/settings/UserAutomationPreferencesPanel.tsx(222,30): error TS7006: Parameter 'e' implicitly has an 'any' type.
client/src/components/settings/UserAutomationPreferencesPanel.tsx(235,30): error TS7006: Parameter 'e' implicitly has an 'any' type.
client/src/components/settings/UserLlmKeysPanel.tsx(165,42): error TS7006: Parameter 'e' implicitly has an 'any' type.
client/src/components/settings/UserLlmKeysPanel.tsx(167,43): error TS7006: Parameter 'e' implicitly has an 'any' type.
client/src/components/settings/UserLlmKeysPanel.tsx(243,58): error TS7006: Parameter 'open' implicitly has an 'any' type.
client/src/components/settings/WebhookManagement.tsx(292,34): error TS7006: Parameter 'open' implicitly has an 'any' type.
client/src/components/settings/WebhookManagement.tsx(384,22): error TS7006: Parameter 'e' implicitly has an 'any' type.
client/src/components/settings/WebhookManagement.tsx(393,22): error TS7006: Parameter 'e' implicitly has an 'any' type.
client/src/components/settings/WebhookManagement.tsx(403,24): error TS7006: Parameter 'e' implicitly has an 'any' type.
client/src/components/settings/WebhookManagement.tsx(424,27): error TS7006: Parameter 'v' implicitly has an 'any' type.
client/src/components/settings/WorkerAccessKeysPanel.tsx(57,7): error TS2741: Property 'local_llm_worker' is missing in type '{ openclaw_gateway: string; desktop_zeroclaw_managed: string; nemoclaw_sandbox: string; hiclaw_cluster: string; hermes_agent_gateway: string; remotion_executor: string; }' but required in type 'Record<"openclaw_gateway" | "desktop_zeroclaw_managed" | "nemoclaw_sandbox" | "hiclaw_cluster" | "hermes_agent_gateway" | "remotion_executor" | "local_llm_worker", string>'.
client/src/components/settings/WorkerAccessKeysPanel.tsx(950,29): error TS7006: Parameter 'event' implicitly has an 'any' type.
client/src/components/settings/WorkerAccessKeysPanel.tsx(1115,29): error TS7006: Parameter 'event' implicitly has an 'any' type.
client/src/components/settings/WorkerAccessKeysPanel.tsx(1131,31): error TS7006: Parameter 'event' implicitly has an 'any' type.
client/src/components/settings/WorkerAccessKeysPanel.tsx(1138,31): error TS7006: Parameter 'event' implicitly has an 'any' type.
client/src/components/settings/WorkerAccessKeysPanel.tsx(1145,31): error TS7006: Parameter 'event' implicitly has an 'any' type.
client/src/components/settings/WorkerAccessKeysPanel.tsx(1152,31): error TS7006: Parameter 'event' implicitly has an 'any' type.
client/src/components/settings/WorkerLocalAiPanel.tsx(18,8): error TS2741: Property 'eyebrow' is missing in type '{ title: string; description: string; }' but required in type 'DashboardSectionHeaderProps'.
client/src/components/skills/SkillStudioDialog.tsx(289,52): error TS7006: Parameter 'value' implicitly has an 'any' type.
client/src/components/skills/SkillStudioDialog.tsx(305,35): error TS7006: Parameter 'value' implicitly has an 'any' type.
client/src/components/skills/SkillStudioDialog.tsx(328,30): error TS7006: Parameter 'event' implicitly has an 'any' type.
client/src/components/skills/SkillStudioDialog.tsx(338,63): error TS7006: Parameter 'value' implicitly has an 'any' type.
client/src/components/skills/SkillStudioDialog.tsx(352,60): error TS7006: Parameter 'value' implicitly has an 'any' type.
client/src/components/skills/SkillStudioDialog.tsx(366,67): error TS7006: Parameter 'value' implicitly has an 'any' type.
client/src/components/skills/SkillStudioDialog.tsx(390,30): error TS7006: Parameter 'event' implicitly has an 'any' type.
client/src/components/skills/SkillStudioDialog.tsx(411,69): error TS7006: Parameter 'value' implicitly has an 'any' type.
client/src/components/skills/SkillStudioDialog.tsx(436,26): error TS7006: Parameter 'event' implicitly has an 'any' type.
client/src/components/skills/SkillStudioDialog.tsx(447,26): error TS7006: Parameter 'event' implicitly has an 'any' type.
client/src/components/skills/SkillStudioDialog.tsx(458,28): error TS7006: Parameter 'event' implicitly has an 'any' type.
client/src/components/skills/SkillStudioDialog.tsx(469,28): error TS7006: Parameter 'event' implicitly has an 'any' type.
client/src/components/skills/SkillStudioDialog.tsx(482,33): error TS7006: Parameter 'value' implicitly has an 'any' type.
client/src/components/skills/SkillStudioDialog.tsx(504,28): error TS7006: Parameter 'event' implicitly has an 'any' type.
client/src/components/skills/SkillStudioDialog.tsx(549,59): error TS7006: Parameter 'value' implicitly has an 'any' type.
client/src/components/skills/SkillStudioDialog.tsx(590,32): error TS7006: Parameter 'event' implicitly has an 'any' type.
client/src/components/skills/SkillStudioDialog.tsx(599,32): error TS7006: Parameter 'event' implicitly has an 'any' type.
client/src/components/skills/SkillStudioDialog.tsx(609,34): error TS7006: Parameter 'event' implicitly has an 'any' type.
client/src/components/social/ReplyComposer.tsx(102,22): error TS7006: Parameter 'event' implicitly has an 'any' type.
client/src/components/social/ReplyComposer.tsx(107,23): error TS7006: Parameter 'event' implicitly has an 'any' type.
client/src/components/ui/confirm/ConfirmProvider.tsx(191,28): error TS7006: Parameter 'event' implicitly has an 'any' type.
client/src/components/ui/confirm/ConfirmProvider.tsx(192,29): error TS7006: Parameter 'event' implicitly has an 'any' type.
client/src/components/verticalDramaSeries/CreateSeriesWizard.tsx(3889,27): error TS7006: Parameter 'event' implicitly has an 'any' type.
client/src/components/verticalDramaSeries/CreateSeriesWizard.tsx(4761,38): error TS7006: Parameter 'v' implicitly has an 'any' type.
client/src/components/verticalDramaSeries/CreateSeriesWizard.tsx(4802,35): error TS7006: Parameter 'e' implicitly has an 'any' type.
client/src/components/verticalDramaSeries/CreateSeriesWizard.tsx(4853,32): error TS7006: Parameter 'value' implicitly has an 'any' type.
client/src/components/verticalDramaSeries/CreateSeriesWizard.tsx(4948,34): error TS7006: Parameter 'value' implicitly has an 'any' type.
client/src/components/verticalDramaSeries/CreateSeriesWizard.tsx(5039,27): error TS7006: Parameter 'e' implicitly has an 'any' type.
client/src/components/verticalDramaSeries/CreateSeriesWizard.tsx(5048,25): error TS7006: Parameter 'e' implicitly has an 'any' type.
client/src/components/verticalDramaSeries/CreateSeriesWizard.tsx(5268,31): error TS7006: Parameter 'e' implicitly has an 'any' type.
client/src/components/verticalDramaSeries/CreateSeriesWizard.tsx(5295,31): error TS7006: Parameter 'e' implicitly has an 'any' type.
client/src/components/verticalDramaSeries/CreateSeriesWizard.tsx(5323,36): error TS7006: Parameter 'v' implicitly has an 'any' type.
client/src/components/verticalDramaSeries/CreateSeriesWizard.tsx(5350,36): error TS7006: Parameter 'v' implicitly has an 'any' type.
client/src/components/verticalDramaSeries/CreateSeriesWizard.tsx(5382,38): error TS7006: Parameter 'value' implicitly has an 'any' type.
client/src/components/verticalDramaSeries/CreateSeriesWizard.tsx(5457,33): error TS7006: Parameter 'e' implicitly has an 'any' type.
client/src/components/verticalDramaSeries/CreateSeriesWizard.tsx(5514,33): error TS7006: Parameter 'e' implicitly has an 'any' type.
client/src/components/verticalDramaSeries/CreateSeriesWizard.tsx(5789,27): error TS7006: Parameter 'e' implicitly has an 'any' type.
client/src/components/verticalDramaSeries/CreateSeriesWizard.tsx(5801,25): error TS7006: Parameter 'e' implicitly has an 'any' type.
client/src/components/verticalDramaSeries/CreateSeriesWizard.tsx(5808,25): error TS7006: Parameter 'e' implicitly has an 'any' type.
client/src/components/verticalDramaSeries/CreateSeriesWizard.tsx(5821,27): error TS7006: Parameter 'e' implicitly has an 'any' type.
client/src/components/verticalDramaSeries/CreateSeriesWizard.tsx(5830,27): error TS7006: Parameter 'e' implicitly has an 'any' type.
client/src/components/verticalDramaSeries/CreateSeriesWizard.tsx(5908,27): error TS7006: Parameter 'e' implicitly has an 'any' type.
client/src/components/verticalDramaSeries/CreateSeriesWizard.tsx(5958,42): error TS7006: Parameter 'v' implicitly has an 'any' type.
client/src/components/verticalDramaSeries/CreateSeriesWizard.tsx(5997,39): error TS7006: Parameter 'e' implicitly has an 'any' type.
client/src/components/verticalDramaSeries/CreateSeriesWizard.tsx(6014,37): error TS7006: Parameter 'e' implicitly has an 'any' type.
client/src/components/verticalDramaSeries/CreateSeriesWizard.tsx(6145,25): error TS7006: Parameter 'e' implicitly has an 'any' type.
client/src/components/verticalDramaSeries/CreateSeriesWizard.tsx(6173,25): error TS7006: Parameter 'e' implicitly has an 'any' type.
client/src/components/verticalDramaSeries/CreateSeriesWizard.tsx(6206,23): error TS7006: Parameter 'e' implicitly has an 'any' type.
client/src/components/verticalDramaSeries/CreateSeriesWizard.tsx(6299,35): error TS7006: Parameter 'e' implicitly has an 'any' type.
client/src/components/verticalDramaSeries/CreateSeriesWizard.tsx(6379,31): error TS7006: Parameter 'e' implicitly has an 'any' type.
client/src/components/verticalDramaSeries/CreateSeriesWizard.tsx(6391,31): error TS7006: Parameter 'e' implicitly has an 'any' type.
client/src/components/verticalDramaSeries/CreateSeriesWizard.tsx(6416,29): error TS7006: Parameter 'e' implicitly has an 'any' type.
client/src/components/verticalDramaSeries/CreateSeriesWizard.tsx(6452,29): error TS7006: Parameter 'e' implicitly has an 'any' type.
client/src/components/verticalDramaSeries/CreateSeriesWizard.tsx(6848,23): error TS7006: Parameter 'e' implicitly has an 'any' type.
client/src/components/verticalDramaSeries/CreateSeriesWizard.tsx(6915,23): error TS7006: Parameter 'e' implicitly has an 'any' type.
client/src/components/verticalDramaSeries/CreateSeriesWizard.tsx(6985,23): error TS7006: Parameter 'e' implicitly has an 'any' type.
client/src/components/verticalDramaSeries/CreateSeriesWizard.tsx(6996,28): error TS7006: Parameter 'value' implicitly has an 'any' type.
client/src/components/verticalDramaSeries/CreateSeriesWizard.tsx(7049,38): error TS7031: Binding element 'value' implicitly has an 'any' type.
client/src/components/verticalDramaSeries/ImagePromptAiEditDialog.tsx(190,25): error TS7006: Parameter 'e' implicitly has an 'any' type.
client/src/components/verticalDramaSeries/ImagePromptAiEditDialog.tsx(240,38): error TS7006: Parameter 'checked' implicitly has an 'any' type.
client/src/components/verticalDramaSeries/ShotGridCutter.tsx(314,32): error TS7006: Parameter 'value' implicitly has an 'any' type.
client/src/components/verticalDramaSeries/ShotGridCutter.tsx(375,27): error TS7006: Parameter 'event' implicitly has an 'any' type.
client/src/components/verticalDramaSeries/ShotGridCutter.tsx(392,27): error TS7006: Parameter 'event' implicitly has an 'any' type.
client/src/components/verticalDramaSeries/SpecialTieInEpisodeDialog.tsx(2304,21): error TS7006: Parameter 'value' implicitly has an 'any' type.
client/src/components/verticalDramaSeries/SpecialTieInEpisodeDialog.tsx(2455,35): error TS7006: Parameter 'event' implicitly has an 'any' type.
client/src/components/verticalDramaSeries/SpecialTieInEpisodeDialog.tsx(2470,35): error TS7006: Parameter 'event' implicitly has an 'any' type.
client/src/components/verticalDramaSeries/SpecialTieInEpisodeDialog.tsx(2584,29): error TS7006: Parameter 'event' implicitly has an 'any' type.
client/src/components/verticalDramaSeries/SpecialTieInEpisodeDialog.tsx(2599,29): error TS7006: Parameter 'event' implicitly has an 'any' type.
client/src/components/verticalDramaSeries/SpecialTieInEpisodeDialog.tsx(2613,29): error TS7006: Parameter 'event' implicitly has an 'any' type.
client/src/components/verticalDramaSeries/SpecialTieInEpisodeDialog.tsx(2779,27): error TS7006: Parameter 'event' implicitly has an 'any' type.
client/src/components/verticalDramaSeries/SpecialTieInEpisodeDialog.tsx(2856,39): error TS7006: Parameter 'event' implicitly has an 'any' type.
client/src/components/verticalDramaSeries/SpecialTieInEpisodeDialog.tsx(2895,32): error TS7006: Parameter 'value' implicitly has an 'any' type.
client/src/components/verticalDramaSeries/SpecialTieInEpisodeDialog.tsx(3351,34): error TS7006: Parameter 'value' implicitly has an 'any' type.
client/src/components/verticalDramaSeries/SpecialTieInEpisodeDialog.tsx(3494,34): error TS7006: Parameter 'event' implicitly has an 'any' type.
client/src/components/verticalDramaSeries/SpecialTieInEpisodeDialog.tsx(3582,34): error TS7006: Parameter 'value' implicitly has an 'any' type.
client/src/components/verticalDramaSeries/SpecialTieInEpisodeDialog.tsx(3600,34): error TS7006: Parameter 'value' implicitly has an 'any' type.
client/src/components/verticalDramaSeries/SpecialTieInEpisodeDialog.tsx(3650,46): error TS7006: Parameter 'checked' implicitly has an 'any' type.
client/src/components/verticalDramaSeries/SpecialTieInEpisodeDialog.tsx(3668,31): error TS7006: Parameter 'event' implicitly has an 'any' type.
client/src/components/verticalDramaSeries/SpecialTieInEpisodeDialog.tsx(3794,36): error TS7006: Parameter 'value' implicitly has an 'any' type.
client/src/components/verticalDramaSeries/SpecialTieInEpisodeDialog.tsx(3805,36): error TS7006: Parameter 'value' implicitly has an 'any' type.
client/src/components/verticalDramaSeries/SpecialTieInEpisodeDialog.tsx(3814,36): error TS7006: Parameter 'value' implicitly has an 'any' type.
client/src/components/verticalDramaSeries/SpecialTieInEpisodeDialog.tsx(3871,31): error TS7006: Parameter 'event' implicitly has an 'any' type.
client/src/components/verticalDramaSeries/SpecialTieInEpisodeDialog.tsx(4174,25): error TS7006: Parameter 'value' implicitly has an 'any' type.
client/src/components/verticalDramaSeries/StorySourcesHub.tsx(918,29): error TS7006: Parameter 'event' implicitly has an 'any' type.
client/src/components/verticalDramaSeries/StorySourcesHub.tsx(1235,21): error TS7006: Parameter 'event' implicitly has an 'any' type.
client/src/components/verticalDramaSeries/StorySourcesHub.tsx(1244,21): error TS7006: Parameter 'event' implicitly has an 'any' type.
client/src/components/verticalDramaSeries/StorySourcesHub.tsx(1294,21): error TS7006: Parameter 'event' implicitly has an 'any' type.
client/src/components/verticalDramaSeries/StorySourcesHub.tsx(1435,23): error TS7006: Parameter 'open' implicitly has an 'any' type.
client/src/components/verticalDramaSeries/VerticalDramaAdBannerStudio.tsx(277,23): error TS7006: Parameter 'e' implicitly has an 'any' type.
client/src/components/verticalDramaSeries/VerticalDramaAdBannerStudio.tsx(613,28): error TS7006: Parameter 'v' implicitly has an 'any' type.
client/src/components/verticalDramaSeries/VerticalDramaAdBannerStudio.tsx(658,28): error TS7006: Parameter 'v' implicitly has an 'any' type.
client/src/components/verticalDramaSeries/VerticalDramaAdBannerStudio.tsx(686,32): error TS7006: Parameter 'v' implicitly has an 'any' type.
client/src/components/verticalDramaSeries/VerticalDramaAdBannerStudio.tsx(718,23): error TS7006: Parameter 'e' implicitly has an 'any' type.
client/src/components/verticalDramaSeries/VerticalDramaAdBannerStudio.tsx(725,23): error TS7006: Parameter 'e' implicitly has an 'any' type.
client/src/components/verticalDramaSeries/VerticalDramaAdBannerStudio.tsx(732,25): error TS7006: Parameter 'e' implicitly has an 'any' type.
client/src/components/verticalDramaSeries/VerticalDramaAdBannerStudio.tsx(738,25): error TS7006: Parameter 'e' implicitly has an 'any' type.
client/src/components/verticalDramaSeries/VerticalDramaAdBannerStudio.tsx(751,28): error TS7006: Parameter 'v' implicitly has an 'any' type.
client/src/components/verticalDramaSeries/VerticalDramaAdBannerStudio.tsx(781,29): error TS7006: Parameter 'e' implicitly has an 'any' type.
client/src/components/verticalDramaSeries/VerticalDramaAdBannerStudio.tsx(793,29): error TS7006: Parameter 'e' implicitly has an 'any' type.
client/src/components/verticalDramaSeries/VerticalDramaAdBannerStudio.tsx(1040,23): error TS2352: Conversion of type '{ resolutionOptions: ModelResolutionOption[] | undefined; maxReferenceImages?: number | undefined; supportsStartFrame?: boolean | undefined; nativeAudioDialogue?: boolean | undefined; supportsNativeAudio?: boolean | undefined; verticalDramaReady?: boolean | undefined; configJson: Record<...> | null; provider?: strin...' to type 'AdBannerImageModel[]' may be a mistake because neither type sufficiently overlaps with the other. If this was intentional, convert the expression to 'unknown' first.
  Type '{ resolutionOptions: ModelResolutionOption[] | undefined; maxReferenceImages?: number | undefined; supportsStartFrame?: boolean | undefined; nativeAudioDialogue?: boolean | undefined; supportsNativeAudio?: boolean | undefined; verticalDramaReady?: boolean | undefined; configJson: Record<...> | null; provider?: strin...' is missing the following properties from type 'AdBannerImageModel': modelId, name
client/src/components/verticalDramaSeries/VerticalDramaCharacterReferencePanel.tsx(688,26): error TS7006: Parameter 'v' implicitly has an 'any' type.
client/src/components/verticalDramaSeries/VerticalDramaCharacterReferencePanel.tsx(1010,38): error TS7006: Parameter 'event' implicitly has an 'any' type.
client/src/components/verticalDramaSeries/VerticalDramaCharacterStockPanel.tsx(2897,23): error TS2352: Conversion of type '{ resolutionOptions: ModelResolutionOption[] | undefined; maxReferenceImages?: number | undefined; supportsStartFrame?: boolean | undefined; nativeAudioDialogue?: boolean | undefined; supportsNativeAudio?: boolean | undefined; verticalDramaReady?: boolean | undefined; configJson: Record<...> | null; provider?: strin...' to type 'MediaModel[]' may be a mistake because neither type sufficiently overlaps with the other. If this was intentional, convert the expression to 'unknown' first.
  Type '{ resolutionOptions: ModelResolutionOption[] | undefined; maxReferenceImages?: number | undefined; supportsStartFrame?: boolean | undefined; nativeAudioDialogue?: boolean | undefined; supportsNativeAudio?: boolean | undefined; verticalDramaReady?: boolean | undefined; configJson: Record<...> | null; provider?: strin...' is missing the following properties from type 'MediaModel': modelId, name
client/src/components/verticalDramaSeries/VerticalDramaCharacterStockPanel.tsx(6614,52): error TS7006: Parameter 'event' implicitly has an 'any' type.
client/src/components/verticalDramaSeries/VerticalDramaCharacterStockPanel.tsx(6642,52): error TS7006: Parameter 'event' implicitly has an 'any' type.
client/src/components/verticalDramaSeries/VerticalDramaCharacterStockPanel.tsx(6683,50): error TS7006: Parameter 'event' implicitly has an 'any' type.
client/src/components/verticalDramaSeries/VerticalDramaCharacterStockPanel.tsx(6875,42): error TS7006: Parameter 'event' implicitly has an 'any' type.
client/src/components/verticalDramaSeries/VerticalDramaCharacterStockPanel.tsx(7229,58): error TS7006: Parameter 'event' implicitly has an 'any' type.
client/src/components/verticalDramaSeries/VerticalDramaCharacterStockPanel.tsx(7257,58): error TS7006: Parameter 'event' implicitly has an 'any' type.
client/src/components/verticalDramaSeries/VerticalDramaCharacterStockPanel.tsx(7299,56): error TS7006: Parameter 'event' implicitly has an 'any' type.
client/src/components/verticalDramaSeries/VerticalDramaCharacterStockPanel.tsx(7393,56): error TS7006: Parameter 'event' implicitly has an 'any' type.
client/src/components/verticalDramaSeries/VerticalDramaCharacterStockPanel.tsx(7452,56): error TS7006: Parameter 'event' implicitly has an 'any' type.
client/src/components/verticalDramaSeries/VerticalDramaCharacterStockPanel.tsx(7543,56): error TS7006: Parameter 'event' implicitly has an 'any' type.
client/src/components/verticalDramaSeries/VerticalDramaCharacterStockPanel.tsx(7662,56): error TS7006: Parameter 'event' implicitly has an 'any' type.
client/src/components/verticalDramaSeries/VerticalDramaCharacterStockPanel.tsx(7696,44): error TS7006: Parameter 'event' implicitly has an 'any' type.
client/src/components/verticalDramaSeries/VerticalDramaCharacterStockPanel.tsx(7997,43): error TS7006: Parameter 'e' implicitly has an 'any' type.
client/src/components/verticalDramaSeries/VerticalDramaCharacterStockPanel.tsx(8521,43): error TS7006: Parameter 'event' implicitly has an 'any' type.
client/src/components/verticalDramaSeries/VerticalDramaCharacterStockPanel.tsx(8564,49): error TS7006: Parameter 'event' implicitly has an 'any' type.
client/src/components/verticalDramaSeries/VerticalDramaCharacterStockPanel.tsx(8671,40): error TS7006: Parameter 'value' implicitly has an 'any' type.
client/src/components/verticalDramaSeries/VerticalDramaCharacterStockPanel.tsx(8779,54): error TS7006: Parameter 'value' implicitly has an 'any' type.
client/src/components/verticalDramaSeries/VerticalDramaCharacterStockPanel.tsx(8807,49): error TS7006: Parameter 'event' implicitly has an 'any' type.
client/src/components/verticalDramaSeries/VerticalDramaCharacterStockPanel.tsx(8828,45): error TS7006: Parameter 'event' implicitly has an 'any' type.
client/src/components/verticalDramaSeries/VerticalDramaCharacterStockPanel.tsx(8844,45): error TS7006: Parameter 'event' implicitly has an 'any' type.
client/src/components/verticalDramaSeries/VerticalDramaCharacterStockPanel.tsx(8865,44): error TS7006: Parameter 'value' implicitly has an 'any' type.
client/src/components/verticalDramaSeries/VerticalDramaCharacterStockPanel.tsx(8921,44): error TS7006: Parameter 'value' implicitly has an 'any' type.
client/src/components/verticalDramaSeries/VerticalDramaCharacterStockPanel.tsx(8978,39): error TS7006: Parameter 'e' implicitly has an 'any' type.
client/src/components/verticalDramaSeries/VerticalDramaCharacterStockPanel.tsx(9313,52): error TS7006: Parameter 'value' implicitly has an 'any' type.
client/src/components/verticalDramaSeries/VerticalDramaCharacterStockPanel.tsx(9371,41): error TS7006: Parameter 'e' implicitly has an 'any' type.
client/src/components/verticalDramaSeries/VerticalDramaCharacterStockPanel.tsx(9583,48): error TS7006: Parameter 'value' implicitly has an 'any' type.
client/src/components/verticalDramaSeries/VerticalDramaCharacterStockPanel.tsx(9684,46): error TS7006: Parameter 'value' implicitly has an 'any' type.
client/src/components/verticalDramaSeries/VerticalDramaCharacterStockPanel.tsx(11086,48): error TS7006: Parameter 'value' implicitly has an 'any' type.
client/src/components/verticalDramaSeries/VerticalDramaCharacterStockPanel.tsx(11114,48): error TS7006: Parameter 'value' implicitly has an 'any' type.
client/src/components/verticalDramaSeries/VerticalDramaCharacterStockPanel.tsx(11146,48): error TS7006: Parameter 'value' implicitly has an 'any' type.
client/src/components/verticalDramaSeries/VerticalDramaCharacterStockPanel.tsx(11174,48): error TS7006: Parameter 'value' implicitly has an 'any' type.
client/src/components/verticalDramaSeries/VerticalDramaCharacterStockPanel.tsx(11210,41): error TS7006: Parameter 'e' implicitly has an 'any' type.
client/src/components/verticalDramaSeries/VerticalDramaCharacterStockPanel.tsx(11234,41): error TS7006: Parameter 'e' implicitly has an 'any' type.
client/src/components/verticalDramaSeries/VerticalDramaCharacterStockPanel.tsx(11255,43): error TS7006: Parameter 'e' implicitly has an 'any' type.
client/src/components/verticalDramaSeries/VerticalDramaCharacterStockPanel.tsx(11274,43): error TS7006: Parameter 'e' implicitly has an 'any' type.
client/src/components/verticalDramaSeries/VerticalDramaCharacterStockPanel.tsx(11620,52): error TS7006: Parameter 'value' implicitly has an 'any' type.
client/src/components/verticalDramaSeries/VerticalDramaCharacterStockPanel.tsx(11663,52): error TS7006: Parameter 'value' implicitly has an 'any' type.
client/src/components/verticalDramaSeries/VerticalDramaCharacterStockPanel.tsx(11734,43): error TS7006: Parameter 'event' implicitly has an 'any' type.
client/src/components/verticalDramaSeries/VerticalDramaCharacterStockPanel.tsx(12187,31): error TS7006: Parameter 'e' implicitly has an 'any' type.
client/src/components/verticalDramaSeries/VerticalDramaCharacterStockPanel.tsx(12199,31): error TS7006: Parameter 'e' implicitly has an 'any' type.
client/src/components/verticalDramaSeries/VerticalDramaCharacterStockPanel.tsx(12215,31): error TS7006: Parameter 'e' implicitly has an 'any' type.
client/src/components/verticalDramaSeries/VerticalDramaCharacterStockPanel.tsx(12230,36): error TS7006: Parameter 'value' implicitly has an 'any' type.
client/src/components/verticalDramaSeries/VerticalDramaCharacterStockPanel.tsx(12289,36): error TS7006: Parameter 'value' implicitly has an 'any' type.
client/src/components/verticalDramaSeries/VerticalDramaCharacterStockPanel.tsx(12339,36): error TS7006: Parameter 'value' implicitly has an 'any' type.
client/src/components/verticalDramaSeries/VerticalDramaCharacterStockPanel.tsx(12393,31): error TS7006: Parameter 'e' implicitly has an 'any' type.
client/src/components/verticalDramaSeries/VerticalDramaCharacterStockPanel.tsx(12509,23): error TS7006: Parameter 'open' implicitly has an 'any' type.
client/src/components/verticalDramaSeries/VerticalDramaCharacterStockPanel.tsx(12538,27): error TS7006: Parameter 'e' implicitly has an 'any' type.
client/src/components/verticalDramaSeries/VerticalDramaCharacterStockPanel.tsx(12549,32): error TS7006: Parameter 'value' implicitly has an 'any' type.
client/src/components/verticalDramaSeries/VerticalDramaCharacterStockPanel.tsx(12586,27): error TS7006: Parameter 'e' implicitly has an 'any' type.
client/src/components/verticalDramaSeries/VerticalDramaCharacterStockPanel.tsx(12621,27): error TS7006: Parameter 'e' implicitly has an 'any' type.
client/src/components/verticalDramaSeries/VerticalDramaCharacterStockPanel.tsx(12828,23): error TS7006: Parameter 'open' implicitly has an 'any' type.
client/src/components/verticalDramaSeries/VerticalDramaCharacterStockPanel.tsx(12885,27): error TS7006: Parameter 'e' implicitly has an 'any' type.
client/src/components/verticalDramaSeries/VerticalDramaCharacterStockPanel.tsx(13046,23): error TS7006: Parameter 'open' implicitly has an 'any' type.
client/src/components/verticalDramaSeries/VerticalDramaCharacterStockPanel.tsx(13084,27): error TS7006: Parameter 'event' implicitly has an 'any' type.
client/src/components/verticalDramaSeries/VerticalDramaCharacterVoiceCastingCard.tsx(382,28): error TS7006: Parameter 'e' implicitly has an 'any' type.
client/src/components/verticalDramaSeries/VerticalDramaCharacterVoiceCastingCard.tsx(494,26): error TS7006: Parameter 'e' implicitly has an 'any' type.
client/src/components/verticalDramaSeries/VerticalDramaContactSheetPicker.tsx(398,33): error TS7006: Parameter 'v' implicitly has an 'any' type.
client/src/components/verticalDramaSeries/VerticalDramaContactSheetPicker.tsx(474,35): error TS7006: Parameter 'v' implicitly has an 'any' type.
client/src/components/verticalDramaSeries/VerticalDramaContactSheetPicker.tsx(826,22): error TS7006: Parameter 'o' implicitly has an 'any' type.
client/src/components/verticalDramaSeries/VerticalDramaContactSheetPicker.tsx(858,26): error TS7006: Parameter 'e' implicitly has an 'any' type.
client/src/components/verticalDramaSeries/VerticalDramaContactSheetPicker.tsx(917,22): error TS7006: Parameter 'o' implicitly has an 'any' type.
client/src/components/verticalDramaSeries/VerticalDramaContactSheetPicker.tsx(935,26): error TS7006: Parameter 'e' implicitly has an 'any' type.
client/src/components/verticalDramaSeries/VerticalDramaContactSheetPicker.tsx(1046,40): error TS7006: Parameter 'o' implicitly has an 'any' type.
client/src/components/verticalDramaSeries/VerticalDramaCreditConfirmDialog.tsx(34,44): error TS7006: Parameter 'nextOpen' implicitly has an 'any' type.
client/src/components/verticalDramaSeries/VerticalDramaDeepStoryDraftsPanel.tsx(1700,23): error TS7006: Parameter 'open' implicitly has an 'any' type.
client/src/components/verticalDramaSeries/VerticalDramaDeepStoryDraftsPanel.tsx(1794,32): error TS7006: Parameter 'value' implicitly has an 'any' type.
client/src/components/verticalDramaSeries/VerticalDramaDeepStoryDraftsPanel.tsx(1856,30): error TS7006: Parameter 'value' implicitly has an 'any' type.
client/src/components/verticalDramaSeries/VerticalDramaDeepStoryDraftsPanel.tsx(2053,34): error TS7006: Parameter 'checked' implicitly has an 'any' type.
client/src/components/verticalDramaSeries/VerticalDramaDeepStoryDraftsPanel.tsx(2235,21): error TS7006: Parameter 'e' implicitly has an 'any' type.
client/src/components/verticalDramaSeries/VerticalDramaDeepStoryDraftsPanel.tsx(2279,31): error TS7006: Parameter 'e' implicitly has an 'any' type.
client/src/components/verticalDramaSeries/VerticalDramaDeepStoryDraftsPanel.tsx(2295,31): error TS7006: Parameter 'e' implicitly has an 'any' type.
client/src/components/verticalDramaSeries/VerticalDramaDeepStoryDraftsPanel.tsx(2327,31): error TS7006: Parameter 'e' implicitly has an 'any' type.
client/src/components/verticalDramaSeries/VerticalDramaDeepStoryDraftsPanel.tsx(2336,38): error TS7006: Parameter 'value' implicitly has an 'any' type.
client/src/components/verticalDramaSeries/VerticalDramaDeleteSeriesDialog.tsx(99,21): error TS7006: Parameter 'next' implicitly has an 'any' type.
client/src/components/verticalDramaSeries/VerticalDramaDeleteSeriesDialog.tsx(132,23): error TS7006: Parameter 'e' implicitly has an 'any' type.
client/src/components/verticalDramaSeries/VerticalDramaDraftQualityQcPanel.tsx(395,28): error TS7006: Parameter 'value' implicitly has an 'any' type.
client/src/components/verticalDramaSeries/VerticalDramaDraftQualityQcPanel.tsx(991,23): error TS7006: Parameter 'open' implicitly has an 'any' type.
client/src/components/verticalDramaSeries/VerticalDramaEmotionScorePanel.tsx(341,31): error TS7006: Parameter 'event' implicitly has an 'any' type.
client/src/components/verticalDramaSeries/VerticalDramaEmotionScorePanel.tsx(402,31): error TS7006: Parameter 'event' implicitly has an 'any' type.
client/src/components/verticalDramaSeries/VerticalDramaEmotionScorePanel.tsx(413,31): error TS7006: Parameter 'event' implicitly has an 'any' type.
client/src/components/verticalDramaSeries/VerticalDramaEmotionScorePanel.tsx(481,15): error TS7006: Parameter 'job' implicitly has an 'any' type.
client/src/components/verticalDramaSeries/VerticalDramaEmotionScorePanel.tsx(499,15): error TS7006: Parameter 'job' implicitly has an 'any' type.
client/src/components/verticalDramaSeries/VerticalDramaEmotionScorePanel.tsx(520,21): error TS7006: Parameter 'item' implicitly has an 'any' type.
client/src/components/verticalDramaSeries/VerticalDramaEmotionScorePanel.tsx(532,44): error TS7006: Parameter 'take' implicitly has an 'any' type.
client/src/components/verticalDramaSeries/VerticalDramaEpisodeAssemblyTimeline.tsx(212,23): error TS7006: Parameter 'event' implicitly has an 'any' type.
client/src/components/verticalDramaSeries/VerticalDramaEpisodeAssemblyTimeline.tsx(312,33): error TS7006: Parameter 'event' implicitly has an 'any' type.
client/src/components/verticalDramaSeries/VerticalDramaEpisodeAssemblyTimeline.tsx(330,33): error TS7006: Parameter 'event' implicitly has an 'any' type.
client/src/components/verticalDramaSeries/VerticalDramaEpisodePreviewPanel.tsx(146,23): error TS2352: Conversion of type '{ resolutionOptions: ModelResolutionOption[] | undefined; maxReferenceImages?: number | undefined; supportsStartFrame?: boolean | undefined; nativeAudioDialogue?: boolean | undefined; supportsNativeAudio?: boolean | undefined; verticalDramaReady?: boolean | undefined; configJson: Record<...> | null; provider?: strin...' to type 'CoverModel[]' may be a mistake because neither type sufficiently overlaps with the other. If this was intentional, convert the expression to 'unknown' first.
  Type '{ resolutionOptions: ModelResolutionOption[] | undefined; maxReferenceImages?: number | undefined; supportsStartFrame?: boolean | undefined; nativeAudioDialogue?: boolean | undefined; supportsNativeAudio?: boolean | undefined; verticalDramaReady?: boolean | undefined; configJson: Record<...> | null; provider?: strin...' is missing the following properties from type 'CoverModel': modelId, name
client/src/components/verticalDramaSeries/VerticalDramaEpisodePreviewPanel.tsx(565,32): error TS7006: Parameter 'value' implicitly has an 'any' type.
client/src/components/verticalDramaSeries/VerticalDramaEpisodePreviewPanel.tsx(608,38): error TS7006: Parameter 'checked' implicitly has an 'any' type.
client/src/components/verticalDramaSeries/VerticalDramaEpisodePreviewPanel.tsx(622,38): error TS7006: Parameter 'checked' implicitly has an 'any' type.
client/src/components/verticalDramaSeries/VerticalDramaEpisodeWorkspace.tsx(3090,30): error TS7006: Parameter 'next' implicitly has an 'any' type.
client/src/components/verticalDramaSeries/VerticalDramaEpisodeWorkspace.tsx(3117,40): error TS7006: Parameter 'checked' implicitly has an 'any' type.
client/src/components/verticalDramaSeries/VerticalDramaEpisodeWorkspace.tsx(3181,41): error TS7006: Parameter 'e' implicitly has an 'any' type.
client/src/components/verticalDramaSeries/VerticalDramaEpisodeWorkspace.tsx(3197,41): error TS7006: Parameter 'e' implicitly has an 'any' type.
client/src/components/verticalDramaSeries/VerticalDramaEpisodeWorkspace.tsx(3490,30): error TS7006: Parameter 'next' implicitly has an 'any' type.
client/src/components/verticalDramaSeries/VerticalDramaEpisodeWorkspace.tsx(3535,25): error TS7006: Parameter 'e' implicitly has an 'any' type.
client/src/components/verticalDramaSeries/VerticalDramaEpisodeWorkspace.tsx(3554,29): error TS7006: Parameter 'e' implicitly has an 'any' type.
client/src/components/verticalDramaSeries/VerticalDramaEpisodeWorkspace.tsx(3563,36): error TS7006: Parameter 'checked' implicitly has an 'any' type.
client/src/components/verticalDramaSeries/VerticalDramaEpisodeWorkspace.tsx(3574,34): error TS7006: Parameter 'v' implicitly has an 'any' type.
client/src/components/verticalDramaSeries/VerticalDramaEpisodeWorkspace.tsx(3610,30): error TS7006: Parameter 'next' implicitly has an 'any' type.
client/src/components/verticalDramaSeries/VerticalDramaEpisodeWorkspace.tsx(3659,25): error TS7006: Parameter 'e' implicitly has an 'any' type.
client/src/components/verticalDramaSeries/VerticalDramaEpisodeWorkspace.tsx(3677,27): error TS7006: Parameter 'e' implicitly has an 'any' type.
client/src/components/verticalDramaSeries/VerticalDramaEpisodeWorkspace.tsx(3696,30): error TS7006: Parameter 'next' implicitly has an 'any' type.
client/src/components/verticalDramaSeries/VerticalDramaEpisodeWorkspace.tsx(3707,25): error TS7006: Parameter 'e' implicitly has an 'any' type.
client/src/components/verticalDramaSeries/VerticalDramaEpisodeWorkspace.tsx(3732,30): error TS7006: Parameter 'next' implicitly has an 'any' type.
client/src/components/verticalDramaSeries/VerticalDramaEpisodeWorkspace.tsx(3744,32): error TS7006: Parameter 'v' implicitly has an 'any' type.
client/src/components/verticalDramaSeries/VerticalDramaEpisodeWorkspace.tsx(3784,30): error TS7006: Parameter 'next' implicitly has an 'any' type.
client/src/components/verticalDramaSeries/VerticalDramaEpisodeWorkspace.tsx(3853,38): error TS7006: Parameter 'checked' implicitly has an 'any' type.
client/src/components/verticalDramaSeries/VerticalDramaEpisodeWorkspace.tsx(3860,36): error TS7006: Parameter 'v' implicitly has an 'any' type.
client/src/components/verticalDramaSeries/VerticalDramaEpisodeWorkspace.tsx(3888,36): error TS7006: Parameter 'v' implicitly has an 'any' type.
client/src/components/verticalDramaSeries/VerticalDramaEpisodeWorkspace.tsx(3923,40): error TS7006: Parameter 'v' implicitly has an 'any' type.
client/src/components/verticalDramaSeries/VerticalDramaEpisodeWorkspace.tsx(3947,35): error TS7006: Parameter 'e' implicitly has an 'any' type.
client/src/components/verticalDramaSeries/VerticalDramaEpisodeWorkspace.tsx(3965,33): error TS7006: Parameter 'e' implicitly has an 'any' type.
client/src/components/verticalDramaSeries/VerticalDramaEpisodeWorkspace.tsx(3982,33): error TS7006: Parameter 'e' implicitly has an 'any' type.
client/src/components/verticalDramaSeries/VerticalDramaEpisodeWorkspace.tsx(4004,29): error TS7006: Parameter 'e' implicitly has an 'any' type.
client/src/components/verticalDramaSeries/VerticalDramaEpisodeWorkspace.tsx(4176,34): error TS7006: Parameter 'checked' implicitly has an 'any' type.
client/src/components/verticalDramaSeries/VerticalDramaEpisodeWorkspace.tsx(4194,34): error TS7006: Parameter 'checked' implicitly has an 'any' type.
client/src/components/verticalDramaSeries/VerticalDramaEpisodeWorkspace.tsx(4233,32): error TS7006: Parameter 'checked' implicitly has an 'any' type.
client/src/components/verticalDramaSeries/VerticalDramaEpisodeWorkspace.tsx(4247,32): error TS7006: Parameter 'checked' implicitly has an 'any' type.
client/src/components/verticalDramaSeries/VerticalDramaEpisodeWorkspace.tsx(4271,26): error TS7006: Parameter 'v' implicitly has an 'any' type.
client/src/components/verticalDramaSeries/VerticalDramaEpisodeWorkspace.tsx(4321,26): error TS7006: Parameter 'v' implicitly has an 'any' type.
client/src/components/verticalDramaSeries/VerticalDramaEpisodeWorkspace.tsx(4364,30): error TS7006: Parameter 'checked' implicitly has an 'any' type.
client/src/components/verticalDramaSeries/VerticalDramaEpisodeWorkspace.tsx(4434,30): error TS7006: Parameter 'checked' implicitly has an 'any' type.
client/src/components/verticalDramaSeries/VerticalDramaFootageSegmentEditor.tsx(14,841): error TS7006: Parameter 'event' implicitly has an 'any' type.
client/src/components/verticalDramaSeries/VerticalDramaFootageSegmentEditor.tsx(14,1062): error TS7006: Parameter 'event' implicitly has an 'any' type.
client/src/components/verticalDramaSeries/VerticalDramaImproveScriptCard.tsx(400,26): error TS7006: Parameter 'e' implicitly has an 'any' type.
client/src/components/verticalDramaSeries/VerticalDramaLocationStockPanel.tsx(618,23): error TS2352: Conversion of type '{ resolutionOptions: ModelResolutionOption[] | undefined; maxReferenceImages?: number | undefined; supportsStartFrame?: boolean | undefined; nativeAudioDialogue?: boolean | undefined; supportsNativeAudio?: boolean | undefined; verticalDramaReady?: boolean | undefined; configJson: Record<...> | null; provider?: strin...' to type 'VdLocationMediaModel[]' may be a mistake because neither type sufficiently overlaps with the other. If this was intentional, convert the expression to 'unknown' first.
  Type '{ resolutionOptions: ModelResolutionOption[] | undefined; maxReferenceImages?: number | undefined; supportsStartFrame?: boolean | undefined; nativeAudioDialogue?: boolean | undefined; supportsNativeAudio?: boolean | undefined; verticalDramaReady?: boolean | undefined; configJson: Record<...> | null; provider?: strin...' is not comparable to type 'VdLocationMediaModel'.
    Type '{ resolutionOptions: ModelResolutionOption[] | undefined; maxReferenceImages?: number | undefined; supportsStartFrame?: boolean | undefined; nativeAudioDialogue?: boolean | undefined; supportsNativeAudio?: boolean | undefined; verticalDramaReady?: boolean | undefined; configJson: Record<...> | null; provider?: strin...' is missing the following properties from type 'MediaModel': modelId, name
client/src/components/verticalDramaSeries/VerticalDramaLocationStockPanel.tsx(2115,29): error TS7006: Parameter 'e' implicitly has an 'any' type.
client/src/components/verticalDramaSeries/VerticalDramaLocationStockPanel.tsx(2134,29): error TS7006: Parameter 'e' implicitly has an 'any' type.
client/src/components/verticalDramaSeries/VerticalDramaLocationStockPanel.tsx(2556,37): error TS7006: Parameter 'event' implicitly has an 'any' type.
client/src/components/verticalDramaSeries/VerticalDramaLocationStockPanel.tsx(2724,35): error TS7006: Parameter 'event' implicitly has an 'any' type.
client/src/components/verticalDramaSeries/VerticalDramaLocationStockPanel.tsx(2830,35): error TS7006: Parameter 'event' implicitly has an 'any' type.
client/src/components/verticalDramaSeries/VerticalDramaLogoGenerationDialog.tsx(393,31): error TS7006: Parameter 'event' implicitly has an 'any' type.
client/src/components/verticalDramaSeries/VerticalDramaLogoGenerationDialog.tsx(409,29): error TS7006: Parameter 'event' implicitly has an 'any' type.
client/src/components/verticalDramaSeries/VerticalDramaLogoGenerationDialog.tsx(493,23): error TS7006: Parameter 'next' implicitly has an 'any' type.
client/src/components/verticalDramaSeries/VerticalDramaNewsEvidencePanel.tsx(39,69): error TS7006: Parameter 'event' implicitly has an 'any' type.
client/src/components/verticalDramaSeries/VerticalDramaObjectReferenceTab.tsx(128,29): error TS2345: Argument of type 'string | undefined' is not assignable to parameter of type 'SetStateAction<string | null>'.
  Type 'undefined' is not assignable to type 'SetStateAction<string | null>'.
client/src/components/verticalDramaSeries/VerticalDramaObjectReferenceTab.tsx(133,54): error TS2339: Property 'creditCost' does not exist on type 'MediaTask'.
client/src/components/verticalDramaSeries/VerticalDramaObjectReferenceTab.tsx(134,47): error TS2339: Property 'creditCost' does not exist on type 'MediaTask'.
client/src/components/verticalDramaSeries/VerticalDramaObjectReferenceTab.tsx(163,50): error TS2339: Property 'modelId' does not exist on type '{ resolutionOptions: ModelResolutionOption[] | undefined; maxReferenceImages?: number | undefined; supportsStartFrame?: boolean | undefined; nativeAudioDialogue?: boolean | undefined; supportsNativeAudio?: boolean | undefined; verticalDramaReady?: boolean | undefined; configJson: Record<...> | null; provider?: strin...'.
client/src/components/verticalDramaSeries/VerticalDramaObjectReferenceTab.tsx(164,46): error TS2339: Property 'modelId' does not exist on type '{ resolutionOptions: ModelResolutionOption[] | undefined; maxReferenceImages?: number | undefined; supportsStartFrame?: boolean | undefined; nativeAudioDialogue?: boolean | undefined; supportsNativeAudio?: boolean | undefined; verticalDramaReady?: boolean | undefined; configJson: Record<...> | null; provider?: strin...'.
client/src/components/verticalDramaSeries/VerticalDramaObjectReferenceTab.tsx(359,29): error TS7006: Parameter 'event' implicitly has an 'any' type.
client/src/components/verticalDramaSeries/VerticalDramaObjectReferenceTab.tsx(374,29): error TS7006: Parameter 'event' implicitly has an 'any' type.
client/src/components/verticalDramaSeries/VerticalDramaObjectReferenceTab.tsx(392,29): error TS7006: Parameter 'event' implicitly has an 'any' type.
client/src/components/verticalDramaSeries/VerticalDramaObjectReferenceTab.tsx(493,35): error TS7006: Parameter 'event' implicitly has an 'any' type.
client/src/components/verticalDramaSeries/VerticalDramaObjectReferenceTab.tsx(498,35): error TS7006: Parameter 'event' implicitly has an 'any' type.
client/src/components/verticalDramaSeries/VerticalDramaObjectReferenceTab.tsx(800,23): error TS7006: Parameter 'open' implicitly has an 'any' type.
client/src/components/verticalDramaSeries/VerticalDramaObjectReferenceTab.tsx(830,36): error TS2339: Property 'modelId' does not exist on type '{ resolutionOptions: ModelResolutionOption[] | undefined; maxReferenceImages?: number | undefined; supportsStartFrame?: boolean | undefined; nativeAudioDialogue?: boolean | undefined; supportsNativeAudio?: boolean | undefined; verticalDramaReady?: boolean | undefined; configJson: Record<...> | null; provider?: strin...'.
client/src/components/verticalDramaSeries/VerticalDramaObjectReferenceTab.tsx(830,58): error TS2339: Property 'modelId' does not exist on type '{ resolutionOptions: ModelResolutionOption[] | undefined; maxReferenceImages?: number | undefined; supportsStartFrame?: boolean | undefined; nativeAudioDialogue?: boolean | undefined; supportsNativeAudio?: boolean | undefined; verticalDramaReady?: boolean | undefined; configJson: Record<...> | null; provider?: strin...'.
client/src/components/verticalDramaSeries/VerticalDramaObjectReferenceTab.tsx(831,26): error TS2339: Property 'name' does not exist on type '{ resolutionOptions: ModelResolutionOption[] | undefined; maxReferenceImages?: number | undefined; supportsStartFrame?: boolean | undefined; nativeAudioDialogue?: boolean | undefined; supportsNativeAudio?: boolean | undefined; verticalDramaReady?: boolean | undefined; configJson: Record<...> | null; provider?: strin...'.
client/src/components/verticalDramaSeries/VerticalDramaObjectReferenceTab.tsx(831,40): error TS2339: Property 'modelId' does not exist on type '{ resolutionOptions: ModelResolutionOption[] | undefined; maxReferenceImages?: number | undefined; supportsStartFrame?: boolean | undefined; nativeAudioDialogue?: boolean | undefined; supportsNativeAudio?: boolean | undefined; verticalDramaReady?: boolean | undefined; configJson: Record<...> | null; provider?: strin...'.
client/src/components/verticalDramaSeries/VerticalDramaObjectReferenceTab.tsx(832,26): error TS2339: Property 'creditCost' does not exist on type '{ resolutionOptions: ModelResolutionOption[] | undefined; maxReferenceImages?: number | undefined; supportsStartFrame?: boolean | undefined; nativeAudioDialogue?: boolean | undefined; supportsNativeAudio?: boolean | undefined; verticalDramaReady?: boolean | undefined; configJson: Record<...> | null; provider?: strin...'.
client/src/components/verticalDramaSeries/VerticalDramaObjectReferenceTab.tsx(833,35): error TS2339: Property 'creditCost' does not exist on type '{ resolutionOptions: ModelResolutionOption[] | undefined; maxReferenceImages?: number | undefined; supportsStartFrame?: boolean | undefined; nativeAudioDialogue?: boolean | undefined; supportsNativeAudio?: boolean | undefined; verticalDramaReady?: boolean | undefined; configJson: Record<...> | null; provider?: strin...'.
client/src/components/verticalDramaSeries/VerticalDramaObjectReferenceTab.tsx(857,24): error TS7006: Parameter 'event' implicitly has an 'any' type.
client/src/components/verticalDramaSeries/VerticalDramaProductTieInTab.tsx(195,31): error TS7006: Parameter 'checked' implicitly has an 'any' type.
client/src/components/verticalDramaSeries/VerticalDramaProductTieInTab.tsx(222,28): error TS7006: Parameter 'e' implicitly has an 'any' type.
client/src/components/verticalDramaSeries/VerticalDramaProductTieInTab.tsx(236,33): error TS7006: Parameter 'v' implicitly has an 'any' type.
client/src/components/verticalDramaSeries/VerticalDramaProductTieInTab.tsx(274,28): error TS7006: Parameter 'e' implicitly has an 'any' type.
client/src/components/verticalDramaSeries/VerticalDramaProductTieInTab.tsx(349,35): error TS7006: Parameter 'v' implicitly has an 'any' type.
client/src/components/verticalDramaSeries/VerticalDramaProductTieInTab.tsx(392,28): error TS7006: Parameter 'e' implicitly has an 'any' type.
client/src/components/verticalDramaSeries/VerticalDramaProductionEpisodesPanel.tsx(425,27): error TS7006: Parameter 'item' implicitly has an 'any' type.
client/src/components/verticalDramaSeries/VerticalDramaProductionEpisodesPanel.tsx(704,60): error TS7006: Parameter 'item' implicitly has an 'any' type.
client/src/components/verticalDramaSeries/VerticalDramaProductionEpisodesPanel.tsx(744,29): error TS7006: Parameter 'event' implicitly has an 'any' type.
client/src/components/verticalDramaSeries/VerticalDramaProductionEpisodesPanel.tsx(763,29): error TS7006: Parameter 'event' implicitly has an 'any' type.
client/src/components/verticalDramaSeries/VerticalDramaProductionEpisodesPanel.tsx(787,29): error TS7006: Parameter 'event' implicitly has an 'any' type.
client/src/components/verticalDramaSeries/VerticalDramaProductionEpisodesPanel.tsx(807,34): error TS7006: Parameter 'value' implicitly has an 'any' type.
client/src/components/verticalDramaSeries/VerticalDramaProductionEpisodesPanel.tsx(846,38): error TS7006: Parameter 'checked' implicitly has an 'any' type.
client/src/components/verticalDramaSeries/VerticalDramaProductionEpisodesPanel.tsx(858,38): error TS7006: Parameter 'checked' implicitly has an 'any' type.
client/src/components/verticalDramaSeries/VerticalDramaProductionEpisodesPanel.tsx(870,38): error TS7006: Parameter 'checked' implicitly has an 'any' type.
client/src/components/verticalDramaSeries/VerticalDramaProductionEpisodesPanel.tsx(1085,32): error TS7006: Parameter 'checked' implicitly has an 'any' type.
client/src/components/verticalDramaSeries/VerticalDramaProductionEpisodesPanel.tsx(1102,32): error TS7006: Parameter 'checked' implicitly has an 'any' type.
client/src/components/verticalDramaSeries/VerticalDramaProductionEpisodesPanel.tsx(1126,26): error TS7006: Parameter 'v' implicitly has an 'any' type.
client/src/components/verticalDramaSeries/VerticalDramaProductionEpisodesPanel.tsx(1160,26): error TS7006: Parameter 'v' implicitly has an 'any' type.
client/src/components/verticalDramaSeries/VerticalDramaProductionEpisodesPanel.tsx(1186,30): error TS7006: Parameter 'checked' implicitly has an 'any' type.
client/src/components/verticalDramaSeries/VerticalDramaProductionEpisodesPanel.tsx(1273,28): error TS7006: Parameter 'checked' implicitly has an 'any' type.
client/src/components/verticalDramaSeries/VerticalDramaProductionEpisodesPanel.tsx(1342,27): error TS7006: Parameter 'e' implicitly has an 'any' type.
client/src/components/verticalDramaSeries/VerticalDramaProductionEpisodesPanel.tsx(1359,31): error TS7006: Parameter 'e' implicitly has an 'any' type.
client/src/components/verticalDramaSeries/VerticalDramaProductionEpisodesPanel.tsx(1377,31): error TS7006: Parameter 'e' implicitly has an 'any' type.
client/src/components/verticalDramaSeries/VerticalDramaProductionEpisodesPanel.tsx(1402,36): error TS7031: Binding element 'v' implicitly has an 'any' type.
client/src/components/verticalDramaSeries/VerticalDramaProductionEpisodesPanel.tsx(1420,38): error TS7006: Parameter 'checked' implicitly has an 'any' type.
client/src/components/verticalDramaSeries/VerticalDramaProductionEpisodesPanel.tsx(1433,38): error TS7006: Parameter 'checked' implicitly has an 'any' type.
client/src/components/verticalDramaSeries/VerticalDramaProductionEpisodesPanel.tsx(1507,28): error TS7006: Parameter 'checked' implicitly has an 'any' type.
client/src/components/verticalDramaSeries/VerticalDramaProductionEpisodesPanel.tsx(1536,23): error TS7006: Parameter 'e' implicitly has an 'any' type.
client/src/components/verticalDramaSeries/VerticalDramaProductionEpisodesPanel.tsx(1628,28): error TS7006: Parameter 'checked' implicitly has an 'any' type.
client/src/components/verticalDramaSeries/VerticalDramaProductionEpisodesPanel.tsx(1683,35): error TS7006: Parameter 'e' implicitly has an 'any' type.
client/src/components/verticalDramaSeries/VerticalDramaProductionEpisodesPanel.tsx(1700,35): error TS7006: Parameter 'e' implicitly has an 'any' type.
client/src/components/verticalDramaSeries/VerticalDramaProductionEpisodesPanel.tsx(1720,35): error TS7006: Parameter 'e' implicitly has an 'any' type.
client/src/components/verticalDramaSeries/VerticalDramaProductionEpisodesPanel.tsx(1731,40): error TS7006: Parameter 'v' implicitly has an 'any' type.
client/src/components/verticalDramaSeries/VerticalDramaPromptExpansionDialog.tsx(326,27): error TS7006: Parameter 'event' implicitly has an 'any' type.
client/src/components/verticalDramaSeries/VerticalDramaPromptExpansionDialog.tsx(435,31): error TS7006: Parameter 'event' implicitly has an 'any' type.
client/src/components/verticalDramaSeries/VerticalDramaReferenceFrameDialog.tsx(283,27): error TS7006: Parameter 'e' implicitly has an 'any' type.
client/src/components/verticalDramaSeries/VerticalDramaReferenceFrameDialog.tsx(303,27): error TS7006: Parameter 'e' implicitly has an 'any' type.
client/src/components/verticalDramaSeries/VerticalDramaReferenceFrameDialog.tsx(319,27): error TS7006: Parameter 'e' implicitly has an 'any' type.
client/src/components/verticalDramaSeries/VerticalDramaRepairDialog.tsx(113,24): error TS7006: Parameter 'e' implicitly has an 'any' type.
client/src/components/verticalDramaSeries/VerticalDramaSceneLockRow.tsx(201,19): error TS7006: Parameter 'event' implicitly has an 'any' type.
client/src/components/verticalDramaSeries/VerticalDramaSceneLockRow.tsx(271,21): error TS7006: Parameter 'open' implicitly has an 'any' type.
client/src/components/verticalDramaSeries/VerticalDramaSceneLockRow.tsx(304,25): error TS7006: Parameter 'event' implicitly has an 'any' type.
client/src/components/verticalDramaSeries/VerticalDramaSceneLockRow.tsx(387,29): error TS7006: Parameter 'event' implicitly has an 'any' type.
client/src/components/verticalDramaSeries/VerticalDramaSceneLockRow.tsx(405,29): error TS7006: Parameter 'event' implicitly has an 'any' type.
client/src/components/verticalDramaSeries/VerticalDramaSceneLockRow.tsx(424,29): error TS7006: Parameter 'event' implicitly has an 'any' type.
client/src/components/verticalDramaSeries/VerticalDramaSceneLockRow.tsx(472,25): error TS7006: Parameter 'event' implicitly has an 'any' type.
client/src/components/verticalDramaSeries/VerticalDramaSceneLockRow.tsx(491,25): error TS7006: Parameter 'event' implicitly has an 'any' type.
client/src/components/verticalDramaSeries/VerticalDramaSceneLockRow.tsx(537,25): error TS7006: Parameter 'event' implicitly has an 'any' type.
client/src/components/verticalDramaSeries/VerticalDramaSceneLockRow.tsx(542,26): error TS7006: Parameter 'value' implicitly has an 'any' type.
client/src/components/verticalDramaSeries/VerticalDramaSceneLockRow.tsx(566,25): error TS7006: Parameter 'event' implicitly has an 'any' type.
client/src/components/verticalDramaSeries/VerticalDramaSceneLockRow.tsx(580,32): error TS7006: Parameter 'checked' implicitly has an 'any' type.
client/src/components/verticalDramaSeries/VerticalDramaSeriesMemoryStateTab.tsx(1230,28): error TS7006: Parameter 'value' implicitly has an 'any' type.
client/src/components/verticalDramaSeries/VerticalDramaSeriesMemoryStateTab.tsx(1567,32): error TS7006: Parameter 'open' implicitly has an 'any' type.
client/src/components/verticalDramaSeries/VerticalDramaSeriesMemoryStateTab.tsx(1589,25): error TS7006: Parameter 'e' implicitly has an 'any' type.
client/src/components/verticalDramaSeries/VerticalDramaSeriesMemoryStateTab.tsx(1630,31): error TS7006: Parameter 'e' implicitly has an 'any' type.
client/src/components/verticalDramaSeries/VerticalDramaSeriesMemoryStateTab.tsx(1636,38): error TS7006: Parameter 'value' implicitly has an 'any' type.
client/src/components/verticalDramaSeries/VerticalDramaSeriesMemoryStateTab.tsx(1653,38): error TS7006: Parameter 'value' implicitly has an 'any' type.
client/src/components/verticalDramaSeries/VerticalDramaSeriesMemoryStateTab.tsx(1696,33): error TS7006: Parameter 'e' implicitly has an 'any' type.
client/src/components/verticalDramaSeries/VerticalDramaSeriesMemoryStateTab.tsx(1767,33): error TS7006: Parameter 'e' implicitly has an 'any' type.
client/src/components/verticalDramaSeries/VerticalDramaSeriesMemoryStateTab.tsx(1776,33): error TS7006: Parameter 'e' implicitly has an 'any' type.
client/src/components/verticalDramaSeries/VerticalDramaSeriesMemoryStateTab.tsx(1785,31): error TS7006: Parameter 'e' implicitly has an 'any' type.
client/src/components/verticalDramaSeries/VerticalDramaSeriesMemoryStateTab.tsx(1833,33): error TS7006: Parameter 'e' implicitly has an 'any' type.
client/src/components/verticalDramaSeries/VerticalDramaSeriesMemoryStateTab.tsx(1861,31): error TS7006: Parameter 'e' implicitly has an 'any' type.
client/src/components/verticalDramaSeries/VerticalDramaSeriesMemoryStateTab.tsx(1867,31): error TS7006: Parameter 'e' implicitly has an 'any' type.
client/src/components/verticalDramaSeries/VerticalDramaSeriesMemoryStateTab.tsx(1945,25): error TS7006: Parameter 'e' implicitly has an 'any' type.
client/src/components/verticalDramaSeries/VerticalDramaSeriesMemoryTab.tsx(444,28): error TS7006: Parameter 'event' implicitly has an 'any' type.
client/src/components/verticalDramaSeries/VerticalDramaSeriesMemoryTab.tsx(493,28): error TS7006: Parameter 'event' implicitly has an 'any' type.
client/src/components/verticalDramaSeries/VerticalDramaSeriesShareDialog.tsx(221,34): error TS7006: Parameter 'v' implicitly has an 'any' type.
client/src/components/verticalDramaSeries/VerticalDramaSeriesShareDialog.tsx(326,23): error TS7006: Parameter 'next' implicitly has an 'any' type.
client/src/components/verticalDramaSeries/VerticalDramaSeriesTrailerPanel.tsx(304,9): error TS2322: Type '{ resolutionOptions: ModelResolutionOption[] | undefined; maxReferenceImages?: number | undefined; supportsStartFrame?: boolean | undefined; nativeAudioDialogue?: boolean | undefined; supportsNativeAudio?: boolean | undefined; verticalDramaReady?: boolean | undefined; configJson: Record<...> | null; provider?: strin...' is not assignable to type '{ modelId: string; name?: string | null | undefined; voices?: string[] | null | undefined; configJson?: { inputFields?: ModelInputFieldConfig[] | undefined; maxPromptLength?: string | ... 1 more ... | undefined; max_prompt_length?: string | ... 1 more ... | undefined; } | null | undefined; }[]'.
  Property 'modelId' is missing in type '{ resolutionOptions: ModelResolutionOption[] | undefined; maxReferenceImages?: number | undefined; supportsStartFrame?: boolean | undefined; nativeAudioDialogue?: boolean | undefined; supportsNativeAudio?: boolean | undefined; verticalDramaReady?: boolean | undefined; configJson: Record<...> | null; provider?: strin...' but required in type '{ modelId: string; name?: string | null | undefined; voices?: string[] | null | undefined; configJson?: { inputFields?: ModelInputFieldConfig[] | undefined; maxPromptLength?: string | ... 1 more ... | undefined; max_prompt_length?: string | ... 1 more ... | undefined; } | null | undefined; }'.
client/src/components/verticalDramaSeries/VerticalDramaSeriesTrailerPanel.tsx(532,31): error TS7006: Parameter 'value' implicitly has an 'any' type.
client/src/components/verticalDramaSeries/VerticalDramaSeriesTrailerPanel.tsx(564,31): error TS7006: Parameter 'value' implicitly has an 'any' type.
client/src/components/verticalDramaSeries/VerticalDramaSettingsTab.tsx(846,28): error TS7006: Parameter 'value' implicitly has an 'any' type.
client/src/components/verticalDramaSeries/VerticalDramaSettingsTab.tsx(904,25): error TS7006: Parameter 'e' implicitly has an 'any' type.
client/src/components/verticalDramaSeries/VerticalDramaSettingsTab.tsx(954,29): error TS7006: Parameter 'event' implicitly has an 'any' type.
client/src/components/verticalDramaSeries/VerticalDramaSettingsTab.tsx(970,29): error TS7006: Parameter 'event' implicitly has an 'any' type.
client/src/components/verticalDramaSeries/VerticalDramaSettingsTab.tsx(997,33): error TS7006: Parameter 'event' implicitly has an 'any' type.
client/src/components/verticalDramaSeries/VerticalDramaSettingsTab.tsx(1049,34): error TS7006: Parameter 'value' implicitly has an 'any' type.
client/src/components/verticalDramaSeries/VerticalDramaSettingsTab.tsx(1075,29): error TS7006: Parameter 'event' implicitly has an 'any' type.
client/src/components/verticalDramaSeries/VerticalDramaSettingsTab.tsx(1089,29): error TS7006: Parameter 'event' implicitly has an 'any' type.
client/src/components/verticalDramaSeries/VerticalDramaSettingsTab.tsx(1110,30): error TS7006: Parameter 'v' implicitly has an 'any' type.
client/src/components/verticalDramaSeries/VerticalDramaSettingsTab.tsx(1136,30): error TS7006: Parameter 'v' implicitly has an 'any' type.
client/src/components/verticalDramaSeries/VerticalDramaSettingsTab.tsx(1175,30): error TS7006: Parameter 'value' implicitly has an 'any' type.
client/src/components/verticalDramaSeries/VerticalDramaSettingsTab.tsx(1239,30): error TS7006: Parameter 'v' implicitly has an 'any' type.
client/src/components/verticalDramaSeries/VerticalDramaSettingsTab.tsx(1279,30): error TS7006: Parameter 'value' implicitly has an 'any' type.
client/src/components/verticalDramaSeries/VerticalDramaSettingsTab.tsx(1861,28): error TS7006: Parameter 'next' implicitly has an 'any' type.
client/src/components/verticalDramaSeries/VerticalDramaSettingsTab.tsx(1903,30): error TS7006: Parameter 'v' implicitly has an 'any' type.
client/src/components/verticalDramaSeries/VerticalDramaSettingsTab.tsx(1924,27): error TS7006: Parameter 'e' implicitly has an 'any' type.
client/src/components/verticalDramaSeries/VerticalDramaSettingsTab.tsx(2031,27): error TS7006: Parameter 'e' implicitly has an 'any' type.
client/src/components/verticalDramaSeries/VerticalDramaSettingsTab.tsx(2136,30): error TS7006: Parameter 'v' implicitly has an 'any' type.
client/src/components/verticalDramaSeries/VerticalDramaSettingsTab.tsx(2172,32): error TS7031: Binding element 'v' implicitly has an 'any' type.
client/src/components/verticalDramaSeries/VerticalDramaSettingsTab.tsx(2192,32): error TS7031: Binding element 'v' implicitly has an 'any' type.
client/src/components/verticalDramaSeries/VerticalDramaSettingsTab.tsx(2210,25): error TS7006: Parameter 'e' implicitly has an 'any' type.
client/src/components/verticalDramaSeries/VerticalDramaShell.tsx(645,20): error TS7006: Parameter 'event' implicitly has an 'any' type.
client/src/components/verticalDramaSeries/VerticalDramaShell.tsx(682,25): error TS7006: Parameter 'e' implicitly has an 'any' type.
client/src/components/verticalDramaSeries/VerticalDramaStaleDraftCleanupDialog.tsx(130,21): error TS7006: Parameter 'open' implicitly has an 'any' type.
client/src/components/verticalDramaSeries/VerticalDramaStaleDraftCleanupDialog.tsx(172,28): error TS7006: Parameter 'value' implicitly has an 'any' type.
client/src/components/verticalDramaSeries/VerticalDramaStoryboardPanel.tsx(6578,35): error TS7006: Parameter 'event' implicitly has an 'any' type.
client/src/components/verticalDramaSeries/VerticalDramaStoryboardPanel.tsx(7163,46): error TS7006: Parameter 'value' implicitly has an 'any' type.
client/src/components/verticalDramaSeries/VerticalDramaStoryboardPanel.tsx(8372,25): error TS7053: Element implicitly has an 'any' type because expression of type 'VideoPromptViewId' can't be used to index type '{ legacy?: objectOutputType<{ inputFingerprint: ZodString; revision: ZodNumber; createdAt: ZodString; updatedAt: ZodString; prompt: ZodString; ... 12 more ...; status: ZodEnum<...>; }, ZodTypeAny, "passthrough"> | undefined; enhanced?: objectOutputType<...> | undefined; }'.
  Property 'enhanced_full' does not exist on type '{ legacy?: objectOutputType<{ inputFingerprint: ZodString; revision: ZodNumber; createdAt: ZodString; updatedAt: ZodString; prompt: ZodString; ... 12 more ...; status: ZodEnum<...>; }, ZodTypeAny, "passthrough"> | undefined; enhanced?: objectOutputType<...> | undefined; }'.
client/src/components/verticalDramaSeries/VerticalDramaStoryboardPanel.tsx(8859,62): error TS2339: Property 'audioUrl' does not exist on type '{ pendingTaskId?: string | undefined; videoUrl?: string | undefined; mediaTaskId?: string | undefined; mediaAssetId?: string | undefined; durabilityStatus?: "expired" | "ready" | undefined; source?: "generated" | ... 1 more ... | undefined; promptProvenance?: VideoPromptRenderProvenance | undefined; promptMismatch?:...'.
client/src/components/verticalDramaSeries/VerticalDramaStoryboardPanel.tsx(11833,23): error TS2352: Conversion of type '{ resolutionOptions: ModelResolutionOption[] | undefined; maxReferenceImages?: number | undefined; supportsStartFrame?: boolean | undefined; nativeAudioDialogue?: boolean | undefined; supportsNativeAudio?: boolean | undefined; verticalDramaReady?: boolean | undefined; configJson: Record<...> | null; provider?: strin...' to type 'MediaModel[]' may be a mistake because neither type sufficiently overlaps with the other. If this was intentional, convert the expression to 'unknown' first.
  Type '{ resolutionOptions: ModelResolutionOption[] | undefined; maxReferenceImages?: number | undefined; supportsStartFrame?: boolean | undefined; nativeAudioDialogue?: boolean | undefined; supportsNativeAudio?: boolean | undefined; verticalDramaReady?: boolean | undefined; configJson: Record<...> | null; provider?: strin...' is missing the following properties from type 'MediaModel': modelId, name
client/src/components/verticalDramaSeries/VerticalDramaStoryboardPanel.tsx(12668,37): error TS7006: Parameter 'event' implicitly has an 'any' type.
client/src/components/verticalDramaSeries/VerticalDramaStoryboardPanel.tsx(14118,25): error TS7006: Parameter 'e' implicitly has an 'any' type.
client/src/components/verticalDramaSeries/VerticalDramaStoryboardPanel.tsx(15165,25): error TS7006: Parameter 'event' implicitly has an 'any' type.
client/src/components/verticalDramaSeries/VerticalDramaStoryboardPanel.tsx(15388,31): error TS7006: Parameter 'e' implicitly has an 'any' type.
client/src/components/verticalDramaSeries/VerticalDramaStoryboardPanel.tsx(15450,33): error TS7006: Parameter 'e' implicitly has an 'any' type.
client/src/components/verticalDramaSeries/VerticalDramaStoryboardPanel.tsx(16326,27): error TS7006: Parameter 'e' implicitly has an 'any' type.
client/src/components/verticalDramaSeries/VideoPromptAiEditDialog.tsx(199,25): error TS7006: Parameter 'e' implicitly has an 'any' type.
client/src/components/verticalDramaSeries/VideoPromptAiEditDialog.tsx(249,38): error TS7006: Parameter 'checked' implicitly has an 'any' type.
client/src/components/videoStudio/RenderPanel.tsx(293,39): error TS2322: Type '"secondary" | "success"' is not assignable to type 'keyof TextColorMap | undefined'.
  Type '"success"' is not assignable to type 'keyof TextColorMap | undefined'.
client/src/components/videoeditor/ConfirmDialog.tsx(45,33): error TS7006: Parameter 'open' implicitly has an 'any' type.
client/src/components/videoeditor/ConfirmDialog.tsx(48,27): error TS7006: Parameter 'event' implicitly has an 'any' type.
client/src/components/videoeditor/SilenceDetectionDialog.tsx(1219,40): error TS7006: Parameter 'open' implicitly has an 'any' type.
client/src/components/videoeditor/WorkerWebEditor.tsx(581,28): error TS7006: Parameter 'event' implicitly has an 'any' type.
client/src/features/desktop-host/DesktopHostSettingsPanel.tsx(415,28): error TS7006: Parameter 'event' implicitly has an 'any' type.
client/src/features/desktop-host/DesktopHostSettingsPanel.tsx(730,37): error TS7006: Parameter 'value' implicitly has an 'any' type.
client/src/features/desktop-host/DesktopHostSettingsPanel.tsx(753,30): error TS7006: Parameter 'event' implicitly has an 'any' type.
client/src/features/desktop-host/DesktopHostSettingsPanel.tsx(767,35): error TS7006: Parameter 'value' implicitly has an 'any' type.
client/src/features/desktop-host/DesktopHostSettingsPanel.tsx(1088,70): error TS7006: Parameter 'open' implicitly has an 'any' type.
client/src/features/desktop-releases/DesktopReleaseConfigPanel.tsx(284,25): error TS7006: Parameter 'event' implicitly has an 'any' type.
client/src/features/desktop-releases/DesktopReleaseConfigPanel.tsx(312,25): error TS7006: Parameter 'event' implicitly has an 'any' type.
client/src/features/desktop-releases/DesktopReleaseConfigPanel.tsx(337,25): error TS7006: Parameter 'event' implicitly has an 'any' type.
client/src/features/desktop-releases/DesktopReleaseConfigPanel.tsx(365,25): error TS7006: Parameter 'event' implicitly has an 'any' type.
client/src/features/desktop-releases/DesktopReleaseConfigPanel.tsx(387,25): error TS7006: Parameter 'event' implicitly has an 'any' type.
client/src/features/desktop-releases/DesktopReleaseConfigPanel.tsx(416,27): error TS7006: Parameter 'event' implicitly has an 'any' type.
client/src/features/desktop-releases/DesktopReleasePanel.tsx(889,23): error TS7006: Parameter 'value' implicitly has an 'any' type.
client/src/features/desktop-releases/DesktopReleasePanel.tsx(2576,30): error TS7006: Parameter 'event' implicitly has an 'any' type.
client/src/features/desktop-releases/DesktopReleasePanel.tsx(2591,37): error TS7006: Parameter 'value' implicitly has an 'any' type.
client/src/features/desktop-releases/DesktopReleasePanel.tsx(2612,37): error TS7006: Parameter 'value' implicitly has an 'any' type.
client/src/features/desktop-releases/DesktopReleasePanel.tsx(2635,30): error TS7006: Parameter 'event' implicitly has an 'any' type.
client/src/features/desktop-releases/DesktopReleasePanel.tsx(2973,28): error TS7006: Parameter 'event' implicitly has an 'any' type.
client/src/features/desktop-releases/DesktopReleasePanel.tsx(2983,58): error TS7006: Parameter 'value' implicitly has an 'any' type.
client/src/features/desktop-releases/DesktopReleasePanel.tsx(3001,57): error TS7006: Parameter 'value' implicitly has an 'any' type.
client/src/features/desktop-releases/DesktopReleasePanel.tsx(3022,33): error TS7006: Parameter 'value' implicitly has an 'any' type.
client/src/features/desktop-releases/DesktopReleasePanel.tsx(3055,28): error TS7006: Parameter 'event' implicitly has an 'any' type.
client/src/features/desktop-releases/RunnerReleaseAdminPanel.tsx(277,154): error TS7006: Parameter 'event' implicitly has an 'any' type.
client/src/features/desktop-releases/RunnerReleaseAdminPanel.tsx(278,146): error TS7006: Parameter 'event' implicitly has an 'any' type.
client/src/features/desktop-releases/RunnerReleaseAdminPanel.tsx(281,50): error TS7006: Parameter 'value' implicitly has an 'any' type.
client/src/features/desktop-releases/RunnerReleaseAdminPanel.tsx(314,160): error TS7006: Parameter 'event' implicitly has an 'any' type.
client/src/features/desktop-releases/RunnerReleaseAdminPanel.tsx(315,159): error TS7006: Parameter 'event' implicitly has an 'any' type.
client/src/features/desktop-releases/WorkerRuntimeReleasePanel.tsx(812,29): error TS7006: Parameter 'event' implicitly has an 'any' type.
client/src/features/desktop-releases/WorkerRuntimeReleasePanel.tsx(970,27): error TS7006: Parameter 'event' implicitly has an 'any' type.
client/src/features/desktop-releases/WorkerRuntimeReleasePanel.tsx(985,27): error TS7006: Parameter 'event' implicitly has an 'any' type.
client/src/features/desktop-releases/WorkerRuntimeReleasePanel.tsx(1043,25): error TS7006: Parameter 'event' implicitly has an 'any' type.
client/src/features/desktop-releases/WorkerRuntimeReleasePanel.tsx(1087,25): error TS7006: Parameter 'event' implicitly has an 'any' type.
client/src/features/local-ai/components/LocalAiSettingsSection.tsx(1544,28): error TS7006: Parameter 'event' implicitly has an 'any' type.
client/src/features/local-ai/components/LocalAiSettingsSection.tsx(1660,30): error TS7006: Parameter 'event' implicitly has an 'any' type.
client/src/features/local-ai/components/LocalAiSettingsSection.tsx(1746,26): error TS7006: Parameter 'event' implicitly has an 'any' type.
client/src/features/local-ai/components/LocalAiSettingsSection.tsx(2361,32): error TS7006: Parameter 'event' implicitly has an 'any' type.
client/src/features/local-ai/components/LocalAiSettingsSection.tsx(2377,32): error TS7006: Parameter 'event' implicitly has an 'any' type.
client/src/features/local-ai/components/LocalAiSettingsSection.tsx(2393,32): error TS7006: Parameter 'event' implicitly has an 'any' type.
client/src/features/local-ai/components/LocalAiSettingsSection.tsx(2411,32): error TS7006: Parameter 'event' implicitly has an 'any' type.
client/src/features/media-production/components/ContextAssetBoard.tsx(168,23): error TS7006: Parameter 'event' implicitly has an 'any' type.
client/src/features/media-production/components/NodeConfigPanel.tsx(137,70): error TS7006: Parameter 'event' implicitly has an 'any' type.
client/src/features/media-production/components/NodeConfigPanel.tsx(169,28): error TS7006: Parameter 'event' implicitly has an 'any' type.
client/src/features/media-production/components/NodeConfigPanel.tsx(180,30): error TS7006: Parameter 'event' implicitly has an 'any' type.
client/src/features/media-production/components/NodeConfigPanel.tsx(191,30): error TS7006: Parameter 'event' implicitly has an 'any' type.
client/src/features/media-production/components/NodeConfigPanel.tsx(203,28): error TS7006: Parameter 'event' implicitly has an 'any' type.
client/src/features/media-production/components/NodeConfigPanel.tsx(219,26): error TS7006: Parameter 'event' implicitly has an 'any' type.
client/src/features/media-production/components/ProductionWorkspace.tsx(1124,60): error TS7006: Parameter 'open' implicitly has an 'any' type.
client/src/features/media-production/components/ProductionWorkspace.tsx(1531,30): error TS7006: Parameter 'event' implicitly has an 'any' type.
client/src/features/media-production/components/ProductionWorkspace.tsx(1539,30): error TS7006: Parameter 'event' implicitly has an 'any' type.
client/src/features/media-production/components/ProductionWorkspace.tsx(1609,28): error TS7006: Parameter 'event' implicitly has an 'any' type.
client/src/features/media-production/components/ProductionWorkspace.tsx(1616,28): error TS7006: Parameter 'event' implicitly has an 'any' type.
client/src/features/media-production/components/ProductionWorkspace.tsx(1985,24): error TS7006: Parameter 'event' implicitly has an 'any' type.
client/src/features/media-production/components/ProductionWorkspace.tsx(1997,24): error TS7006: Parameter 'event' implicitly has an 'any' type.
client/src/features/media-production/components/ProductionWorkspace.tsx(2010,24): error TS7006: Parameter 'event' implicitly has an 'any' type.
client/src/features/media-production/components/ProductionWorkspace.tsx(2079,30): error TS7006: Parameter 'event' implicitly has an 'any' type.
client/src/features/media-production/components/ProductionWorkspace.tsx(2091,24): error TS7006: Parameter 'event' implicitly has an 'any' type.
client/src/features/media-production/components/ProductionWorkspace.tsx(2098,24): error TS7006: Parameter 'event' implicitly has an 'any' type.
client/src/features/media-production/components/ProductionWorkspace.tsx(2105,24): error TS7006: Parameter 'event' implicitly has an 'any' type.
client/src/features/media-production/components/VideoShotWorkspace.tsx(824,23): error TS7006: Parameter 'event' implicitly has an 'any' type.
client/src/features/media-production/components/VideoShotWorkspace.tsx(911,37): error TS7006: Parameter 'checked' implicitly has an 'any' type.
client/src/features/media-production/components/VideoShotWorkspace.tsx(1033,28): error TS7006: Parameter 'event' implicitly has an 'any' type.
client/src/features/media-production/components/VideoShotWorkspace.tsx(1338,38): error TS7006: Parameter 'event' implicitly has an 'any' type.
client/src/features/media-production/components/VideoShotWorkspace.tsx(1349,42): error TS7006: Parameter 'event' implicitly has an 'any' type.
client/src/features/media-production/components/VideoShotWorkspace.tsx(1360,42): error TS7006: Parameter 'event' implicitly has an 'any' type.
client/src/features/media-production/components/VideoShotWorkspace.tsx(1372,38): error TS7006: Parameter 'event' implicitly has an 'any' type.
client/src/features/media-production/components/VideoShotWorkspace.tsx(1435,81): error TS7006: Parameter 'event' implicitly has an 'any' type.
client/src/features/media-production/components/VideoShotWorkspace.tsx(1442,81): error TS7006: Parameter 'event' implicitly has an 'any' type.
client/src/features/media-production/components/VideoShotWorkspace.tsx(1454,33): error TS7006: Parameter 'event' implicitly has an 'any' type.
client/src/features/media-production/components/VideoShotWorkspace.tsx(1467,33): error TS7006: Parameter 'event' implicitly has an 'any' type.
client/src/features/media-production/components/VideoShotWorkspace.tsx(1480,33): error TS7006: Parameter 'event' implicitly has an 'any' type.
client/src/features/media-production/components/VideoShotWorkspace.tsx(1494,35): error TS7006: Parameter 'event' implicitly has an 'any' type.
client/src/features/media-production/components/VideoShotWorkspace.tsx(1524,121): error TS7006: Parameter 'event' implicitly has an 'any' type.
client/src/features/media-production/components/VideoShotWorkspace.tsx(1534,32): error TS7006: Parameter 'event' implicitly has an 'any' type.
client/src/features/media-production/components/VideoShotWorkspace.tsx(1576,32): error TS7006: Parameter 'event' implicitly has an 'any' type.
client/src/features/media-production/components/VideoShotWorkspace.tsx(1602,32): error TS7006: Parameter 'event' implicitly has an 'any' type.
client/src/features/media-production/components/VideoShotWorkspace.tsx(1612,32): error TS7006: Parameter 'event' implicitly has an 'any' type.
client/src/features/media-production/components/VideoShotWorkspace.tsx(1625,32): error TS7006: Parameter 'event' implicitly has an 'any' type.
client/src/features/media-production/components/VideoShotWorkspace.tsx(1635,32): error TS7006: Parameter 'event' implicitly has an 'any' type.
client/src/features/media-production/components/VideoShotWorkspace.tsx(1647,30): error TS7006: Parameter 'event' implicitly has an 'any' type.
client/src/features/media-production/components/VideoShotWorkspace.tsx(1659,32): error TS7006: Parameter 'event' implicitly has an 'any' type.
client/src/features/media-production/components/VideoShotWorkspace.tsx(1659,102): error TS7006: Parameter 'item' implicitly has an 'any' type.
client/src/features/media-production/components/VideoShotWorkspace.tsx(1669,32): error TS7006: Parameter 'event' implicitly has an 'any' type.
client/src/features/media-production/components/VideoShotWorkspace.tsx(1669,103): error TS7006: Parameter 'item' implicitly has an 'any' type.
client/src/features/media-production/components/VideoShotWorkspace.tsx(1755,34): error TS7006: Parameter 'event' implicitly has an 'any' type.
client/src/features/media-production/components/VideoShotWorkspace.tsx(1765,35): error TS7006: Parameter 'event' implicitly has an 'any' type.
client/src/features/media-production/components/VideoShotWorkspace.tsx(1776,35): error TS7006: Parameter 'event' implicitly has an 'any' type.
client/src/features/media-production/components/VideoShotWorkspace.tsx(1787,34): error TS7006: Parameter 'event' implicitly has an 'any' type.
client/src/pages/Admin/AdminIntelligenceRegistry.tsx(485,13): error TS2322: Type '{ label: string; variant: "secondary"; onClick: () => void; disabled: boolean; }' is not assignable to type 'IntrinsicAttributes & ButtonProps'.
  Property 'disabled' does not exist on type 'IntrinsicAttributes & ButtonProps'. Did you mean 'isDisabled'?
client/src/pages/Admin/AdminIntelligenceRegistry.tsx(748,15): error TS2322: Type '{ label: string; variant: "secondary"; onClick: () => void; disabled: boolean; }' is not assignable to type 'IntrinsicAttributes & ButtonProps'.
  Property 'disabled' does not exist on type 'IntrinsicAttributes & ButtonProps'. Did you mean 'isDisabled'?
client/src/pages/Admin/AdminIntelligenceRegistry.tsx(753,15): error TS2322: Type '{ label: string; onClick: () => undefined; disabled: boolean; }' is not assignable to type 'IntrinsicAttributes & ButtonProps'.
  Property 'disabled' does not exist on type 'IntrinsicAttributes & ButtonProps'. Did you mean 'isDisabled'?
client/src/pages/Admin/AdminIntelligenceRegistry.tsx(852,15): error TS2322: Type '{ label: string; variant: "secondary"; onClick: () => void; disabled: boolean; }' is not assignable to type 'IntrinsicAttributes & ButtonProps'.
  Property 'disabled' does not exist on type 'IntrinsicAttributes & ButtonProps'. Did you mean 'isDisabled'?
client/src/pages/Admin/AdminIntelligenceRegistry.tsx(857,15): error TS2322: Type '{ label: string; onClick: () => undefined; disabled: boolean; }' is not assignable to type 'IntrinsicAttributes & ButtonProps'.
  Property 'disabled' does not exist on type 'IntrinsicAttributes & ButtonProps'. Did you mean 'isDisabled'?
client/src/pages/Admin/AdminOverviewDashboard.tsx(365,42): error TS2339: Property 'processing' does not exist on type 'Record<string, number> | {}'.
  Property 'processing' does not exist on type '{}'.
client/src/pages/Admin/AdminOverviewDashboard.tsx(371,23): error TS2345: Argument of type 'unknown' is not assignable to parameter of type 'number | null | undefined'.
client/src/pages/Admin/AdminOverviewDashboard.tsx(1009,48): error TS2339: Property 'length' does not exist on type '{}'.
client/src/pages/Admin/AdminOverviewDashboard.tsx(1012,22): error TS2339: Property 'slice' does not exist on type '{}'.
client/src/pages/Admin/AdminOverviewDashboard.tsx(1020,30): error TS2571: Object is of type 'unknown'.
client/src/pages/Admin/panels/JobsHealthPanel.tsx(49,62): error TS18046: 'sum' is of type 'unknown'.
client/src/pages/Admin/panels/JobsHealthPanel.tsx(49,68): error TS18046: 'c' is of type 'unknown'.
client/src/pages/Admin/panels/JobsHealthPanel.tsx(50,31): error TS2339: Property 'failed' does not exist on type '{}'.
client/src/pages/Admin/panels/JobsHealthPanel.tsx(50,54): error TS2339: Property 'dead_letter' does not exist on type '{}'.
client/src/pages/Admin/panels/JobsHealthPanel.tsx(62,13): error TS2322: Type 'unknown' is not assignable to type 'ReactNode'.
client/src/pages/Admin/panels/JobsHealthPanel.tsx(81,32): error TS2322: Type 'unknown' is not assignable to type 'string | number | bigint | boolean | ReactElement<unknown, string | JSXElementConstructor<any>> | Iterable<ReactNode> | ReactPortal | Promise<...> | null | undefined'.
client/src/pages/Admin/panels/StoragePanel.tsx(40,50): error TS2339: Property 'map' does not exist on type '{}'.
client/src/pages/Admin/panels/StoragePanel.tsx(58,38): error TS2769: No overload matches this call.
  Overload 1 of 4, '(value: string | number | Date): Date', gave the following error.
    Argument of type '{}' is not assignable to parameter of type 'string | number | Date'.
  Overload 2 of 4, '(value: string | number): Date', gave the following error.
    Argument of type '{}' is not assignable to parameter of type 'string | number'.
client/src/pages/Admin/panels/StoragePanel.tsx(68,44): error TS2339: Property 'length' does not exist on type '{}'.
client/src/pages/Admin/panels/StoragePanel.tsx(70,30): error TS2339: Property 'map' does not exist on type '{}'.
client/src/pages/AdminAPIKeys.tsx(374,26): error TS7006: Parameter 'e' implicitly has an 'any' type.
client/src/pages/AdminAlertRules.tsx(319,23): error TS7006: Parameter 'open' implicitly has an 'any' type.
client/src/pages/AdminAlertRules.tsx(561,36): error TS7006: Parameter 'v' implicitly has an 'any' type.
client/src/pages/AdminAlertRules.tsx(824,23): error TS7006: Parameter 'open' implicitly has an 'any' type.
client/src/pages/AdminAlertRules.tsx(970,36): error TS7006: Parameter 'v' implicitly has an 'any' type.
client/src/pages/AdminAnalytics.tsx(147,26): error TS7006: Parameter 'e' implicitly has an 'any' type.
client/src/pages/AdminAnalytics.tsx(156,26): error TS7006: Parameter 'e' implicitly has an 'any' type.
client/src/pages/AdminApprovals.tsx(331,23): error TS7006: Parameter 'open' implicitly has an 'any' type.
client/src/pages/AdminApprovals.tsx(352,23): error TS7006: Parameter 'e' implicitly has an 'any' type.
client/src/pages/AdminAuditLogs.tsx(652,28): error TS7006: Parameter 'e' implicitly has an 'any' type.
client/src/pages/AdminAuditLogs.tsx(661,28): error TS7006: Parameter 'e' implicitly has an 'any' type.
client/src/pages/AdminAuditLogs.tsx(670,28): error TS7006: Parameter 'e' implicitly has an 'any' type.
client/src/pages/AdminAuditLogs.tsx(679,28): error TS7006: Parameter 'e' implicitly has an 'any' type.
client/src/pages/AdminAuditLogs.tsx(718,76): error TS7006: Parameter 'e' implicitly has an 'any' type.
client/src/pages/AdminAuditLogs.tsx(722,72): error TS7006: Parameter 'e' implicitly has an 'any' type.
client/src/pages/AdminAuditLogs.tsx(905,28): error TS7006: Parameter 'event' implicitly has an 'any' type.
client/src/pages/AdminBillingCenter.tsx(1330,74): error TS7006: Parameter 'e' implicitly has an 'any' type.
client/src/pages/AdminBillingCenter.tsx(1445,34): error TS7006: Parameter 'e' implicitly has an 'any' type.
client/src/pages/AdminBillingCenter.tsx(1508,67): error TS7006: Parameter 'e' implicitly has an 'any' type.
client/src/pages/AdminBillingCenter.tsx(1600,73): error TS7006: Parameter 'e' implicitly has an 'any' type.
client/src/pages/AdminBillingCenter.tsx(1607,42): error TS7006: Parameter 'event' implicitly has an 'any' type.
client/src/pages/AdminBillingCenter.tsx(1988,76): error TS7006: Parameter 'value' implicitly has an 'any' type.
client/src/pages/AdminBillingCenter.tsx(2001,69): error TS7006: Parameter 'value' implicitly has an 'any' type.
client/src/pages/AdminBillingCenter.tsx(2059,71): error TS7006: Parameter 'e' implicitly has an 'any' type.
client/src/pages/AdminBillingCenter.tsx(2247,71): error TS7006: Parameter 'e' implicitly has an 'any' type.
client/src/pages/AdminBillingCenter.tsx(2251,71): error TS7006: Parameter 'e' implicitly has an 'any' type.
client/src/pages/AdminBillingCenter.tsx(2255,64): error TS7006: Parameter 'e' implicitly has an 'any' type.
client/src/pages/AdminBillingCenter.tsx(2259,64): error TS7006: Parameter 'e' implicitly has an 'any' type.
client/src/pages/AdminBillingCenter.tsx(2263,64): error TS7006: Parameter 'e' implicitly has an 'any' type.
client/src/pages/AdminBillingCenter.tsx(2267,66): error TS7006: Parameter 'e' implicitly has an 'any' type.
client/src/pages/AdminBillingCenter.tsx(2271,71): error TS7006: Parameter 'e' implicitly has an 'any' type.
client/src/pages/AdminBillingCenter.tsx(2275,71): error TS7006: Parameter 'e' implicitly has an 'any' type.
client/src/pages/AdminBillingCenter.tsx(2279,67): error TS7006: Parameter 'e' implicitly has an 'any' type.
client/src/pages/AdminBillingCenter.tsx(2283,67): error TS7006: Parameter 'e' implicitly has an 'any' type.
client/src/pages/AdminBillingCenter.tsx(2287,69): error TS7006: Parameter 'e' implicitly has an 'any' type.
client/src/pages/AdminBillingCenter.tsx(2291,69): error TS7006: Parameter 'e' implicitly has an 'any' type.
client/src/pages/AdminBillingCenter.tsx(2295,69): error TS7006: Parameter 'e' implicitly has an 'any' type.
client/src/pages/AdminBillingCenter.tsx(2299,70): error TS7006: Parameter 'e' implicitly has an 'any' type.
client/src/pages/AdminBillingCenter.tsx(2303,66): error TS7006: Parameter 'e' implicitly has an 'any' type.
client/src/pages/AdminBillingCenter.tsx(2307,74): error TS7006: Parameter 'e' implicitly has an 'any' type.
client/src/pages/AdminBillingCenter.tsx(2311,74): error TS7006: Parameter 'e' implicitly has an 'any' type.
client/src/pages/AdminBillingCenter.tsx(2315,89): error TS7006: Parameter 'e' implicitly has an 'any' type.
client/src/pages/AdminBillingCenter.tsx(2319,89): error TS7006: Parameter 'e' implicitly has an 'any' type.
client/src/pages/AdminBillingCenter.tsx(2408,77): error TS7006: Parameter 'e' implicitly has an 'any' type.
client/src/pages/AdminBillingCenter.tsx(2412,73): error TS7006: Parameter 'e' implicitly has an 'any' type.
client/src/pages/AdminBillingCenter.tsx(2416,78): error TS7006: Parameter 'e' implicitly has an 'any' type.
client/src/pages/AdminBillingCenter.tsx(2420,83): error TS7006: Parameter 'e' implicitly has an 'any' type.
client/src/pages/AdminBillingCenter.tsx(2424,91): error TS7006: Parameter 'e' implicitly has an 'any' type.
client/src/pages/AdminBillingCenter.tsx(2428,96): error TS7006: Parameter 'e' implicitly has an 'any' type.
client/src/pages/AdminBillingCenter.tsx(2432,83): error TS7006: Parameter 'e' implicitly has an 'any' type.
client/src/pages/AdminBillingCenter.tsx(2436,89): error TS7006: Parameter 'e' implicitly has an 'any' type.
client/src/pages/AdminBillingCenter.tsx(2440,102): error TS7006: Parameter 'e' implicitly has an 'any' type.
client/src/pages/AdminBillingCenter.tsx(2444,94): error TS7006: Parameter 'e' implicitly has an 'any' type.
client/src/pages/AdminBillingCenter.tsx(2448,87): error TS7006: Parameter 'e' implicitly has an 'any' type.
client/src/pages/AdminBillingCenter.tsx(2452,88): error TS7006: Parameter 'e' implicitly has an 'any' type.
client/src/pages/AdminBillingCenter.tsx(2456,106): error TS7006: Parameter 'e' implicitly has an 'any' type.
client/src/pages/AdminBillingCenter.tsx(2460,107): error TS7006: Parameter 'e' implicitly has an 'any' type.
client/src/pages/AdminBillingCenter.tsx(2508,45): error TS7006: Parameter 'checked' implicitly has an 'any' type.
client/src/pages/AdminBillingCenter.tsx(2516,99): error TS7006: Parameter 'e' implicitly has an 'any' type.
client/src/pages/AdminBillingCenter.tsx(2520,98): error TS7006: Parameter 'e' implicitly has an 'any' type.
client/src/pages/AdminBillingCenter.tsx(2524,116): error TS7006: Parameter 'e' implicitly has an 'any' type.
client/src/pages/AdminBillingCenter.tsx(2528,112): error TS7006: Parameter 'e' implicitly has an 'any' type.
client/src/pages/AdminBillingCenter.tsx(2532,112): error TS7006: Parameter 'e' implicitly has an 'any' type.
client/src/pages/AdminBillingCenter.tsx(2536,106): error TS7006: Parameter 'e' implicitly has an 'any' type.
client/src/pages/AdminBillingCenter.tsx(2540,100): error TS7006: Parameter 'e' implicitly has an 'any' type.
client/src/pages/AdminBillingCenter.tsx(2544,89): error TS7006: Parameter 'e' implicitly has an 'any' type.
client/src/pages/AdminBillingCenter.tsx(2548,106): error TS7006: Parameter 'e' implicitly has an 'any' type.
client/src/pages/AdminBillingCenter.tsx(2552,91): error TS7006: Parameter 'e' implicitly has an 'any' type.
client/src/pages/AdminBillingCenter.tsx(2556,105): error TS7006: Parameter 'e' implicitly has an 'any' type.
client/src/pages/AdminBillingCenter.tsx(2560,119): error TS7006: Parameter 'e' implicitly has an 'any' type.
client/src/pages/AdminBillingCenter.tsx(2564,119): error TS7006: Parameter 'e' implicitly has an 'any' type.
client/src/pages/AdminBillingCenter.tsx(2568,113): error TS7006: Parameter 'e' implicitly has an 'any' type.
client/src/pages/AdminBillingCenter.tsx(2572,112): error TS7006: Parameter 'e' implicitly has an 'any' type.
client/src/pages/AdminBillingCenter.tsx(2576,112): error TS7006: Parameter 'e' implicitly has an 'any' type.
client/src/pages/AdminBillingCenter.tsx(2580,87): error TS7006: Parameter 'e' implicitly has an 'any' type.
client/src/pages/AdminBillingCenter.tsx(2584,98): error TS7006: Parameter 'e' implicitly has an 'any' type.
client/src/pages/AdminBillingCenter.tsx(2606,101): error TS7006: Parameter 'checked' implicitly has an 'any' type.
client/src/pages/AdminBillingCenter.tsx(2611,114): error TS7006: Parameter 'e' implicitly has an 'any' type.
client/src/pages/AdminBillingCenter.tsx(2615,106): error TS7006: Parameter 'e' implicitly has an 'any' type.
client/src/pages/AdminBillingCenter.tsx(2619,106): error TS7006: Parameter 'value' implicitly has an 'any' type.
client/src/pages/AdminBillingCenter.tsx(2631,106): error TS7006: Parameter 'e' implicitly has an 'any' type.
client/src/pages/AdminBillingCenter.tsx(2639,107): error TS7006: Parameter 'e' implicitly has an 'any' type.
client/src/pages/AdminBillingCenter.tsx(2643,104): error TS7006: Parameter 'e' implicitly has an 'any' type.
client/src/pages/AdminBillingCenter.tsx(2647,104): error TS7006: Parameter 'e' implicitly has an 'any' type.
client/src/pages/AdminBillingCenter.tsx(2651,104): error TS7006: Parameter 'e' implicitly has an 'any' type.
client/src/pages/AdminBillingCenter.tsx(2655,104): error TS7006: Parameter 'e' implicitly has an 'any' type.
client/src/pages/AdminBillingCenter.tsx(2659,104): error TS7006: Parameter 'e' implicitly has an 'any' type.
client/src/pages/AdminBillingCenter.tsx(2663,100): error TS7006: Parameter 'e' implicitly has an 'any' type.
client/src/pages/AdminBillingCenter.tsx(2704,77): error TS7006: Parameter 'e' implicitly has an 'any' type.
client/src/pages/AdminBillingCenter.tsx(2708,84): error TS7006: Parameter 'e' implicitly has an 'any' type.
client/src/pages/AdminBillingCenter.tsx(2712,95): error TS7006: Parameter 'e' implicitly has an 'any' type.
client/src/pages/AdminBillingCenter.tsx(2719,89): error TS7006: Parameter 'checked' implicitly has an 'any' type.
client/src/pages/AdminBillingCenter.tsx(2734,82): error TS7006: Parameter 'e' implicitly has an 'any' type.
client/src/pages/AdminBillingCenter.tsx(2738,89): error TS7006: Parameter 'e' implicitly has an 'any' type.
client/src/pages/AdminBillingCenter.tsx(2742,100): error TS7006: Parameter 'e' implicitly has an 'any' type.
client/src/pages/AdminBillingCenter.tsx(2749,94): error TS7006: Parameter 'checked' implicitly has an 'any' type.
client/src/pages/AdminBillingCenter.tsx(2820,76): error TS7006: Parameter 'e' implicitly has an 'any' type.
client/src/pages/AdminBillingCenter.tsx(2824,79): error TS7006: Parameter 'e' implicitly has an 'any' type.
client/src/pages/AdminBillingCenter.tsx(2828,84): error TS7006: Parameter 'e' implicitly has an 'any' type.
client/src/pages/AdminBillingCenter.tsx(2832,82): error TS7006: Parameter 'e' implicitly has an 'any' type.
client/src/pages/AdminFeedbackHub.tsx(423,27): error TS7006: Parameter 'attachmentId' implicitly has an 'any' type.
client/src/pages/AdminFeedbackHub.tsx(977,30): error TS7006: Parameter 'v' implicitly has an 'any' type.
client/src/pages/AdminFeedbackHub.tsx(993,30): error TS7006: Parameter 'v' implicitly has an 'any' type.
client/src/pages/AdminFeedbackHub.tsx(1934,33): error TS7006: Parameter 'e' implicitly has an 'any' type.
client/src/pages/AdminFeedbackHub.tsx(2000,31): error TS7006: Parameter 'open' implicitly has an 'any' type.
client/src/pages/AdminFeedbackHub.tsx(2141,31): error TS7006: Parameter 'open' implicitly has an 'any' type.
client/src/pages/AdminFunnelDashboard.tsx(224,27): error TS7006: Parameter 'e' implicitly has an 'any' type.
client/src/pages/AdminFunnelDashboard.tsx(233,27): error TS7006: Parameter 'e' implicitly has an 'any' type.
client/src/pages/AdminFunnelDashboard.tsx(240,32): error TS7006: Parameter 'v' implicitly has an 'any' type.
client/src/pages/AdminFunnelDashboard.tsx(256,32): error TS7006: Parameter 'v' implicitly has an 'any' type.
client/src/pages/AdminGallery.tsx(763,29): error TS7006: Parameter 'e' implicitly has an 'any' type.
client/src/pages/AdminGallery.tsx(772,32): error TS7006: Parameter 'v' implicitly has an 'any' type.
client/src/pages/AdminGallery.tsx(1188,23): error TS7006: Parameter 'open' implicitly has an 'any' type.
client/src/pages/AdminGallery.tsx(1216,34): error TS7006: Parameter 'v' implicitly has an 'any' type.
client/src/pages/AdminGallery.tsx(1250,34): error TS7006: Parameter 'v' implicitly has an 'any' type.
client/src/pages/AdminGallery.tsx(1274,27): error TS7006: Parameter 'e' implicitly has an 'any' type.
client/src/pages/AdminGallery.tsx(1286,27): error TS7006: Parameter 'e' implicitly has an 'any' type.
client/src/pages/AdminGallery.tsx(1309,29): error TS7006: Parameter 'e' implicitly has an 'any' type.
client/src/pages/AdminGallery.tsx(1363,29): error TS7006: Parameter 'e' implicitly has an 'any' type.
client/src/pages/AdminGallery.tsx(1408,29): error TS7006: Parameter 'e' implicitly has an 'any' type.
client/src/pages/AdminGallery.tsx(1422,29): error TS7006: Parameter 'e' implicitly has an 'any' type.
client/src/pages/AdminGallery.tsx(1435,27): error TS7006: Parameter 'e' implicitly has an 'any' type.
client/src/pages/AdminGallery.tsx(1447,27): error TS7006: Parameter 'e' implicitly has an 'any' type.
client/src/pages/AdminGallery.tsx(1460,27): error TS7006: Parameter 'e' implicitly has an 'any' type.
client/src/pages/AdminGallery.tsx(1474,36): error TS7006: Parameter 'checked' implicitly has an 'any' type.
client/src/pages/AdminGallery.tsx(1483,36): error TS7006: Parameter 'checked' implicitly has an 'any' type.
client/src/pages/AdminLLMProviders.tsx(763,24): error TS7006: Parameter 'open' implicitly has an 'any' type.
client/src/pages/AdminLLMProviders.tsx(799,30): error TS7006: Parameter 'e' implicitly has an 'any' type.
client/src/pages/AdminLLMProviders.tsx(807,30): error TS7006: Parameter 'e' implicitly has an 'any' type.
client/src/pages/AdminLLMProviders.tsx(816,30): error TS7006: Parameter 'e' implicitly has an 'any' type.
client/src/pages/AdminLLMProviders.tsx(831,30): error TS7006: Parameter 'e' implicitly has an 'any' type.
client/src/pages/AdminLLMProviders.tsx(840,30): error TS7006: Parameter 'e' implicitly has an 'any' type.
client/src/pages/AdminLLMProviders.tsx(848,37): error TS7006: Parameter 'checked' implicitly has an 'any' type.
client/src/pages/AdminLLMProviders.tsx(873,34): error TS7006: Parameter 'e' implicitly has an 'any' type.
client/src/pages/AdminLLMProviders.tsx(905,38): error TS7006: Parameter 'e' implicitly has an 'any' type.
client/src/pages/AdminLLMProviders.tsx(913,38): error TS7006: Parameter 'e' implicitly has an 'any' type.
client/src/pages/AdminLLMProviders.tsx(922,38): error TS7006: Parameter 'e' implicitly has an 'any' type.
client/src/pages/AdminLLMProviders.tsx(959,48): error TS7006: Parameter 'e' implicitly has an 'any' type.
client/src/pages/AdminLLMProviders.tsx(966,48): error TS7006: Parameter 'e' implicitly has an 'any' type.
client/src/pages/AdminLLMProviders.tsx(974,48): error TS7006: Parameter 'e' implicitly has an 'any' type.
client/src/pages/AdminLLMProviders.tsx(1155,28): error TS7006: Parameter 'e' implicitly has an 'any' type.
client/src/pages/AdminMediaModels.tsx(2388,27): error TS7006: Parameter 'e' implicitly has an 'any' type.
client/src/pages/AdminMediaModels.tsx(2966,23): error TS7006: Parameter 'open' implicitly has an 'any' type.
client/src/pages/AdminMediaModels.tsx(3015,23): error TS7006: Parameter 'open' implicitly has an 'any' type.
client/src/pages/AdminMediaModels.tsx(3527,27): error TS7006: Parameter 'e' implicitly has an 'any' type.
client/src/pages/AdminMediaModels.tsx(3541,27): error TS7006: Parameter 'e' implicitly has an 'any' type.
client/src/pages/AdminMediaModels.tsx(3554,25): error TS7006: Parameter 'e' implicitly has an 'any' type.
client/src/pages/AdminMediaModels.tsx(3601,27): error TS7006: Parameter 'e' implicitly has an 'any' type.
client/src/pages/AdminMediaModels.tsx(3617,27): error TS7006: Parameter 'e' implicitly has an 'any' type.
client/src/pages/AdminMediaModels.tsx(3635,27): error TS7006: Parameter 'e' implicitly has an 'any' type.
client/src/pages/AdminMediaModels.tsx(3691,27): error TS7006: Parameter 'e' implicitly has an 'any' type.
client/src/pages/AdminMediaModels.tsx(3709,29): error TS7006: Parameter 'e' implicitly has an 'any' type.
client/src/pages/AdminMediaModels.tsx(3720,29): error TS7006: Parameter 'e' implicitly has an 'any' type.
client/src/pages/AdminMediaModels.tsx(3731,29): error TS7006: Parameter 'e' implicitly has an 'any' type.
client/src/pages/AdminMediaModels.tsx(3749,32): error TS7006: Parameter 'checked' implicitly has an 'any' type.
client/src/pages/AdminMediaModels.tsx(3764,25): error TS7006: Parameter 'e' implicitly has an 'any' type.
client/src/pages/AdminMediaModels.tsx(3805,27): error TS7006: Parameter 'e' implicitly has an 'any' type.
client/src/pages/AdminMediaModels.tsx(3822,27): error TS7006: Parameter 'e' implicitly has an 'any' type.
client/src/pages/AdminMediaModels.tsx(3840,29): error TS7006: Parameter 'e' implicitly has an 'any' type.
client/src/pages/AdminMediaModels.tsx(3859,29): error TS7006: Parameter 'e' implicitly has an 'any' type.
client/src/pages/AdminMediaModels.tsx(3881,27): error TS7006: Parameter 'e' implicitly has an 'any' type.
client/src/pages/AdminMediaModels.tsx(3930,27): error TS7006: Parameter 'e' implicitly has an 'any' type.
client/src/pages/AdminMediaModels.tsx(3944,27): error TS7006: Parameter 'e' implicitly has an 'any' type.
client/src/pages/AdminMediaModels.tsx(3962,25): error TS7006: Parameter 'e' implicitly has an 'any' type.
client/src/pages/AdminMediaModels.tsx(3979,27): error TS7006: Parameter 'e' implicitly has an 'any' type.
client/src/pages/AdminMediaModels.tsx(4000,27): error TS7006: Parameter 'e' implicitly has an 'any' type.
client/src/pages/AdminMediaModels.tsx(4012,27): error TS7006: Parameter 'e' implicitly has an 'any' type.
client/src/pages/AdminMediaModels.tsx(4033,25): error TS7006: Parameter 'e' implicitly has an 'any' type.
client/src/pages/AdminMediaModels.tsx(4049,30): error TS7006: Parameter 'value' implicitly has an 'any' type.
client/src/pages/AdminMediaModels.tsx(4105,31): error TS7006: Parameter 'e' implicitly has an 'any' type.
client/src/pages/AdminMediaModels.tsx(4124,31): error TS7006: Parameter 'e' implicitly has an 'any' type.
client/src/pages/AdminMediaModels.tsx(4163,31): error TS7006: Parameter 'e' implicitly has an 'any' type.
client/src/pages/AdminMediaModels.tsx(4282,33): error TS7006: Parameter 'e' implicitly has an 'any' type.
client/src/pages/AdminMediaModels.tsx(4291,33): error TS7006: Parameter 'e' implicitly has an 'any' type.
client/src/pages/AdminMediaModels.tsx(4371,40): error TS7006: Parameter 'event' implicitly has an 'any' type.
client/src/pages/AdminMediaModels.tsx(4402,35): error TS7006: Parameter 'e' implicitly has an 'any' type.
client/src/pages/AdminMediaModels.tsx(4411,35): error TS7006: Parameter 'e' implicitly has an 'any' type.
client/src/pages/AdminMediaModels.tsx(4423,40): error TS7006: Parameter 'value' implicitly has an 'any' type.
client/src/pages/AdminMediaModels.tsx(4444,44): error TS7006: Parameter 'checked' implicitly has an 'any' type.
client/src/pages/AdminMediaModels.tsx(4455,44): error TS7006: Parameter 'checked' implicitly has an 'any' type.
client/src/pages/AdminMediaModels.tsx(4466,44): error TS7006: Parameter 'checked' implicitly has an 'any' type.
client/src/pages/AdminMediaModels.tsx(4483,39): error TS7006: Parameter 'e' implicitly has an 'any' type.
client/src/pages/AdminMediaModels.tsx(4502,41): error TS7006: Parameter 'e' implicitly has an 'any' type.
client/src/pages/AdminMediaModels.tsx(4516,41): error TS7006: Parameter 'e' implicitly has an 'any' type.
client/src/pages/AdminMediaModels.tsx(4539,40): error TS7006: Parameter 'value' implicitly has an 'any' type.
client/src/pages/AdminMediaModels.tsx(4564,46): error TS7006: Parameter 'checked' implicitly has an 'any' type.
client/src/pages/AdminMediaModels.tsx(4573,46): error TS7006: Parameter 'checked' implicitly has an 'any' type.
client/src/pages/AdminMediaModels.tsx(4582,46): error TS7006: Parameter 'checked' implicitly has an 'any' type.
client/src/pages/AdminMediaModels.tsx(4591,37): error TS7006: Parameter 'e' implicitly has an 'any' type.
client/src/pages/AdminMediaModels.tsx(4598,37): error TS7006: Parameter 'e' implicitly has an 'any' type.
client/src/pages/AdminMediaModels.tsx(4605,37): error TS7006: Parameter 'e' implicitly has an 'any' type.
client/src/pages/AdminMediaModels.tsx(4612,37): error TS7006: Parameter 'e' implicitly has an 'any' type.
client/src/pages/AdminMediaModels.tsx(4619,37): error TS7006: Parameter 'e' implicitly has an 'any' type.
client/src/pages/AdminMediaModels.tsx(4634,42): error TS7006: Parameter 'value' implicitly has an 'any' type.
client/src/pages/AdminMediaModels.tsx(4663,41): error TS7006: Parameter 'e' implicitly has an 'any' type.
client/src/pages/AdminMediaModels.tsx(4676,46): error TS7006: Parameter 'value' implicitly has an 'any' type.
client/src/pages/AdminMediaModels.tsx(4694,41): error TS7006: Parameter 'e' implicitly has an 'any' type.
client/src/pages/AdminMediaModels.tsx(4703,41): error TS7006: Parameter 'e' implicitly has an 'any' type.
client/src/pages/AdminMediaModels.tsx(4714,41): error TS7006: Parameter 'e' implicitly has an 'any' type.
client/src/pages/AdminMediaModels.tsx(4723,41): error TS7006: Parameter 'e' implicitly has an 'any' type.
client/src/pages/AdminMediaModels.tsx(4734,46): error TS7006: Parameter 'value' implicitly has an 'any' type.
client/src/pages/AdminMediaModels.tsx(4756,41): error TS7006: Parameter 'e' implicitly has an 'any' type.
client/src/pages/AdminMediaModels.tsx(4768,41): error TS7006: Parameter 'e' implicitly has an 'any' type.
client/src/pages/AdminMediaModels.tsx(4779,41): error TS7006: Parameter 'e' implicitly has an 'any' type.
client/src/pages/AdminMediaModels.tsx(4819,44): error TS7006: Parameter 'checked' implicitly has an 'any' type.
client/src/pages/AdminMediaModels.tsx(4838,39): error TS7006: Parameter 'e' implicitly has an 'any' type.
client/src/pages/AdminMediaModels.tsx(4862,37): error TS7006: Parameter 'e' implicitly has an 'any' type.
client/src/pages/AdminMediaModels.tsx(4902,39): error TS7006: Parameter 'e' implicitly has an 'any' type.
client/src/pages/AdminMediaModels.tsx(4951,43): error TS7006: Parameter 'e' implicitly has an 'any' type.
client/src/pages/AdminMediaModels.tsx(4960,43): error TS7006: Parameter 'e' implicitly has an 'any' type.
client/src/pages/AdminMediaModels.tsx(4997,46): error TS7006: Parameter 'value' implicitly has an 'any' type.
client/src/pages/AdminMediaModels.tsx(5032,41): error TS7006: Parameter 'e' implicitly has an 'any' type.
client/src/pages/AdminMediaModels.tsx(5050,37): error TS7006: Parameter 'e' implicitly has an 'any' type.
client/src/pages/AdminMediaProviders.tsx(773,23): error TS7006: Parameter 'open' implicitly has an 'any' type.
client/src/pages/AdminMediaProviders.tsx(825,23): error TS7006: Parameter 'open' implicitly has an 'any' type.
client/src/pages/AdminMediaProviders.tsx(963,25): error TS7006: Parameter 'e' implicitly has an 'any' type.
client/src/pages/AdminMediaProviders.tsx(975,25): error TS7006: Parameter 'e' implicitly has an 'any' type.
client/src/pages/AdminMediaProviders.tsx(987,30): error TS7006: Parameter 'value' implicitly has an 'any' type.
client/src/pages/AdminMediaProviders.tsx(1010,25): error TS7006: Parameter 'e' implicitly has an 'any' type.
client/src/pages/AdminMediaProviders.tsx(1022,25): error TS7006: Parameter 'e' implicitly has an 'any' type.
client/src/pages/AdminMediaProviders.tsx(1088,25): error TS7006: Parameter 'e' implicitly has an 'any' type.
client/src/pages/AdminMediaProviders.tsx(1099,30): error TS7006: Parameter 'value' implicitly has an 'any' type.
client/src/pages/AdminMediaProviders.tsx(1124,25): error TS7006: Parameter 'e' implicitly has an 'any' type.
client/src/pages/AdminMediaProviders.tsx(1142,32): error TS7006: Parameter 'checked' implicitly has an 'any' type.
client/src/pages/AdminMediaProviders.tsx(1157,32): error TS7006: Parameter 'checked' implicitly has an 'any' type.
client/src/pages/AdminMediaProviders.tsx(1180,29): error TS7006: Parameter 'e' implicitly has an 'any' type.
client/src/pages/AdminMediaProviders.tsx(1187,29): error TS7006: Parameter 'e' implicitly has an 'any' type.
client/src/pages/AdminMediaProviders.tsx(1210,27): error TS7006: Parameter 'e' implicitly has an 'any' type.
client/src/pages/AdminMediaProviders.tsx(1262,25): error TS7006: Parameter 'open' implicitly has an 'any' type.
client/src/pages/AdminMonitoring.tsx(959,17): error TS2304: Cannot find name 'ClipboardList'.
client/src/pages/AdminMonitoring.tsx(3461,42): error TS7006: Parameter 'event' implicitly has an 'any' type.
client/src/pages/AdminNotifications.tsx(320,30): error TS7006: Parameter 'v' implicitly has an 'any' type.
client/src/pages/AdminNotifications.tsx(345,30): error TS7006: Parameter 'v' implicitly has an 'any' type.
client/src/pages/AdminNotifications.tsx(374,25): error TS7006: Parameter 'e' implicitly has an 'any' type.
client/src/pages/AdminNotifications.tsx(389,25): error TS7006: Parameter 'e' implicitly has an 'any' type.
client/src/pages/AdminNotifications.tsx(434,34): error TS7006: Parameter 'e' implicitly has an 'any' type.
client/src/pages/AdminOcrUsage.tsx(167,24): error TS7006: Parameter 'e' implicitly has an 'any' type.
client/src/pages/AdminOrchestrationLogs.tsx(254,28): error TS7006: Parameter 'e' implicitly has an 'any' type.
client/src/pages/AdminOrchestrationLogs.tsx(291,28): error TS7006: Parameter 'e' implicitly has an 'any' type.
client/src/pages/AdminOrchestrationLogs.tsx(300,28): error TS7006: Parameter 'e' implicitly has an 'any' type.
client/src/pages/AdminOrchestrationLogs.tsx(390,24): error TS7006: Parameter 'open' implicitly has an 'any' type.
client/src/pages/AdminPackages.tsx(659,32): error TS7006: Parameter 'e' implicitly has an 'any' type.
client/src/pages/AdminPackages.tsx(670,32): error TS7006: Parameter 'e' implicitly has an 'any' type.
client/src/pages/AdminPackages.tsx(765,34): error TS7006: Parameter 'e' implicitly has an 'any' type.
client/src/pages/AdminPackages.tsx(777,34): error TS7006: Parameter 'e' implicitly has an 'any' type.
client/src/pages/AdminPackages.tsx(829,36): error TS7006: Parameter 'e' implicitly has an 'any' type.
client/src/pages/AdminPackages.tsx(844,38): error TS7006: Parameter 'e' implicitly has an 'any' type.
client/src/pages/AdminPackages.tsx(857,42): error TS7006: Parameter 'e' implicitly has an 'any' type.
client/src/pages/AdminPackages.tsx(869,42): error TS7006: Parameter 'e' implicitly has an 'any' type.
client/src/pages/AdminPackages.tsx(881,42): error TS7006: Parameter 'e' implicitly has an 'any' type.
client/src/pages/AdminPackages.tsx(893,42): error TS7006: Parameter 'e' implicitly has an 'any' type.
client/src/pages/AdminPackages.tsx(918,34): error TS7006: Parameter 'e' implicitly has an 'any' type.
client/src/pages/AdminPackages.tsx(931,34): error TS7006: Parameter 'e' implicitly has an 'any' type.
client/src/pages/AdminPersonas.tsx(208,32): error TS7006: Parameter 'e' implicitly has an 'any' type.
client/src/pages/AdminPersonas.tsx(216,37): error TS7006: Parameter 'v' implicitly has an 'any' type.
client/src/pages/AdminPersonas.tsx(233,37): error TS7006: Parameter 'v' implicitly has an 'any' type.
client/src/pages/AdminPersonas.tsx(252,32): error TS7006: Parameter 'e' implicitly has an 'any' type.
client/src/pages/AdminPersonas.tsx(260,37): error TS7006: Parameter 'v' implicitly has an 'any' type.
client/src/pages/AdminPersonas.tsx(278,30): error TS7006: Parameter 'e' implicitly has an 'any' type.
client/src/pages/AdminPersonas.tsx(286,30): error TS7006: Parameter 'e' implicitly has an 'any' type.
client/src/pages/AdminPersonas.tsx(299,30): error TS7006: Parameter 'e' implicitly has an 'any' type.
client/src/pages/AdminPersonas.tsx(309,32): error TS7006: Parameter 'e' implicitly has an 'any' type.
client/src/pages/AdminPersonas.tsx(310,33): error TS7006: Parameter 'e' implicitly has an 'any' type.
client/src/pages/AdminPlatformOperations.tsx(56,85): error TS7006: Parameter 'event' implicitly has an 'any' type.
client/src/pages/AdminPlatformOperations.tsx(60,95): error TS7006: Parameter 'event' implicitly has an 'any' type.
client/src/pages/AdminPlatformOperations.tsx(64,93): error TS7006: Parameter 'event' implicitly has an 'any' type.
client/src/pages/AdminQueueDashboard.tsx(452,36): error TS2339: Property 'settingsDegraded' does not exist on type '{ settings: WorkerJobDeadlineSettings; settingsDegraded: boolean; metricsDegraded: boolean; hardMaximumMinutes: Record<JobFamily, number>; metrics: ({ ...; } | { ...; })[]; } | { ...; }'.
  Property 'settingsDegraded' does not exist on type '{ settings: WorkerJobDeadlineSettings; hardMaximumMinutes: { python: number; image: number; video: number; }; metrics: never[]; degraded: boolean; }'.
client/src/pages/AdminQueueDashboard.tsx(452,77): error TS2339: Property 'metricsDegraded' does not exist on type '{ settings: WorkerJobDeadlineSettings; settingsDegraded: boolean; metricsDegraded: boolean; hardMaximumMinutes: Record<JobFamily, number>; metrics: ({ ...; } | { ...; })[]; } | { ...; }'.
  Property 'metricsDegraded' does not exist on type '{ settings: WorkerJobDeadlineSettings; hardMaximumMinutes: { python: number; image: number; video: number; }; metrics: never[]; degraded: boolean; }'.
client/src/pages/AdminQueueDashboard.tsx(464,35): error TS7006: Parameter 'adaptive' implicitly has an 'any' type.
client/src/pages/AdminQueueDashboard.tsx(472,33): error TS7053: Element implicitly has an 'any' type because expression of type '"audio" | "video" | "image" | "python" | "general"' can't be used to index type 'Record<JobFamily, number> | { python: number; image: number; video: number; }'.
  Property 'audio' does not exist on type 'Record<JobFamily, number> | { python: number; image: number; video: number; }'.
client/src/pages/AdminQueueDashboard.tsx(494,36): error TS7006: Parameter 'event' implicitly has an 'any' type.
client/src/pages/AdminQueueDashboard.tsx(504,36): error TS7006: Parameter 'event' implicitly has an 'any' type.
client/src/pages/AdminRateLimits.tsx(142,26): error TS7006: Parameter 'e' implicitly has an 'any' type.
client/src/pages/AdminSTTProviders.tsx(230,35): error TS7006: Parameter 'e' implicitly has an 'any' type.
client/src/pages/AdminScheduledJobs.tsx(241,29): error TS7006: Parameter 'v' implicitly has an 'any' type.
client/src/pages/AdminSettings.tsx(493,30): error TS7006: Parameter 'checked' implicitly has an 'any' type.
client/src/pages/AdminSettings.tsx(503,25): error TS7006: Parameter 'event' implicitly has an 'any' type.
client/src/pages/AdminSettings.tsx(521,25): error TS7006: Parameter 'event' implicitly has an 'any' type.
client/src/pages/AdminSettings.tsx(533,25): error TS7006: Parameter 'event' implicitly has an 'any' type.
client/src/pages/AdminSettings.tsx(545,25): error TS7006: Parameter 'event' implicitly has an 'any' type.
client/src/pages/AdminSettings.tsx(570,23): error TS7006: Parameter 'event' implicitly has an 'any' type.
client/src/pages/AdminSettings.tsx(584,23): error TS7006: Parameter 'event' implicitly has an 'any' type.
client/src/pages/AdminSettings.tsx(597,23): error TS7006: Parameter 'event' implicitly has an 'any' type.
client/src/pages/AdminSettings.tsx(611,21): error TS7006: Parameter 'event' implicitly has an 'any' type.
client/src/pages/AdminSettings.tsx(2686,44): error TS7006: Parameter 'value' implicitly has an 'any' type.
client/src/pages/AdminSettings.tsx(2722,48): error TS7006: Parameter 'checked' implicitly has an 'any' type.
client/src/pages/AdminSettings.tsx(2746,48): error TS7006: Parameter 'checked' implicitly has an 'any' type.
client/src/pages/AdminSettings.tsx(2772,48): error TS7006: Parameter 'checked' implicitly has an 'any' type.
client/src/pages/AdminSettings.tsx(2841,36): error TS7006: Parameter 'value' implicitly has an 'any' type.
client/src/pages/AdminSettings.tsx(2900,41): error TS7006: Parameter 'e' implicitly has an 'any' type.
client/src/pages/AdminSettings.tsx(2937,43): error TS7006: Parameter 'e' implicitly has an 'any' type.
client/src/pages/AdminSettings.tsx(2988,43): error TS7006: Parameter 'e' implicitly has an 'any' type.
client/src/pages/AdminSettings.tsx(3023,44): error TS7006: Parameter 'value' implicitly has an 'any' type.
client/src/pages/AdminSettings.tsx(3282,43): error TS7006: Parameter 'e' implicitly has an 'any' type.
client/src/pages/AdminSettings.tsx(3300,45): error TS7006: Parameter 'e' implicitly has an 'any' type.
client/src/pages/AdminSettings.tsx(3322,43): error TS7006: Parameter 'e' implicitly has an 'any' type.
client/src/pages/AdminSettings.tsx(3337,43): error TS7006: Parameter 'e' implicitly has an 'any' type.
client/src/pages/AdminSettings.tsx(3356,43): error TS7006: Parameter 'e' implicitly has an 'any' type.
client/src/pages/AdminSettings.tsx(3375,43): error TS7006: Parameter 'e' implicitly has an 'any' type.
client/src/pages/AdminSettings.tsx(3394,43): error TS7006: Parameter 'e' implicitly has an 'any' type.
client/src/pages/AdminSettings.tsx(3409,43): error TS7006: Parameter 'e' implicitly has an 'any' type.
client/src/pages/AdminSettings.tsx(3428,43): error TS7006: Parameter 'e' implicitly has an 'any' type.
client/src/pages/AdminSettings.tsx(3447,43): error TS7006: Parameter 'e' implicitly has an 'any' type.
client/src/pages/AdminSettings.tsx(3466,43): error TS7006: Parameter 'e' implicitly has an 'any' type.
client/src/pages/AdminSettings.tsx(3490,43): error TS7006: Parameter 'e' implicitly has an 'any' type.
client/src/pages/AdminSettings.tsx(3516,43): error TS7006: Parameter 'e' implicitly has an 'any' type.
client/src/pages/AdminSettings.tsx(3545,43): error TS7006: Parameter 'e' implicitly has an 'any' type.
client/src/pages/AdminSettings.tsx(3665,52): error TS7006: Parameter 'checked' implicitly has an 'any' type.
client/src/pages/AdminSettings.tsx(3685,43): error TS7006: Parameter 'e' implicitly has an 'any' type.
client/src/pages/AdminSettings.tsx(3703,43): error TS7006: Parameter 'e' implicitly has an 'any' type.
client/src/pages/AdminSettings.tsx(3719,43): error TS7006: Parameter 'e' implicitly has an 'any' type.
client/src/pages/AdminSettings.tsx(3737,43): error TS7006: Parameter 'e' implicitly has an 'any' type.
client/src/pages/AdminSettings.tsx(3765,43): error TS7006: Parameter 'e' implicitly has an 'any' type.
client/src/pages/AdminSettings.tsx(3785,43): error TS7006: Parameter 'e' implicitly has an 'any' type.
client/src/pages/AdminSettings.tsx(3805,43): error TS7006: Parameter 'e' implicitly has an 'any' type.
client/src/pages/AdminSettings.tsx(3822,43): error TS7006: Parameter 'e' implicitly has an 'any' type.
client/src/pages/AdminSettings.tsx(3839,43): error TS7006: Parameter 'e' implicitly has an 'any' type.
client/src/pages/AdminSettings.tsx(3854,43): error TS7006: Parameter 'e' implicitly has an 'any' type.
client/src/pages/AdminSettings.tsx(3873,43): error TS7006: Parameter 'e' implicitly has an 'any' type.
client/src/pages/AdminSettings.tsx(3888,43): error TS7006: Parameter 'e' implicitly has an 'any' type.
client/src/pages/AdminSettings.tsx(3907,43): error TS7006: Parameter 'e' implicitly has an 'any' type.
client/src/pages/AdminSettings.tsx(3927,43): error TS7006: Parameter 'e' implicitly has an 'any' type.
client/src/pages/AdminSettings.tsx(3944,43): error TS7006: Parameter 'e' implicitly has an 'any' type.
client/src/pages/AdminSettings.tsx(3961,43): error TS7006: Parameter 'e' implicitly has an 'any' type.
client/src/pages/AdminSettings.tsx(3978,43): error TS7006: Parameter 'e' implicitly has an 'any' type.
client/src/pages/AdminSettings.tsx(4082,48): error TS7006: Parameter 'checked' implicitly has an 'any' type.
client/src/pages/AdminSettings.tsx(4102,43): error TS7006: Parameter 'e' implicitly has an 'any' type.
client/src/pages/AdminSettings.tsx(4137,48): error TS7006: Parameter 'value' implicitly has an 'any' type.
client/src/pages/AdminSettings.tsx(4176,43): error TS7006: Parameter 'e' implicitly has an 'any' type.
client/src/pages/AdminSettings.tsx(4196,43): error TS7006: Parameter 'e' implicitly has an 'any' type.
client/src/pages/AdminSettings.tsx(4215,43): error TS7006: Parameter 'e' implicitly has an 'any' type.
client/src/pages/AdminSettings.tsx(4230,43): error TS7006: Parameter 'e' implicitly has an 'any' type.
client/src/pages/AdminSettings.tsx(4245,43): error TS7006: Parameter 'e' implicitly has an 'any' type.
client/src/pages/AdminSettings.tsx(4264,43): error TS7006: Parameter 'e' implicitly has an 'any' type.
client/src/pages/AdminSettings.tsx(4283,43): error TS7006: Parameter 'e' implicitly has an 'any' type.
client/src/pages/AdminSettings.tsx(4302,43): error TS7006: Parameter 'e' implicitly has an 'any' type.
client/src/pages/AdminSettings.tsx(4321,43): error TS7006: Parameter 'e' implicitly has an 'any' type.
client/src/pages/AdminSettings.tsx(4425,35): error TS7006: Parameter 'e' implicitly has an 'any' type.
client/src/pages/AdminSettings.tsx(4456,37): error TS7006: Parameter 'e' implicitly has an 'any' type.
client/src/pages/AdminSettings.tsx(4487,37): error TS7006: Parameter 'e' implicitly has an 'any' type.
client/src/pages/AdminSettings.tsx(4509,37): error TS7006: Parameter 'e' implicitly has an 'any' type.
client/src/pages/AdminSettings.tsx(4881,35): error TS7006: Parameter 'e' implicitly has an 'any' type.
client/src/pages/AdminSettings.tsx(4912,37): error TS7006: Parameter 'e' implicitly has an 'any' type.
client/src/pages/AdminSettings.tsx(4940,35): error TS7006: Parameter 'e' implicitly has an 'any' type.
client/src/pages/AdminSettings.tsx(4977,35): error TS7006: Parameter 'e' implicitly has an 'any' type.
client/src/pages/AdminSettings.tsx(5007,37): error TS7006: Parameter 'e' implicitly has an 'any' type.
client/src/pages/AdminSettings.tsx(5039,35): error TS7006: Parameter 'e' implicitly has an 'any' type.
client/src/pages/AdminSettings.tsx(5186,35): error TS7006: Parameter 'e' implicitly has an 'any' type.
client/src/pages/AdminSettings.tsx(5197,35): error TS7006: Parameter 'e' implicitly has an 'any' type.
client/src/pages/AdminSettings.tsx(5211,35): error TS7006: Parameter 'e' implicitly has an 'any' type.
client/src/pages/AdminSettings.tsx(5228,37): error TS7006: Parameter 'e' implicitly has an 'any' type.
client/src/pages/AdminSettings.tsx(5250,35): error TS7006: Parameter 'e' implicitly has an 'any' type.
client/src/pages/AdminSettings.tsx(5261,35): error TS7006: Parameter 'e' implicitly has an 'any' type.
client/src/pages/AdminSettings.tsx(5471,35): error TS7006: Parameter 'e' implicitly has an 'any' type.
client/src/pages/AdminSettings.tsx(5494,35): error TS7006: Parameter 'e' implicitly has an 'any' type.
client/src/pages/AdminSettings.tsx(5505,35): error TS7006: Parameter 'e' implicitly has an 'any' type.
client/src/pages/AdminSettings.tsx(5526,35): error TS7006: Parameter 'e' implicitly has an 'any' type.
client/src/pages/AdminSettings.tsx(5748,35): error TS7006: Parameter 'e' implicitly has an 'any' type.
client/src/pages/AdminSettings.tsx(5788,33): error TS7006: Parameter 'e' implicitly has an 'any' type.
client/src/pages/AdminSettings.tsx(5809,33): error TS7006: Parameter 'e' implicitly has an 'any' type.
client/src/pages/AdminSettings.tsx(6059,39): error TS7006: Parameter 'e' implicitly has an 'any' type.
client/src/pages/AdminSettings.tsx(6078,39): error TS7006: Parameter 'e' implicitly has an 'any' type.
client/src/pages/AdminSettings.tsx(6128,39): error TS7006: Parameter 'e' implicitly has an 'any' type.
client/src/pages/AdminSettings.tsx(6162,39): error TS7006: Parameter 'e' implicitly has an 'any' type.
client/src/pages/AdminSettings.tsx(6187,39): error TS7006: Parameter 'e' implicitly has an 'any' type.
client/src/pages/AdminSettings.tsx(6337,33): error TS7006: Parameter 'e' implicitly has an 'any' type.
client/src/pages/AdminSettings.tsx(6357,33): error TS7006: Parameter 'e' implicitly has an 'any' type.
client/src/pages/AdminSettings.tsx(6621,45): error TS7006: Parameter 'e' implicitly has an 'any' type.
client/src/pages/AdminSettings.tsx(6780,40): error TS7006: Parameter 'checked' implicitly has an 'any' type.
client/src/pages/AdminSettings.tsx(6816,35): error TS7006: Parameter 'e' implicitly has an 'any' type.
client/src/pages/AdminSettings.tsx(6903,33): error TS7006: Parameter 'event' implicitly has an 'any' type.
client/src/pages/AdminSettings.tsx(7620,38): error TS7006: Parameter 'value' implicitly has an 'any' type.
client/src/pages/AdminSettings.tsx(7702,37): error TS7006: Parameter 'e' implicitly has an 'any' type.
client/src/pages/AdminSettings.tsx(7745,39): error TS7006: Parameter 'e' implicitly has an 'any' type.
client/src/pages/AdminSettings.tsx(7761,39): error TS7006: Parameter 'e' implicitly has an 'any' type.
client/src/pages/AdminSettings.tsx(7781,39): error TS7006: Parameter 'e' implicitly has an 'any' type.
client/src/pages/AdminSettings.tsx(7797,39): error TS7006: Parameter 'e' implicitly has an 'any' type.
client/src/pages/AdminSettings.tsx(7820,39): error TS7006: Parameter 'e' implicitly has an 'any' type.
client/src/pages/AdminSettings.tsx(7883,39): error TS7006: Parameter 'e' implicitly has an 'any' type.
client/src/pages/AdminSettings.tsx(7899,39): error TS7006: Parameter 'e' implicitly has an 'any' type.
client/src/pages/AdminSettings.tsx(7917,39): error TS7006: Parameter 'e' implicitly has an 'any' type.
client/src/pages/AdminSettings.tsx(7935,39): error TS7006: Parameter 'e' implicitly has an 'any' type.
client/src/pages/AdminSettings.tsx(7953,39): error TS7006: Parameter 'e' implicitly has an 'any' type.
client/src/pages/AdminSettings.tsx(7976,39): error TS7006: Parameter 'e' implicitly has an 'any' type.
client/src/pages/AdminSettings.tsx(8076,39): error TS7006: Parameter 'e' implicitly has an 'any' type.
client/src/pages/AdminSettings.tsx(8233,33): error TS7006: Parameter 'open' implicitly has an 'any' type.
client/src/pages/AdminSettings.tsx(8284,34): error TS7006: Parameter 'event' implicitly has an 'any' type.
client/src/pages/AdminSkillRepositories.tsx(239,28): error TS7006: Parameter 'e' implicitly has an 'any' type.
client/src/pages/AdminSkillRepositories.tsx(247,28): error TS7006: Parameter 'e' implicitly has an 'any' type.
client/src/pages/AdminSkillRepositories.tsx(258,30): error TS7006: Parameter 'e' implicitly has an 'any' type.
client/src/pages/AdminSkillRepositories.tsx(280,28): error TS7006: Parameter 'e' implicitly has an 'any' type.
client/src/pages/AdminSkills.tsx(432,7): error TS2739: Type '{ "llm-only": string; "enhance-prompt": string; "media-generate": string; python: string; }' is missing the following properties from type 'Record<SkillExecutionMode, string>': "sandbox-code", "sandbox-command", "sandbox-browser", "sandbox-file", "sandbox-media"
client/src/pages/AdminSkills.tsx(3743,7): error TS2322: Type 'SkillExecutionMode' is not assignable to type '"python" | "llm-only" | "media-generate" | "enhance-prompt" | undefined'.
  Type '"sandbox-code"' is not assignable to type '"python" | "llm-only" | "media-generate" | "enhance-prompt" | undefined'.
client/src/pages/AdminSkills.tsx(3914,7): error TS2322: Type 'SkillExecutionMode' is not assignable to type '"python" | "llm-only" | "media-generate" | "enhance-prompt" | undefined'.
  Type '"sandbox-code"' is not assignable to type '"python" | "llm-only" | "media-generate" | "enhance-prompt" | undefined'.
client/src/pages/AdminSkills.tsx(4175,33): error TS7006: Parameter 'e' implicitly has an 'any' type.
client/src/pages/AdminSkills.tsx(4319,31): error TS7006: Parameter 'event' implicitly has an 'any' type.
client/src/pages/AdminSkills.tsx(4328,31): error TS7006: Parameter 'event' implicitly has an 'any' type.
client/src/pages/AdminSkills.tsx(4518,39): error TS7006: Parameter 'event' implicitly has an 'any' type.
client/src/pages/AdminSkills.tsx(4536,39): error TS7006: Parameter 'event' implicitly has an 'any' type.
client/src/pages/AdminSkills.tsx(4565,44): error TS7006: Parameter 'checked' implicitly has an 'any' type.
client/src/pages/AdminSkills.tsx(4650,50): error TS7006: Parameter 'checked' implicitly has an 'any' type.
client/src/pages/AdminSkills.tsx(4775,47): error TS7006: Parameter 'event' implicitly has an 'any' type.
client/src/pages/AdminSkills.tsx(4806,47): error TS7006: Parameter 'event' implicitly has an 'any' type.
client/src/pages/AdminSkills.tsx(4838,52): error TS7006: Parameter 'checked' implicitly has an 'any' type.
client/src/pages/AdminSkills.tsx(5519,36): error TS7006: Parameter 'value' implicitly has an 'any' type.
client/src/pages/AdminSkills.tsx(6849,40): error TS7006: Parameter 'checked' implicitly has an 'any' type.
client/src/pages/AdminSkills.tsx(6869,40): error TS7006: Parameter 'checked' implicitly has an 'any' type.
client/src/pages/AdminSkills.tsx(6890,40): error TS7006: Parameter 'checked' implicitly has an 'any' type.
client/src/pages/AdminSkills.tsx(7173,42): error TS7006: Parameter 'checked' implicitly has an 'any' type.
client/src/pages/AdminSkills.tsx(7227,50): error TS7006: Parameter 'checked' implicitly has an 'any' type.
client/src/pages/AdminSkills.tsx(7946,31): error TS7006: Parameter 'e' implicitly has an 'any' type.
client/src/pages/AdminSkills.tsx(7961,31): error TS7006: Parameter 'e' implicitly has an 'any' type.
client/src/pages/AdminSkills.tsx(7978,31): error TS7006: Parameter 'e' implicitly has an 'any' type.
client/src/pages/AdminSkills.tsx(8010,36): error TS7006: Parameter 'value' implicitly has an 'any' type.
client/src/pages/AdminSkills.tsx(8039,36): error TS7006: Parameter 'value' implicitly has an 'any' type.
client/src/pages/AdminSkills.tsx(8068,31): error TS7006: Parameter 'e' implicitly has an 'any' type.
client/src/pages/AdminSkills.tsx(8085,31): error TS7006: Parameter 'e' implicitly has an 'any' type.
client/src/pages/AdminSkills.tsx(8103,31): error TS7006: Parameter 'e' implicitly has an 'any' type.
client/src/pages/AdminSkills.tsx(8126,40): error TS7006: Parameter 'checked' implicitly has an 'any' type.
client/src/pages/AdminSkills.tsx(8164,27): error TS7006: Parameter 'e' implicitly has an 'any' type.
client/src/pages/AdminSkills.tsx(8178,27): error TS7006: Parameter 'e' implicitly has an 'any' type.
client/src/pages/AdminSkills.tsx(8463,27): error TS7006: Parameter 'e' implicitly has an 'any' type.
client/src/pages/AdminSkills.tsx(8616,23): error TS7006: Parameter 'open' implicitly has an 'any' type.
client/src/pages/AdminSkills.tsx(8953,23): error TS7006: Parameter 'open' implicitly has an 'any' type.
client/src/pages/AdminSkills.tsx(9020,33): error TS7006: Parameter 'e' implicitly has an 'any' type.
client/src/pages/AdminSkills.tsx(9052,33): error TS7006: Parameter 'e' implicitly has an 'any' type.
client/src/pages/AdminSkills.tsx(9087,31): error TS7006: Parameter 'e' implicitly has an 'any' type.
client/src/pages/AdminSkills.tsx(9115,36): error TS7006: Parameter 'value' implicitly has an 'any' type.
client/src/pages/AdminSkills.tsx(9171,40): error TS7006: Parameter 'value' implicitly has an 'any' type.
client/src/pages/AdminSkills.tsx(9217,40): error TS7006: Parameter 'value' implicitly has an 'any' type.
client/src/pages/AdminSkills.tsx(9258,35): error TS7006: Parameter 'e' implicitly has an 'any' type.
client/src/pages/AdminSkills.tsx(9278,35): error TS7006: Parameter 'e' implicitly has an 'any' type.
client/src/pages/AdminSkills.tsx(9297,35): error TS7006: Parameter 'e' implicitly has an 'any' type.
client/src/pages/AdminSkills.tsx(9319,35): error TS7006: Parameter 'e' implicitly has an 'any' type.
client/src/pages/AdminSkills.tsx(9341,44): error TS7006: Parameter 'value' implicitly has an 'any' type.
client/src/pages/AdminSkills.tsx(9497,42): error TS7006: Parameter 'value' implicitly has an 'any' type.
client/src/pages/AdminSkills.tsx(9554,37): error TS7006: Parameter 'e' implicitly has an 'any' type.
client/src/pages/AdminSkills.tsx(9581,37): error TS7006: Parameter 'e' implicitly has an 'any' type.
client/src/pages/AdminSkills.tsx(9611,44): error TS7006: Parameter 'checked' implicitly has an 'any' type.
client/src/pages/AdminSkills.tsx(9639,44): error TS7006: Parameter 'checked' implicitly has an 'any' type.
client/src/pages/AdminSkills.tsx(9655,36): error TS7006: Parameter 'v' implicitly has an 'any' type.
client/src/pages/AdminSkills.tsx(9685,40): error TS7006: Parameter 'checked' implicitly has an 'any' type.
client/src/pages/AdminSkills.tsx(9701,42): error TS7006: Parameter 'checked' implicitly has an 'any' type.
client/src/pages/AdminSkills.tsx(9721,42): error TS7006: Parameter 'checked' implicitly has an 'any' type.
client/src/pages/AdminSkills.tsx(9742,42): error TS7006: Parameter 'checked' implicitly has an 'any' type.
client/src/pages/AdminSkills.tsx(9776,31): error TS7006: Parameter 'e' implicitly has an 'any' type.
client/src/pages/AdminSkills.tsx(9797,31): error TS7006: Parameter 'e' implicitly has an 'any' type.
client/src/pages/AdminSkills.tsx(9819,31): error TS7006: Parameter 'e' implicitly has an 'any' type.
client/src/pages/AdminSkills.tsx(9955,31): error TS7006: Parameter 'e' implicitly has an 'any' type.
client/src/pages/AdminSkills.tsx(9969,29): error TS7006: Parameter 'e' implicitly has an 'any' type.
client/src/pages/AdminSkills.tsx(9989,34): error TS7006: Parameter 'v' implicitly has an 'any' type.
client/src/pages/AdminSkills.tsx(10076,40): error TS7006: Parameter 'groupId' implicitly has an 'any' type.
client/src/pages/AdminSkills.tsx(10116,36): error TS7006: Parameter 'value' implicitly has an 'any' type.
client/src/pages/AdminSkills.tsx(10167,31): error TS7006: Parameter 'e' implicitly has an 'any' type.
client/src/pages/AdminSkills.tsx(10187,31): error TS7006: Parameter 'e' implicitly has an 'any' type.
client/src/pages/AdminSkills.tsx(10206,31): error TS7006: Parameter 'e' implicitly has an 'any' type.
client/src/pages/AdminSkills.tsx(10228,31): error TS7006: Parameter 'e' implicitly has an 'any' type.
client/src/pages/AdminSkills.tsx(10246,34): error TS7006: Parameter 'value' implicitly has an 'any' type.
client/src/pages/AdminSkills.tsx(10284,48): error TS18047: 'editingSkill' is possibly 'null'.
client/src/pages/AdminSkills.tsx(10299,27): error TS18047: 'editingSkill' is possibly 'null'.
client/src/pages/AdminSkills.tsx(10301,29): error TS18047: 'editingSkill' is possibly 'null'.
client/src/pages/AdminSkills.tsx(10302,29): error TS18047: 'editingSkill' is possibly 'null'.
client/src/pages/AdminSkills.tsx(10306,40): error TS7006: Parameter 'value' implicitly has an 'any' type.
client/src/pages/AdminSkills.tsx(10307,43): error TS2345: Argument of type '{ sandboxProfileSlug: any; id?: number | undefined; slug?: string | undefined; name?: string | undefined; description?: string | null | undefined; category?: string | undefined; version?: string | ... 1 more ... | undefined; ... 43 more ...; nativeBundleLockPath?: string | null; }' is not assignable to parameter of type 'SetStateAction<Skill | null>'.
  Type '{ sandboxProfileSlug: any; id?: number | undefined; slug?: string | undefined; name?: string | undefined; description?: string | null | undefined; category?: string | undefined; version?: string | ... 1 more ... | undefined; ... 43 more ...; nativeBundleLockPath?: string | null; }' is not assignable to type 'Skill'.
    Types of property 'id' are incompatible.
      Type 'number | undefined' is not assignable to type 'number'.
        Type 'undefined' is not assignable to type 'number'.
client/src/pages/AdminSkills.tsx(10353,27): error TS18047: 'editingSkill' is possibly 'null'.
client/src/pages/AdminSkills.tsx(10355,29): error TS18047: 'editingSkill' is possibly 'null'.
client/src/pages/AdminSkills.tsx(10356,29): error TS18047: 'editingSkill' is possibly 'null'.
client/src/pages/AdminSkills.tsx(10360,35): error TS7006: Parameter 'e' implicitly has an 'any' type.
client/src/pages/AdminSkills.tsx(10361,43): error TS2345: Argument of type '{ maxRuntimeSeconds: number | null; id?: number | undefined; slug?: string | undefined; name?: string | undefined; description?: string | null | undefined; category?: string | undefined; ... 44 more ...; nativeBundleLockPath?: string | null; }' is not assignable to parameter of type 'SetStateAction<Skill | null>'.
  Type '{ maxRuntimeSeconds: number | null; id?: number | undefined; slug?: string | undefined; name?: string | undefined; description?: string | null | undefined; category?: string | undefined; ... 44 more ...; nativeBundleLockPath?: string | null; }' is not assignable to type 'Skill'.
    Types of property 'id' are incompatible.
      Type 'number | undefined' is not assignable to type 'number'.
        Type 'undefined' is not assignable to type 'number'.
client/src/pages/AdminSkills.tsx(10380,27): error TS18047: 'editingSkill' is possibly 'null'.
client/src/pages/AdminSkills.tsx(10382,29): error TS18047: 'editingSkill' is possibly 'null'.
client/src/pages/AdminSkills.tsx(10383,29): error TS18047: 'editingSkill' is possibly 'null'.
client/src/pages/AdminSkills.tsx(10387,35): error TS7006: Parameter 'e' implicitly has an 'any' type.
client/src/pages/AdminSkills.tsx(10388,43): error TS2345: Argument of type '{ maxInputMb: number | null; id?: number | undefined; slug?: string | undefined; name?: string | undefined; description?: string | null | undefined; category?: string | undefined; version?: string | ... 1 more ... | undefined; ... 43 more ...; nativeBundleLockPath?: string | null; }' is not assignable to parameter of type 'SetStateAction<Skill | null>'.
  Type '{ maxInputMb: number | null; id?: number | undefined; slug?: string | undefined; name?: string | undefined; description?: string | null | undefined; category?: string | undefined; version?: string | ... 1 more ... | undefined; ... 43 more ...; nativeBundleLockPath?: string | null; }' is not assignable to type 'Skill'.
    Types of property 'id' are incompatible.
      Type 'number | undefined' is not assignable to type 'number'.
        Type 'undefined' is not assignable to type 'number'.
client/src/pages/AdminSkills.tsx(10409,27): error TS18047: 'editingSkill' is possibly 'null'.
client/src/pages/AdminSkills.tsx(10411,29): error TS18047: 'editingSkill' is possibly 'null'.
client/src/pages/AdminSkills.tsx(10412,29): error TS18047: 'editingSkill' is possibly 'null'.
client/src/pages/AdminSkills.tsx(10415,42): error TS7006: Parameter 'checked' implicitly has an 'any' type.
client/src/pages/AdminSkills.tsx(10416,43): error TS2345: Argument of type '{ requiresNetwork: any; id?: number | undefined; slug?: string | undefined; name?: string | undefined; description?: string | null | undefined; category?: string | undefined; version?: string | ... 1 more ... | undefined; ... 43 more ...; nativeBundleLockPath?: string | null; }' is not assignable to parameter of type 'SetStateAction<Skill | null>'.
  Type '{ requiresNetwork: any; id?: number | undefined; slug?: string | undefined; name?: string | undefined; description?: string | null | undefined; category?: string | undefined; version?: string | ... 1 more ... | undefined; ... 43 more ...; nativeBundleLockPath?: string | null; }' is not assignable to type 'Skill'.
    Types of property 'id' are incompatible.
      Type 'number | undefined' is not assignable to type 'number'.
        Type 'undefined' is not assignable to type 'number'.
client/src/pages/AdminSkills.tsx(10435,27): error TS18047: 'editingSkill' is possibly 'null'.
client/src/pages/AdminSkills.tsx(10437,29): error TS18047: 'editingSkill' is possibly 'null'.
client/src/pages/AdminSkills.tsx(10438,29): error TS18047: 'editingSkill' is possibly 'null'.
client/src/pages/AdminSkills.tsx(10441,42): error TS7006: Parameter 'checked' implicitly has an 'any' type.
client/src/pages/AdminSkills.tsx(10442,43): error TS2345: Argument of type '{ requiresBrowser: any; id?: number | undefined; slug?: string | undefined; name?: string | undefined; description?: string | null | undefined; category?: string | undefined; version?: string | ... 1 more ... | undefined; ... 43 more ...; nativeBundleLockPath?: string | null; }' is not assignable to parameter of type 'SetStateAction<Skill | null>'.
  Type '{ requiresBrowser: any; id?: number | undefined; slug?: string | undefined; name?: string | undefined; description?: string | null | undefined; category?: string | undefined; version?: string | ... 1 more ... | undefined; ... 43 more ...; nativeBundleLockPath?: string | null; }' is not assignable to type 'Skill'.
    Types of property 'id' are incompatible.
      Type 'number | undefined' is not assignable to type 'number'.
        Type 'undefined' is not assignable to type 'number'.
client/src/pages/AdminSkills.tsx(10684,40): error TS7006: Parameter 'value' implicitly has an 'any' type.
client/src/pages/AdminSkills.tsx(10740,44): error TS7006: Parameter 'checked' implicitly has an 'any' type.
client/src/pages/AdminSkills.tsx(10758,38): error TS7006: Parameter 'checked' implicitly has an 'any' type.
client/src/pages/AdminSkills.tsx(10778,38): error TS7006: Parameter 'checked' implicitly has an 'any' type.
client/src/pages/AdminSkills.tsx(10795,38): error TS7006: Parameter 'checked' implicitly has an 'any' type.
client/src/pages/AdminSkills.tsx(10818,38): error TS7006: Parameter 'checked' implicitly has an 'any' type.
client/src/pages/AdminSkills.tsx(10870,38): error TS7006: Parameter 'checked' implicitly has an 'any' type.
client/src/pages/AdminSkills.tsx(10903,38): error TS7006: Parameter 'checked' implicitly has an 'any' type.
client/src/pages/AdminSkills.tsx(10918,40): error TS7006: Parameter 'checked' implicitly has an 'any' type.
client/src/pages/AdminSkills.tsx(10943,40): error TS7006: Parameter 'checked' implicitly has an 'any' type.
client/src/pages/AdminSkills.tsx(10969,40): error TS7006: Parameter 'checked' implicitly has an 'any' type.
client/src/pages/AdminSkills.tsx(11002,35): error TS7006: Parameter 'event' implicitly has an 'any' type.
client/src/pages/AdminSkills.tsx(11027,35): error TS7006: Parameter 'event' implicitly has an 'any' type.
client/src/pages/AdminSkills.tsx(11065,38): error TS7006: Parameter 'val' implicitly has an 'any' type.
client/src/pages/AdminSkills.tsx(11110,38): error TS7006: Parameter 'val' implicitly has an 'any' type.
client/src/pages/AdminSkills.tsx(11184,33): error TS7006: Parameter 'e' implicitly has an 'any' type.
client/src/pages/AdminSkills.tsx(11205,40): error TS7006: Parameter 'checked' implicitly has an 'any' type.
client/src/pages/AdminSkills.tsx(11227,40): error TS7006: Parameter 'checked' implicitly has an 'any' type.
client/src/pages/AdminSkills.tsx(11265,36): error TS7006: Parameter 'val' implicitly has an 'any' type.
client/src/pages/AdminSkills.tsx(11374,44): error TS7006: Parameter 'checked' implicitly has an 'any' type.
client/src/pages/AdminSkills.tsx(11412,33): error TS7006: Parameter 'e' implicitly has an 'any' type.
client/src/pages/AdminSkills.tsx(11432,40): error TS7006: Parameter 'checked' implicitly has an 'any' type.
client/src/pages/AdminSkills.tsx(11456,40): error TS7006: Parameter 'checked' implicitly has an 'any' type.
client/src/pages/AdminSkills.tsx(11504,38): error TS7006: Parameter 'value' implicitly has an 'any' type.
client/src/pages/AdminSkills.tsx(11536,33): error TS7006: Parameter 'e' implicitly has an 'any' type.
client/src/pages/AdminSkills.tsx(11556,33): error TS7006: Parameter 'e' implicitly has an 'any' type.
client/src/pages/AdminSkills.tsx(11579,38): error TS7006: Parameter 'value' implicitly has an 'any' type.
client/src/pages/AdminSkills.tsx(11624,40): error TS7006: Parameter 'checked' implicitly has an 'any' type.
client/src/pages/AdminSkills.tsx(11673,35): error TS7006: Parameter 'e' implicitly has an 'any' type.
client/src/pages/AdminSkills.tsx(11715,29): error TS7006: Parameter 'e' implicitly has an 'any' type.
client/src/pages/AdminSkills.tsx(11733,29): error TS7006: Parameter 'e' implicitly has an 'any' type.
client/src/pages/AdminSkills.tsx(11774,29): error TS7006: Parameter 'e' implicitly has an 'any' type.
client/src/pages/AdminSkills.tsx(11790,31): error TS7006: Parameter 'e' implicitly has an 'any' type.
client/src/pages/AdminSkills.tsx(11862,27): error TS7006: Parameter 'e' implicitly has an 'any' type.
client/src/pages/AdminTenants.tsx(524,75): error TS7006: Parameter 'open' implicitly has an 'any' type.
client/src/pages/AdminTenants.tsx(550,36): error TS7006: Parameter 'e' implicitly has an 'any' type.
client/src/pages/AdminTenants.tsx(559,36): error TS7006: Parameter 'e' implicitly has an 'any' type.
client/src/pages/AdminTenants.tsx(570,34): error TS7006: Parameter 'e' implicitly has an 'any' type.
client/src/pages/AdminTenants.tsx(580,34): error TS7006: Parameter 'e' implicitly has an 'any' type.
client/src/pages/AdminTenants.tsx(632,40): error TS7006: Parameter 'e' implicitly has an 'any' type.
client/src/pages/AdminTenants.tsx(708,40): error TS7006: Parameter 'e' implicitly has an 'any' type.
client/src/pages/AdminTenants.tsx(787,38): error TS7006: Parameter 'e' implicitly has an 'any' type.
client/src/pages/AdminUsers.tsx(317,32): error TS7006: Parameter 'e' implicitly has an 'any' type.
client/src/pages/AdminUsers.tsx(390,41): error TS7006: Parameter 'e' implicitly has an 'any' type.
client/src/pages/AdminUsers.tsx(649,32): error TS7006: Parameter 'e' implicitly has an 'any' type.
client/src/pages/AdminUsers.tsx(674,32): error TS7006: Parameter 'e' implicitly has an 'any' type.
client/src/pages/AdminUsers.tsx(727,32): error TS7006: Parameter 'e' implicitly has an 'any' type.
client/src/pages/AdminVoiceAgents.tsx(59,22): error TS7006: Parameter 'event' implicitly has an 'any' type.
client/src/pages/AdminVoiceAgents.tsx(64,22): error TS7006: Parameter 'event' implicitly has an 'any' type.
client/src/pages/AdminWidgets.tsx(236,26): error TS7006: Parameter 'e' implicitly has an 'any' type.
client/src/pages/AdminWidgets.tsx(245,31): error TS7006: Parameter 'v' implicitly has an 'any' type.
client/src/pages/AdminWidgets.tsx(263,26): error TS7006: Parameter 'e' implicitly has an 'any' type.
client/src/pages/AdminWidgets.tsx(277,28): error TS7006: Parameter 'e' implicitly has an 'any' type.
client/src/pages/AdminWidgets.tsx(288,28): error TS7006: Parameter 'e' implicitly has an 'any' type.
client/src/pages/AdminWidgets.tsx(301,33): error TS7006: Parameter 'v' implicitly has an 'any' type.
client/src/pages/AdminWidgets.tsx(310,31): error TS7006: Parameter 'v' implicitly has an 'any' type.
client/src/pages/AdminWidgets.tsx(331,28): error TS7006: Parameter 'e' implicitly has an 'any' type.
client/src/pages/AdminWidgets.tsx(341,28): error TS7006: Parameter 'e' implicitly has an 'any' type.
client/src/pages/AdminWidgets.tsx(359,30): error TS7006: Parameter 'e' implicitly has an 'any' type.
client/src/pages/AdminWidgets.tsx(367,30): error TS7006: Parameter 'e' implicitly has an 'any' type.
client/src/pages/AdminWidgets.tsx(375,30): error TS7006: Parameter 'e' implicitly has an 'any' type.
client/src/pages/BillingCenter.tsx(470,69): error TS7006: Parameter 'e' implicitly has an 'any' type.
client/src/pages/BillingCenter.tsx(474,69): error TS7006: Parameter 'e' implicitly has an 'any' type.
client/src/pages/BillingCenter.tsx(478,63): error TS7006: Parameter 'e' implicitly has an 'any' type.
client/src/pages/BillingCenter.tsx(482,69): error TS7006: Parameter 'e' implicitly has an 'any' type.
client/src/pages/BillingCenter.tsx(486,63): error TS7006: Parameter 'e' implicitly has an 'any' type.
client/src/pages/BillingCenter.tsx(490,63): error TS7006: Parameter 'e' implicitly has an 'any' type.
client/src/pages/BillingCenter.tsx(494,70): error TS7006: Parameter 'e' implicitly has an 'any' type.
client/src/pages/BillingCenter.tsx(498,70): error TS7006: Parameter 'e' implicitly has an 'any' type.
client/src/pages/BillingCenter.tsx(502,66): error TS7006: Parameter 'e' implicitly has an 'any' type.
client/src/pages/BillingCenter.tsx(506,66): error TS7006: Parameter 'e' implicitly has an 'any' type.
client/src/pages/BillingCenter.tsx(510,68): error TS7006: Parameter 'e' implicitly has an 'any' type.
client/src/pages/BillingCenter.tsx(514,65): error TS7006: Parameter 'e' implicitly has an 'any' type.
client/src/pages/BillingCenter.tsx(518,72): error TS7006: Parameter 'e' implicitly has an 'any' type.
client/src/pages/BillingCenter.tsx(708,87): error TS7006: Parameter 'e' implicitly has an 'any' type.
client/src/pages/BillingCenter.tsx(712,82): error TS7006: Parameter 'e' implicitly has an 'any' type.
client/src/pages/BillingCenter.tsx(716,69): error TS7006: Parameter 'e' implicitly has an 'any' type.
client/src/pages/BillingCenter.tsx(720,69): error TS7006: Parameter 'e' implicitly has an 'any' type.
client/src/pages/BillingCenter.tsx(724,72): error TS7006: Parameter 'e' implicitly has an 'any' type.
client/src/pages/BillingCenter.tsx(728,71): error TS7006: Parameter 'e' implicitly has an 'any' type.
client/src/pages/BillingCenter.tsx(732,78): error TS7006: Parameter 'e' implicitly has an 'any' type.
client/src/pages/Chat.tsx(972,40): error TS7006: Parameter 'value' implicitly has an 'any' type.
client/src/pages/Chat.tsx(993,35): error TS7006: Parameter 'event' implicitly has an 'any' type.
client/src/pages/ComponentShowcase.tsx(511,41): error TS7006: Parameter 'e' implicitly has an 'any' type.
client/src/pages/ComponentShowcase.tsx(578,43): error TS7006: Parameter 'currentValue' implicitly has an 'any' type.
client/src/pages/ComponentShowcase.tsx(743,36): error TS7006: Parameter 'e' implicitly has an 'any' type.
client/src/pages/ComponentShowcase.tsx(754,38): error TS7006: Parameter 'e' implicitly has an 'any' type.
client/src/pages/ComponentShowcase.tsx(766,36): error TS7006: Parameter 'e' implicitly has an 'any' type.
client/src/pages/ComponentShowcase.tsx(1041,40): error TS7006: Parameter 'e' implicitly has an 'any' type.
client/src/pages/Credits.tsx(969,31): error TS7006: Parameter 'event' implicitly has an 'any' type.
client/src/pages/Credits.tsx(1369,62): error TS7006: Parameter 'open' implicitly has an 'any' type.
client/src/pages/Dashboard.tsx(1437,44): error TS7006: Parameter 'job' implicitly has an 'any' type.
client/src/pages/DecisionIntelligencePage.tsx(103,131): error TS7006: Parameter 'event' implicitly has an 'any' type.
client/src/pages/DecisionIntelligencePage.tsx(104,112): error TS7006: Parameter 'event' implicitly has an 'any' type.
client/src/pages/DecisionIntelligencePage.tsx(105,157): error TS7006: Parameter 'event' implicitly has an 'any' type.
client/src/pages/DecisionIntelligencePage.tsx(106,109): error TS7006: Parameter 'event' implicitly has an 'any' type.
client/src/pages/DesktopOpen.tsx(21,5): error TS2353: Object literal may only specify known properties, and 'agencyId' does not exist in type '{ runId?: string | undefined; projectId?: string | undefined; skillId?: string | undefined; }'.
client/src/pages/DesktopView.tsx(20,7): error TS2353: Object literal may only specify known properties, and 'agencyId' does not exist in type '{ runId?: string | null | undefined; projectId?: string | null | undefined; skillId?: string | null | undefined; }'.
client/src/pages/DocumentManagement.tsx(2064,25): error TS7006: Parameter 'event' implicitly has an 'any' type.
client/src/pages/DocumentManagement.tsx(3240,24): error TS7006: Parameter 'event' implicitly has an 'any' type.
client/src/pages/DocumentManagement.tsx(3477,39): error TS7006: Parameter 'event' implicitly has an 'any' type.
client/src/pages/DocumentManagement.tsx(3487,42): error TS7006: Parameter 'value' implicitly has an 'any' type.
client/src/pages/DocumentManagement.tsx(3508,42): error TS7006: Parameter 'value' implicitly has an 'any' type.
client/src/pages/DocumentManagement.tsx(3918,32): error TS7006: Parameter 'e' implicitly has an 'any' type.
client/src/pages/DocumentManagement.tsx(4063,39): error TS7006: Parameter 'event' implicitly has an 'any' type.
client/src/pages/DocumentManagement.tsx(4073,42): error TS7006: Parameter 'value' implicitly has an 'any' type.
client/src/pages/DocumentManagement.tsx(4094,42): error TS7006: Parameter 'value' implicitly has an 'any' type.
client/src/pages/DomainAdmin.tsx(241,30): error TS7006: Parameter 'e' implicitly has an 'any' type.
client/src/pages/DomainAdminContent.tsx(997,45): error TS7006: Parameter 'checked' implicitly has an 'any' type.
client/src/pages/DomainAdminContent.tsx(1021,38): error TS7006: Parameter 'e' implicitly has an 'any' type.
client/src/pages/DomainAdminContent.tsx(1032,38): error TS7006: Parameter 'e' implicitly has an 'any' type.
client/src/pages/DomainAdminContent.tsx(1058,53): error TS7006: Parameter 'value' implicitly has an 'any' type.
client/src/pages/DomainAdminContent.tsx(1087,46): error TS7006: Parameter 'e' implicitly has an 'any' type.
client/src/pages/DomainAdminContent.tsx(1094,46): error TS7006: Parameter 'e' implicitly has an 'any' type.
client/src/pages/DomainAdminContent.tsx(1101,46): error TS7006: Parameter 'e' implicitly has an 'any' type.
client/src/pages/DomainAdminContent.tsx(1124,38): error TS7006: Parameter 'e' implicitly has an 'any' type.
client/src/pages/DomainAdminContent.tsx(1142,38): error TS7006: Parameter 'e' implicitly has an 'any' type.
client/src/pages/DomainAdminContent.tsx(1152,47): error TS7006: Parameter 'checked' implicitly has an 'any' type.
client/src/pages/DomainAdminContent.tsx(1166,38): error TS7006: Parameter 'e' implicitly has an 'any' type.
client/src/pages/DomainAdminContent.tsx(1262,42): error TS7006: Parameter 'e' implicitly has an 'any' type.
client/src/pages/DomainAdminContent.tsx(1267,77): error TS7006: Parameter 'value' implicitly has an 'any' type.
client/src/pages/DomainAdminContent.tsx(1287,42): error TS7006: Parameter 'e' implicitly has an 'any' type.
client/src/pages/DomainAdminContent.tsx(1301,40): error TS7006: Parameter 'e' implicitly has an 'any' type.
client/src/pages/DomainAdminContent.tsx(1627,38): error TS7006: Parameter 'e' implicitly has an 'any' type.
client/src/pages/DomainAdminInvoice.tsx(217,34): error TS7006: Parameter 'e' implicitly has an 'any' type.
client/src/pages/DomainAdminInvoice.tsx(229,34): error TS7006: Parameter 'e' implicitly has an 'any' type.
client/src/pages/DomainAdminInvoice.tsx(241,34): error TS7006: Parameter 'e' implicitly has an 'any' type.
client/src/pages/DomainAdminInvoice.tsx(253,34): error TS7006: Parameter 'e' implicitly has an 'any' type.
client/src/pages/DomainAdminInvoice.tsx(265,34): error TS7006: Parameter 'e' implicitly has an 'any' type.
client/src/pages/DomainAdminInvoice.tsx(277,34): error TS7006: Parameter 'e' implicitly has an 'any' type.
client/src/pages/DomainAdminInvoice.tsx(289,34): error TS7006: Parameter 'e' implicitly has an 'any' type.
client/src/pages/DomainAdminInvoice.tsx(304,34): error TS7006: Parameter 'e' implicitly has an 'any' type.
client/src/pages/DomainAdminInvoice.tsx(317,34): error TS7006: Parameter 'e' implicitly has an 'any' type.
client/src/pages/DomainAdminInvoice.tsx(329,34): error TS7006: Parameter 'e' implicitly has an 'any' type.
client/src/pages/DomainAdminInvoice.tsx(341,34): error TS7006: Parameter 'e' implicitly has an 'any' type.
client/src/pages/DomainAdminInvoice.tsx(355,32): error TS7006: Parameter 'e' implicitly has an 'any' type.
client/src/pages/DomainAdminInvoice.tsx(372,34): error TS7006: Parameter 'e' implicitly has an 'any' type.
client/src/pages/DomainAdminInvoice.tsx(385,34): error TS7006: Parameter 'e' implicitly has an 'any' type.
client/src/pages/DomainAdminInvoice.tsx(403,36): error TS7006: Parameter 'e' implicitly has an 'any' type.
client/src/pages/DomainAdminInvoice.tsx(417,36): error TS7006: Parameter 'e' implicitly has an 'any' type.
client/src/pages/DomainAdminInvoice.tsx(431,36): error TS7006: Parameter 'e' implicitly has an 'any' type.
client/src/pages/DomainAdminInvoice.tsx(445,36): error TS7006: Parameter 'e' implicitly has an 'any' type.
client/src/pages/DomainAdminInvoice.tsx(459,36): error TS7006: Parameter 'e' implicitly has an 'any' type.
client/src/pages/DomainAdminInvoice.tsx(473,36): error TS7006: Parameter 'e' implicitly has an 'any' type.
client/src/pages/DomainAdminInvoice.tsx(498,36): error TS7006: Parameter 'e' implicitly has an 'any' type.
client/src/pages/DomainAdminInvoice.tsx(504,36): error TS7006: Parameter 'e' implicitly has an 'any' type.
client/src/pages/DomainBlogAdmin.tsx(172,21): error TS7006: Parameter 'e' implicitly has an 'any' type.
client/src/pages/DomainBlogAdmin.tsx(591,38): error TS7006: Parameter 'checked' implicitly has an 'any' type.
client/src/pages/DomainBlogAdmin.tsx(602,38): error TS7006: Parameter 'checked' implicitly has an 'any' type.
client/src/pages/DomainBlogAdmin.tsx(633,29): error TS7006: Parameter 'e' implicitly has an 'any' type.
client/src/pages/DomainBlogAdmin.tsx(650,29): error TS7006: Parameter 'e' implicitly has an 'any' type.
client/src/pages/DomainBlogAdmin.tsx(677,33): error TS7006: Parameter 'e' implicitly has an 'any' type.
client/src/pages/DomainBlogAdmin.tsx(688,33): error TS7006: Parameter 'e' implicitly has an 'any' type.
client/src/pages/DomainBlogAdmin.tsx(702,33): error TS7006: Parameter 'e' implicitly has an 'any' type.
client/src/pages/DomainBlogAdmin.tsx(708,34): error TS7006: Parameter 't' implicitly has an 'any' type.
client/src/pages/DomainBlogAdmin.tsx(720,33): error TS7006: Parameter 'e' implicitly has an 'any' type.
client/src/pages/DomainBlogAdmin.tsx(734,33): error TS7006: Parameter 'e' implicitly has an 'any' type.
client/src/pages/DomainBlogAdmin.tsx(747,33): error TS7006: Parameter 'e' implicitly has an 'any' type.
client/src/pages/DomainBlogAdmin.tsx(761,33): error TS7006: Parameter 'e' implicitly has an 'any' type.
client/src/pages/DomainBlogAdmin.tsx(786,33): error TS7006: Parameter 'e' implicitly has an 'any' type.
client/src/pages/DomainBlogAdmin.tsx(800,33): error TS7006: Parameter 'e' implicitly has an 'any' type.
client/src/pages/DomainBlogAdmin.tsx(914,40): error TS7006: Parameter 'checked' implicitly has an 'any' type.
client/src/pages/DomainDocsAdmin.tsx(338,27): error TS7006: Parameter 'e' implicitly has an 'any' type.
client/src/pages/DomainDocsAdmin.tsx(390,44): error TS7006: Parameter 'checked' implicitly has an 'any' type.
client/src/pages/DomainThemeEditor.tsx(343,34): error TS7006: Parameter 'e' implicitly has an 'any' type.
client/src/pages/DomainThemeEditor.tsx(349,34): error TS7006: Parameter 'e' implicitly has an 'any' type.
client/src/pages/DomainThemeEditor.tsx(362,34): error TS7006: Parameter 'e' implicitly has an 'any' type.
client/src/pages/DomainThemeEditor.tsx(368,34): error TS7006: Parameter 'e' implicitly has an 'any' type.
client/src/pages/DomainThemeEditor.tsx(381,34): error TS7006: Parameter 'e' implicitly has an 'any' type.
client/src/pages/DomainThemeEditor.tsx(387,34): error TS7006: Parameter 'e' implicitly has an 'any' type.
client/src/pages/DomainThemeEditor.tsx(400,34): error TS7006: Parameter 'e' implicitly has an 'any' type.
client/src/pages/DomainThemeEditor.tsx(406,34): error TS7006: Parameter 'e' implicitly has an 'any' type.
client/src/pages/DomainThemeEditor.tsx(419,34): error TS7006: Parameter 'e' implicitly has an 'any' type.
client/src/pages/DomainThemeEditor.tsx(425,34): error TS7006: Parameter 'e' implicitly has an 'any' type.
client/src/pages/DomainThemeEditor.tsx(442,32): error TS7006: Parameter 'e' implicitly has an 'any' type.
client/src/pages/DomainThemeEditor.tsx(452,32): error TS7006: Parameter 'e' implicitly has an 'any' type.
client/src/pages/DomainUsers.tsx(304,25): error TS7006: Parameter 'e' implicitly has an 'any' type.
client/src/pages/DomainUsers.tsx(560,29): error TS7006: Parameter 'e' implicitly has an 'any' type.
client/src/pages/DomainUsers.tsx(572,29): error TS7006: Parameter 'e' implicitly has an 'any' type.
client/src/pages/EmergencyRoutePage.tsx(1310,96): error TS18047: 'protocolReviewConfirmation' is possibly 'null'.
client/src/pages/EmergencyRoutePage.tsx(1310,160): error TS18047: 'protocolReviewConfirmation' is possibly 'null'.
client/src/pages/EmergencyRoutePage.tsx(1319,19): error TS2322: Type 'unknown' is not assignable to type 'ReactNode'.
client/src/pages/EmergencyRoutePage.tsx(1448,61): error TS2322: Type '{ label: string; minLength: number; maxLength: number; isRequired: true; value: string; onChange: Dispatch<SetStateAction<string>>; }' is not assignable to type 'IntrinsicAttributes & TextAreaProps'.
  Property 'minLength' does not exist on type 'IntrinsicAttributes & TextAreaProps'.
client/src/pages/Factory.tsx(92,25): error TS7006: Parameter 'e' implicitly has an 'any' type.
client/src/pages/Factory.tsx(198,25): error TS7006: Parameter 'e' implicitly has an 'any' type.
client/src/pages/Factory.tsx(304,25): error TS7006: Parameter 'e' implicitly has an 'any' type.
client/src/pages/FinanceReports.tsx(1078,73): error TS7006: Parameter 'value' implicitly has an 'any' type.
client/src/pages/FinanceReports.tsx(1247,68): error TS7006: Parameter 'value' implicitly has an 'any' type.
client/src/pages/FinanceReports.tsx(1258,71): error TS7006: Parameter 'value' implicitly has an 'any' type.
client/src/pages/FinanceReports.tsx(1271,36): error TS7006: Parameter 'event' implicitly has an 'any' type.
client/src/pages/FinanceReports.tsx(1275,62): error TS7006: Parameter 'event' implicitly has an 'any' type.
client/src/pages/FinanceReports.tsx(1292,36): error TS7006: Parameter 'event' implicitly has an 'any' type.
client/src/pages/FinanceReports.tsx(1328,36): error TS7006: Parameter 'event' implicitly has an 'any' type.
client/src/pages/FinanceReports.tsx(1336,36): error TS7006: Parameter 'event' implicitly has an 'any' type.
client/src/pages/FinanceReports.tsx(1342,73): error TS7006: Parameter 'value' implicitly has an 'any' type.
client/src/pages/FinanceReports.tsx(1354,72): error TS7006: Parameter 'value' implicitly has an 'any' type.
client/src/pages/FinanceReports.tsx(1385,36): error TS7006: Parameter 'event' implicitly has an 'any' type.
client/src/pages/FinanceReports.tsx(1394,36): error TS7006: Parameter 'event' implicitly has an 'any' type.
client/src/pages/FinanceReports.tsx(1464,38): error TS7006: Parameter 'event' implicitly has an 'any' type.
client/src/pages/ForgotPassword.tsx(320,42): error TS7006: Parameter 'e' implicitly has an 'any' type.
client/src/pages/ForgotPassword.tsx(336,42): error TS7006: Parameter 'e' implicitly has an 'any' type.
client/src/pages/ForgotPassword.tsx(393,36): error TS7006: Parameter 'e' implicitly has an 'any' type.
client/src/pages/ForgotPassword.tsx(451,38): error TS7006: Parameter 'e' implicitly has an 'any' type.
client/src/pages/ForgotPassword.tsx(466,38): error TS7006: Parameter 'e' implicitly has an 'any' type.
client/src/pages/Gallery.tsx(677,31): error TS7006: Parameter 'e' implicitly has an 'any' type.
client/src/pages/Gallery.tsx(683,34): error TS7006: Parameter 'v' implicitly has an 'any' type.
client/src/pages/Gallery.tsx(762,40): error TS7006: Parameter 'e' implicitly has an 'any' type.
client/src/pages/Gallery.tsx(801,42): error TS7006: Parameter 'e' implicitly has an 'any' type.
client/src/pages/Gallery.tsx(810,44): error TS7006: Parameter 'e' implicitly has an 'any' type.
client/src/pages/Gallery.tsx(819,42): error TS7006: Parameter 'e' implicitly has an 'any' type.
client/src/pages/Gallery.tsx(828,42): error TS7006: Parameter 'e' implicitly has an 'any' type.
client/src/pages/Gallery.tsx(941,34): error TS7006: Parameter 'e' implicitly has an 'any' type.
client/src/pages/Gallery.tsx(954,36): error TS7006: Parameter 'e' implicitly has an 'any' type.
client/src/pages/Gallery.tsx(963,34): error TS7006: Parameter 'e' implicitly has an 'any' type.
client/src/pages/Gallery.tsx(989,36): error TS7006: Parameter 'e' implicitly has an 'any' type.
client/src/pages/GroupDiscovery.tsx(129,24): error TS7006: Parameter 'e' implicitly has an 'any' type.
client/src/pages/GroupDiscovery.tsx(138,27): error TS7006: Parameter 'v' implicitly has an 'any' type.
client/src/pages/GroupManagement.tsx(129,26): error TS7006: Parameter 'v' implicitly has an 'any' type.
client/src/pages/GroupManagement.tsx(144,29): error TS7006: Parameter 'e' implicitly has an 'any' type.
client/src/pages/Help.tsx(56,24): error TS7006: Parameter 'e' implicitly has an 'any' type.
client/src/pages/HybridOrchestrationPreview.tsx(18,31): error TS2307: Cannot find module '@/hooks/useAgencyQuery' or its corresponding type declarations.
client/src/pages/HybridOrchestrationPreview.tsx(60,29): error TS2339: Property 'hybridOrchestration' does not exist on type 'CreateTRPCReactBase<BuiltRouter<{ ctx: TrpcContext; meta: object; errorShape: { message: string; data: { creditContextCode?: string | undefined; retryAfter?: number | undefined; traceId: string | null; code: "FORBIDDEN" | ... 19 more ... | "CLIENT_CLOSED_REQUEST"; httpStatus: number; path?: string | undefined; stack...'.
client/src/pages/HybridOrchestrationPreview.tsx(64,31): error TS2339: Property 'hybridOrchestration' does not exist on type 'CreateTRPCReactBase<BuiltRouter<{ ctx: TrpcContext; meta: object; errorShape: { message: string; data: { creditContextCode?: string | undefined; retryAfter?: number | undefined; traceId: string | null; code: "FORBIDDEN" | ... 19 more ... | "CLIENT_CLOSED_REQUEST"; httpStatus: number; path?: string | undefined; stack...'.
client/src/pages/HybridOrchestrationPreview.tsx(68,43): error TS2339: Property 'hybridOrchestration' does not exist on type 'CreateTRPCReactBase<BuiltRouter<{ ctx: TrpcContext; meta: object; errorShape: { message: string; data: { creditContextCode?: string | undefined; retryAfter?: number | undefined; traceId: string | null; code: "FORBIDDEN" | ... 19 more ... | "CLIENT_CLOSED_REQUEST"; httpStatus: number; path?: string | undefined; stack...'.
client/src/pages/HybridOrchestrationPreview.tsx(69,44): error TS2339: Property 'hybridOrchestration' does not exist on type 'CreateTRPCReactBase<BuiltRouter<{ ctx: TrpcContext; meta: object; errorShape: { message: string; data: { creditContextCode?: string | undefined; retryAfter?: number | undefined; traceId: string | null; code: "FORBIDDEN" | ... 19 more ... | "CLIENT_CLOSED_REQUEST"; httpStatus: number; path?: string | undefined; stack...'.
client/src/pages/HybridOrchestrationPreview.tsx(70,39): error TS2339: Property 'hybridOrchestration' does not exist on type 'CreateTRPCReactBase<BuiltRouter<{ ctx: TrpcContext; meta: object; errorShape: { message: string; data: { creditContextCode?: string | undefined; retryAfter?: number | undefined; traceId: string | null; code: "FORBIDDEN" | ... 19 more ... | "CLIENT_CLOSED_REQUEST"; httpStatus: number; path?: string | undefined; stack...'.
client/src/pages/HybridOrchestrationPreview.tsx(71,17): error TS7006: Parameter 'result' implicitly has an 'any' type.
client/src/pages/HybridOrchestrationPreview.tsx(73,18): error TS2339: Property 'hybridOrchestration' does not exist on type 'TRPCContextPropsBase<BuiltRouter<{ ctx: TrpcContext; meta: object; errorShape: { message: string; data: { creditContextCode?: string | undefined; retryAfter?: number | undefined; traceId: string | null; code: "FORBIDDEN" | ... 19 more ... | "CLIENT_CLOSED_REQUEST"; httpStatus: number; path?: string | undefined; stac...'.
client/src/pages/HybridOrchestrationPreview.tsx(76,41): error TS2339: Property 'hybridOrchestration' does not exist on type 'CreateTRPCReactBase<BuiltRouter<{ ctx: TrpcContext; meta: object; errorShape: { message: string; data: { creditContextCode?: string | undefined; retryAfter?: number | undefined; traceId: string | null; code: "FORBIDDEN" | ... 19 more ... | "CLIENT_CLOSED_REQUEST"; httpStatus: number; path?: string | undefined; stack...'.
client/src/pages/HybridOrchestrationPreview.tsx(77,17): error TS7006: Parameter 'result' implicitly has an 'any' type.
client/src/pages/HybridOrchestrationPreview.tsx(79,18): error TS2339: Property 'hybridOrchestration' does not exist on type 'TRPCContextPropsBase<BuiltRouter<{ ctx: TrpcContext; meta: object; errorShape: { message: string; data: { creditContextCode?: string | undefined; retryAfter?: number | undefined; traceId: string | null; code: "FORBIDDEN" | ... 19 more ... | "CLIENT_CLOSED_REQUEST"; httpStatus: number; path?: string | undefined; stac...'.
client/src/pages/Login.tsx(704,36): error TS7006: Parameter 'e' implicitly has an 'any' type.
client/src/pages/Login.tsx(730,32): error TS7006: Parameter 'e' implicitly has an 'any' type.
client/src/pages/Login.tsx(733,33): error TS7006: Parameter 'e' implicitly has an 'any' type.
client/src/pages/Login.tsx(864,32): error TS7006: Parameter 'e' implicitly has an 'any' type.
client/src/pages/Login.tsx(881,32): error TS7006: Parameter 'e' implicitly has an 'any' type.
client/src/pages/Login.tsx(901,39): error TS7006: Parameter 'checked' implicitly has an 'any' type.
client/src/pages/Marketplace.tsx(178,28): error TS7006: Parameter 'e' implicitly has an 'any' type.
client/src/pages/Marketplace.tsx(414,40): error TS7006: Parameter 'v' implicitly has an 'any' type.
client/src/pages/Marketplace.tsx(510,34): error TS7006: Parameter 'e' implicitly has an 'any' type.
client/src/pages/MarketplaceCaptureProducts.tsx(1279,24): error TS7006: Parameter 'open' implicitly has an 'any' type.
client/src/pages/MarketplaceConnectorLab.tsx(748,32): error TS7006: Parameter 'event' implicitly has an 'any' type.
client/src/pages/MarketplaceConnectorLab.tsx(757,91): error TS7006: Parameter 'event' implicitly has an 'any' type.
client/src/pages/MarketplaceConnectorLab.tsx(764,91): error TS7006: Parameter 'event' implicitly has an 'any' type.
client/src/pages/MarketplaceConnectorLab.tsx(837,32): error TS7006: Parameter 'event' implicitly has an 'any' type.
client/src/pages/McpServerManager.tsx(685,37): error TS7006: Parameter 'v' implicitly has an 'any' type.
client/src/pages/McpServerManager.tsx(705,32): error TS7006: Parameter 'e' implicitly has an 'any' type.
client/src/pages/McpServerManager.tsx(708,33): error TS7006: Parameter 'e' implicitly has an 'any' type.
client/src/pages/McpServerManager.tsx(747,30): error TS7006: Parameter 'e' implicitly has an 'any' type.
client/src/pages/McpServerManager.tsx(756,30): error TS7006: Parameter 'e' implicitly has an 'any' type.
client/src/pages/McpServerManager.tsx(770,28): error TS7006: Parameter 'e' implicitly has an 'any' type.
client/src/pages/McpServerManager.tsx(780,33): error TS7006: Parameter 'v' implicitly has an 'any' type.
client/src/pages/McpServerManager.tsx(799,30): error TS7006: Parameter 'e' implicitly has an 'any' type.
client/src/pages/McpServerManager.tsx(811,35): error TS7006: Parameter 'v' implicitly has an 'any' type.
client/src/pages/McpServerManager.tsx(829,35): error TS7006: Parameter 'v' implicitly has an 'any' type.
client/src/pages/McpServerManager.tsx(853,30): error TS7006: Parameter 'e' implicitly has an 'any' type.
client/src/pages/McpServerManager.tsx(868,28): error TS7006: Parameter 'e' implicitly has an 'any' type.
client/src/pages/McpServerManager.tsx(886,32): error TS7006: Parameter 'e' implicitly has an 'any' type.
client/src/pages/McpServerManager.tsx(895,32): error TS7006: Parameter 'e' implicitly has an 'any' type.
client/src/pages/MediaHistory.tsx(2583,27): error TS7006: Parameter 'event' implicitly has an 'any' type.
client/src/pages/MediaHistory.tsx(2607,32): error TS7006: Parameter 'v' implicitly has an 'any' type.
client/src/pages/MediaHistory.tsx(2642,32): error TS7006: Parameter 'v' implicitly has an 'any' type.
client/src/pages/MediaHistory.tsx(3710,48): error TS7006: Parameter 'checked' implicitly has an 'any' type.
client/src/pages/MediaHistory.tsx(4077,23): error TS7006: Parameter 'open' implicitly has an 'any' type.
client/src/pages/MediaHistory.tsx(4140,23): error TS7006: Parameter 'open' implicitly has an 'any' type.
client/src/pages/MediaHistory.tsx(4585,50): error TS7006: Parameter 'event' implicitly has an 'any' type.
client/src/pages/MediaHistory.tsx(4616,50): error TS7006: Parameter 'event' implicitly has an 'any' type.
client/src/pages/MediaHistory.tsx(4644,50): error TS7006: Parameter 'event' implicitly has an 'any' type.
client/src/pages/MediaStudio.tsx(22538,59): error TS2339: Property 'backendTaskId' does not exist on type 'MediaTask'.
client/src/pages/MediaStudio.tsx(22539,64): error TS2339: Property 'providerTaskId' does not exist on type 'MediaTask'.
client/src/pages/MediaStudio.tsx(36181,29): error TS7006: Parameter 'event' implicitly has an 'any' type.
client/src/pages/MediaStudio.tsx(36301,46): error TS7006: Parameter 'checked' implicitly has an 'any' type.
client/src/pages/MediaStudio.tsx(36441,34): error TS7006: Parameter 'value' implicitly has an 'any' type.
client/src/pages/MediaStudio.tsx(37169,38): error TS7006: Parameter 'checked' implicitly has an 'any' type.
client/src/pages/MediaStudio.tsx(37187,37): error TS7006: Parameter 'event' implicitly has an 'any' type.
client/src/pages/MediaStudio.tsx(37218,35): error TS7006: Parameter 'event' implicitly has an 'any' type.
client/src/pages/MediaStudio.tsx(37230,35): error TS7006: Parameter 'event' implicitly has an 'any' type.
client/src/pages/MediaStudio.tsx(37242,35): error TS7006: Parameter 'event' implicitly has an 'any' type.
client/src/pages/MediaStudio.tsx(37256,35): error TS7006: Parameter 'event' implicitly has an 'any' type.
client/src/pages/MediaStudio.tsx(37270,35): error TS7006: Parameter 'event' implicitly has an 'any' type.
client/src/pages/MediaStudio.tsx(37284,35): error TS7006: Parameter 'event' implicitly has an 'any' type.
client/src/pages/MediaStudio.tsx(37298,35): error TS7006: Parameter 'event' implicitly has an 'any' type.
client/src/pages/MediaStudio.tsx(37312,35): error TS7006: Parameter 'event' implicitly has an 'any' type.
client/src/pages/MediaStudio.tsx(37329,35): error TS7006: Parameter 'event' implicitly has an 'any' type.
client/src/pages/MediaStudio.tsx(37734,37): error TS7006: Parameter 'e' implicitly has an 'any' type.
client/src/pages/MediaStudio.tsx(38267,45): error TS7006: Parameter 'event' implicitly has an 'any' type.
client/src/pages/MediaStudio.tsx(38460,43): error TS7006: Parameter 'e' implicitly has an 'any' type.
client/src/pages/MediaStudio.tsx(38634,43): error TS7006: Parameter 'e' implicitly has an 'any' type.
client/src/pages/MediaStudio.tsx(39360,42): error TS7006: Parameter 'v' implicitly has an 'any' type.
client/src/pages/MediaStudio.tsx(39406,46): error TS7006: Parameter 'v' implicitly has an 'any' type.
client/src/pages/MediaStudio.tsx(39550,52): error TS7006: Parameter 'enabled' implicitly has an 'any' type.
client/src/pages/MediaStudio.tsx(39705,59): error TS7006: Parameter 'open' implicitly has an 'any' type.
client/src/pages/MediaStudio.tsx(39824,76): error TS7006: Parameter 'e' implicitly has an 'any' type.
client/src/pages/MediaStudio.tsx(39828,72): error TS7006: Parameter 'e' implicitly has an 'any' type.
client/src/pages/MediaStudio.tsx(39904,55): error TS7006: Parameter 'e' implicitly has an 'any' type.
client/src/pages/MediaStudio.tsx(39977,47): error TS7006: Parameter 'e' implicitly has an 'any' type.
client/src/pages/MediaStudio.tsx(39980,46): error TS7006: Parameter 'value' implicitly has an 'any' type.
client/src/pages/MediaStudio.tsx(40038,52): error TS7006: Parameter 'v' implicitly has an 'any' type.
client/src/pages/MediaStudio.tsx(40074,56): error TS7006: Parameter 'v' implicitly has an 'any' type.
client/src/pages/MediaStudio.tsx(40127,47): error TS7006: Parameter 'e' implicitly has an 'any' type.
client/src/pages/MediaStudio.tsx(40216,53): error TS7006: Parameter 'e' implicitly has an 'any' type.
client/src/pages/MediaStudio.tsx(40235,47): error TS7006: Parameter 'e' implicitly has an 'any' type.
client/src/pages/MediaStudio.tsx(40391,42): error TS7006: Parameter 'v' implicitly has an 'any' type.
client/src/pages/MediaStudio.tsx(40456,44): error TS7006: Parameter 'value' implicitly has an 'any' type.
client/src/pages/MediaStudio.tsx(40668,43): error TS7006: Parameter 'event' implicitly has an 'any' type.
client/src/pages/MediaStudio.tsx(40799,37): error TS7006: Parameter 'event' implicitly has an 'any' type.
client/src/pages/MediaStudio.tsx(40839,39): error TS7006: Parameter 'event' implicitly has an 'any' type.
client/src/pages/MediaStudio.tsx(40883,39): error TS7006: Parameter 'event' implicitly has an 'any' type.
client/src/pages/MediaStudio.tsx(41214,43): error TS7006: Parameter 'e' implicitly has an 'any' type.
client/src/pages/MediaStudio.tsx(41384,42): error TS7006: Parameter 'value' implicitly has an 'any' type.
client/src/pages/MediaStudio.tsx(41437,45): error TS7006: Parameter 'e' implicitly has an 'any' type.
client/src/pages/MediaStudio.tsx(41441,44): error TS7006: Parameter 'e' implicitly has an 'any' type.
client/src/pages/MediaStudio.tsx(41442,46): error TS7006: Parameter 'e' implicitly has an 'any' type.
client/src/pages/MediaStudio.tsx(41693,50): error TS7006: Parameter 'e' implicitly has an 'any' type.
client/src/pages/MediaStudio.tsx(41714,46): error TS7006: Parameter 'e' implicitly has an 'any' type.
client/src/pages/MediaStudio.tsx(41736,38): error TS7006: Parameter 'event' implicitly has an 'any' type.
client/src/pages/MediaStudio.tsx(41817,34): error TS7006: Parameter 'value' implicitly has an 'any' type.
client/src/pages/MediaStudio.tsx(41924,40): error TS7006: Parameter 'value' implicitly has an 'any' type.
client/src/pages/MediaStudio.tsx(42167,54): error TS7006: Parameter 'e' implicitly has an 'any' type.
client/src/pages/MediaStudio.tsx(42317,56): error TS7006: Parameter 'e' implicitly has an 'any' type.
client/src/pages/MediaStudio.tsx(42346,58): error TS7006: Parameter 'e' implicitly has an 'any' type.
client/src/pages/MediaStudio.tsx(42377,56): error TS7006: Parameter 'e' implicitly has an 'any' type.
client/src/pages/MediaStudio.tsx(42420,56): error TS7006: Parameter 'e' implicitly has an 'any' type.
client/src/pages/MediaStudio.tsx(42455,58): error TS7006: Parameter 'e' implicitly has an 'any' type.
client/src/pages/MediaStudio.tsx(42492,56): error TS7006: Parameter 'e' implicitly has an 'any' type.
client/src/pages/MediaStudio.tsx(42529,58): error TS7006: Parameter 'e' implicitly has an 'any' type.
client/src/pages/MediaStudio.tsx(42560,54): error TS7006: Parameter 'e' implicitly has an 'any' type.
client/src/pages/MediaStudio.tsx(43330,45): error TS7006: Parameter 'event' implicitly has an 'any' type.
client/src/pages/MediaStudio.tsx(43355,48): error TS7006: Parameter 'value' implicitly has an 'any' type.
client/src/pages/MediaStudio.tsx(43522,52): error TS7006: Parameter 'event' implicitly has an 'any' type.
client/src/pages/MediaStudio.tsx(43548,54): error TS7006: Parameter 'event' implicitly has an 'any' type.
client/src/pages/MediaStudio.tsx(43574,54): error TS7006: Parameter 'event' implicitly has an 'any' type.
client/src/pages/MediaStudio.tsx(43739,54): error TS7006: Parameter 'event' implicitly has an 'any' type.
client/src/pages/MediaStudio.tsx(43769,56): error TS7006: Parameter 'event' implicitly has an 'any' type.
client/src/pages/MediaStudio.tsx(43799,56): error TS7006: Parameter 'event' implicitly has an 'any' type.
client/src/pages/MediaStudio.tsx(43830,54): error TS7006: Parameter 'event' implicitly has an 'any' type.
client/src/pages/MediaStudio.tsx(43863,54): error TS7006: Parameter 'event' implicitly has an 'any' type.
client/src/pages/MediaStudio.tsx(44230,30): error TS7006: Parameter 'event' implicitly has an 'any' type.
client/src/pages/MediaStudio.tsx(44240,30): error TS7006: Parameter 'event' implicitly has an 'any' type.
client/src/pages/MediaStudio.tsx(44643,19): error TS7006: Parameter 'event' implicitly has an 'any' type.
client/src/pages/MediaStudio.tsx(44692,30): error TS7006: Parameter 'event' implicitly has an 'any' type.
client/src/pages/MediaStudio.tsx(44706,30): error TS7006: Parameter 'event' implicitly has an 'any' type.
client/src/pages/MediaStudio.tsx(44884,44): error TS7006: Parameter 'checked' implicitly has an 'any' type.
client/src/pages/MediaStudio.tsx(44957,39): error TS7006: Parameter 'e' implicitly has an 'any' type.
client/src/pages/MediaStudio.tsx(44977,39): error TS7006: Parameter 'e' implicitly has an 'any' type.
client/src/pages/MediaStudio.tsx(45179,47): error TS7006: Parameter 'event' implicitly has an 'any' type.
client/src/pages/MediaStudio.tsx(45487,37): error TS7006: Parameter 'e' implicitly has an 'any' type.
client/src/pages/MediaStudio.tsx(45508,37): error TS7006: Parameter 'e' implicitly has an 'any' type.
client/src/pages/MediaStudio.tsx(45526,37): error TS7006: Parameter 'e' implicitly has an 'any' type.
client/src/pages/PresentationEditor.tsx(10042,24): error TS7006: Parameter 'event' implicitly has an 'any' type.
client/src/pages/PresentationEditor.tsx(10554,26): error TS7006: Parameter 'event' implicitly has an 'any' type.
client/src/pages/PresentationEditor.tsx(10557,27): error TS7006: Parameter 'event' implicitly has an 'any' type.
client/src/pages/PresentationEditor.tsx(11148,24): error TS7006: Parameter 'open' implicitly has an 'any' type.
client/src/pages/PresentationEditor.tsx(11165,26): error TS7006: Parameter 'event' implicitly has an 'any' type.
client/src/pages/PresentationEditor.tsx(11166,27): error TS7006: Parameter 'event' implicitly has an 'any' type.
client/src/pages/PresentationEditor.tsx(11204,24): error TS7006: Parameter 'open' implicitly has an 'any' type.
client/src/pages/PresentationEditor.tsx(11342,24): error TS7006: Parameter 'open' implicitly has an 'any' type.
client/src/pages/PresentationEditor.tsx(11360,35): error TS7006: Parameter 'value' implicitly has an 'any' type.
client/src/pages/PresentationEditor.tsx(11376,35): error TS7006: Parameter 'value' implicitly has an 'any' type.
client/src/pages/PresentationEditor.tsx(11396,35): error TS7006: Parameter 'value' implicitly has an 'any' type.
client/src/pages/PresentationEditor.tsx(11469,37): error TS7006: Parameter 'value' implicitly has an 'any' type.
client/src/pages/PresentationEditor.tsx(11503,37): error TS7006: Parameter 'value' implicitly has an 'any' type.
client/src/pages/PresentationEditor.tsx(11528,35): error TS7006: Parameter 'value' implicitly has an 'any' type.
client/src/pages/PresentationEditor.tsx(11577,39): error TS7006: Parameter 'value' implicitly has an 'any' type.
client/src/pages/PresentationEditor.tsx(11680,24): error TS7006: Parameter 'open' implicitly has an 'any' type.
client/src/pages/PresentationEditor.tsx(11806,34): error TS7006: Parameter 'e' implicitly has an 'any' type.
client/src/pages/PresentationEditor.tsx(11854,26): error TS7006: Parameter 'event' implicitly has an 'any' type.
client/src/pages/PresentationEditor.tsx(11961,34): error TS7006: Parameter 'e' implicitly has an 'any' type.
client/src/pages/PresentationEditor.tsx(12063,26): error TS7006: Parameter 'event' implicitly has an 'any' type.
client/src/pages/PresentationLibrary.tsx(284,24): error TS7006: Parameter 'event' implicitly has an 'any' type.
client/src/pages/PresentationLibrary.tsx(703,26): error TS7006: Parameter 'event' implicitly has an 'any' type.
client/src/pages/Profile.tsx(333,33): error TS7006: Parameter 'e' implicitly has an 'any' type.
client/src/pages/Profile.tsx(350,33): error TS7006: Parameter 'e' implicitly has an 'any' type.
client/src/pages/Profile.tsx(366,33): error TS7006: Parameter 'e' implicitly has an 'any' type.
client/src/pages/Profile.tsx(460,35): error TS7006: Parameter 'e' implicitly has an 'any' type.
client/src/pages/Profile.tsx(489,35): error TS7006: Parameter 'e' implicitly has an 'any' type.
client/src/pages/Profile.tsx(516,35): error TS7006: Parameter 'e' implicitly has an 'any' type.
client/src/pages/RenderJobsPage.tsx(315,7): error TS2769: No overload matches this call.
  Overload 1 of 2, '(input: void | { offset?: number | undefined; status?: "queued" | "completed" | "failed" | "cancelled" | "pending" | "succeeded" | "expired" | "running" | "indexing" | "canceled" | "retry_scheduled" | ... 6 more ... | undefined; jobType?: string | undefined; limit?: number | undefined; } | typeof skipToken | undefined, opts: DefinedUseTRPCQueryOptions<...>): DefinedUseTRPCQueryResult<...>', gave the following error.
    Type '"queued" | "completed" | "failed" | "cancelled" | "pending" | "succeeded" | "expired" | "running" | "indexing" | "canceled" | "retry_scheduled" | "leased" | "claimed" | "preparing" | ... 6 more ... | undefined' is not assignable to type '"queued" | "completed" | "failed" | "cancelled" | "pending" | "succeeded" | "expired" | "running" | "indexing" | "canceled" | "retry_scheduled" | "leased" | "claimed" | "preparing" | "waiting_external" | "uploading" | "publishing" | undefined'.
      Type '"degraded"' is not assignable to type '"queued" | "completed" | "failed" | "cancelled" | "pending" | "succeeded" | "expired" | "running" | "indexing" | "canceled" | "retry_scheduled" | "leased" | "claimed" | "preparing" | "waiting_external" | "uploading" | "publishing" | undefined'.
  Overload 2 of 2, '(input: void | { offset?: number | undefined; status?: "queued" | "completed" | "failed" | "cancelled" | "pending" | "succeeded" | "expired" | "running" | "indexing" | "canceled" | "retry_scheduled" | ... 6 more ... | undefined; jobType?: string | undefined; limit?: number | undefined; } | typeof skipToken | undefined, opts?: UseTRPCQueryOptions<...> | undefined): UseTRPCQueryResult<...>', gave the following error.
    Type '"queued" | "completed" | "failed" | "cancelled" | "pending" | "succeeded" | "expired" | "running" | "indexing" | "canceled" | "retry_scheduled" | "leased" | "claimed" | "preparing" | ... 6 more ... | undefined' is not assignable to type '"queued" | "completed" | "failed" | "cancelled" | "pending" | "succeeded" | "expired" | "running" | "indexing" | "canceled" | "retry_scheduled" | "leased" | "claimed" | "preparing" | "waiting_external" | "uploading" | "publishing" | undefined'.
      Type '"degraded"' is not assignable to type '"queued" | "completed" | "failed" | "cancelled" | "pending" | "succeeded" | "expired" | "running" | "indexing" | "canceled" | "retry_scheduled" | "leased" | "claimed" | "preparing" | "waiting_external" | "uploading" | "publishing" | undefined'.
client/src/pages/RenderJobsPage.tsx(419,60): error TS7006: Parameter 'value' implicitly has an 'any' type.
client/src/pages/RenderJobsPage.tsx(433,33): error TS7006: Parameter 'value' implicitly has an 'any' type.
client/src/pages/RenderJobsPage.tsx(535,41): error TS7006: Parameter 'event' implicitly has an 'any' type.
client/src/pages/RenderJobsPage.tsx(553,45): error TS7006: Parameter 'event' implicitly has an 'any' type.
client/src/pages/Settings.tsx(441,28): error TS7006: Parameter 'e' implicitly has an 'any' type.
client/src/pages/Settings.tsx(489,26): error TS7006: Parameter 'e' implicitly has an 'any' type.
client/src/pages/Settings.tsx(510,26): error TS7006: Parameter 'e' implicitly has an 'any' type.
client/src/pages/Settings.tsx(1336,24): error TS7006: Parameter 'event' implicitly has an 'any' type.
client/src/pages/Settings.tsx(1609,36): error TS7006: Parameter 'e' implicitly has an 'any' type.
client/src/pages/Settings.tsx(1769,42): error TS7006: Parameter 'e' implicitly has an 'any' type.
client/src/pages/Settings.tsx(1979,40): error TS7006: Parameter 'e' implicitly has an 'any' type.
client/src/pages/Settings.tsx(1997,42): error TS7006: Parameter 'e' implicitly has an 'any' type.
client/src/pages/Settings.tsx(2055,40): error TS7006: Parameter 'e' implicitly has an 'any' type.
client/src/pages/Settings.tsx(2073,42): error TS7006: Parameter 'e' implicitly has an 'any' type.
client/src/pages/Settings.tsx(2173,38): error TS7006: Parameter 'event' implicitly has an 'any' type.
client/src/pages/Settings.tsx(2210,38): error TS7006: Parameter 'event' implicitly has an 'any' type.
client/src/pages/Settings.tsx(2217,38): error TS7006: Parameter 'event' implicitly has an 'any' type.
client/src/pages/Settings.tsx(2224,38): error TS7006: Parameter 'event' implicitly has an 'any' type.
client/src/pages/Settings.tsx(2278,38): error TS7006: Parameter 'event' implicitly has an 'any' type.
client/src/pages/Settings.tsx(2918,38): error TS7006: Parameter 'e' implicitly has an 'any' type.
client/src/pages/Signup.tsx(366,36): error TS7006: Parameter 'e' implicitly has an 'any' type.
client/src/pages/Signup.tsx(602,39): error TS7006: Parameter 'checked' implicitly has an 'any' type.
client/src/pages/SkillBrowser.tsx(178,27): error TS7006: Parameter 'e' implicitly has an 'any' type.
client/src/pages/SkillBrowser.tsx(196,27): error TS7006: Parameter 'groupId' implicitly has an 'any' type.
client/src/pages/SkillBrowser.tsx(358,28): error TS7006: Parameter 'e' implicitly has an 'any' type.
client/src/pages/SkillBrowser.tsx(362,54): error TS7006: Parameter 'v' implicitly has an 'any' type.
client/src/pages/SkillBrowser.tsx(475,61): error TS7006: Parameter 'checked' implicitly has an 'any' type.
client/src/pages/SkillBrowser.tsx(502,63): error TS7006: Parameter 'checked' implicitly has an 'any' type.
client/src/pages/SkillBrowser.tsx(643,57): error TS7006: Parameter 'open' implicitly has an 'any' type.
client/src/pages/SkillRevenueReport.tsx(110,29): error TS7006: Parameter 'event' implicitly has an 'any' type.
client/src/pages/SkillRevenueReport.tsx(119,29): error TS7006: Parameter 'event' implicitly has an 'any' type.
client/src/pages/SocialAutomation.tsx(277,25): error TS7006: Parameter 'event' implicitly has an 'any' type.
client/src/pages/SocialAutomation.tsx(291,30): error TS7006: Parameter 'value' implicitly has an 'any' type.
client/src/pages/SocialAutomation.tsx(317,30): error TS7006: Parameter 'value' implicitly has an 'any' type.
client/src/pages/SocialAutomation.tsx(347,30): error TS7006: Parameter 'value' implicitly has an 'any' type.
client/src/pages/SocialAutomation.tsx(396,29): error TS7006: Parameter 'event' implicitly has an 'any' type.
client/src/pages/SocialAutomation.tsx(415,31): error TS7006: Parameter 'event' implicitly has an 'any' type.
client/src/pages/SocialAutomation.tsx(429,31): error TS7006: Parameter 'event' implicitly has an 'any' type.
client/src/pages/SocialAutomation.tsx(463,27): error TS7006: Parameter 'event' implicitly has an 'any' type.
client/src/pages/SocialAutomation.tsx(482,40): error TS7006: Parameter 'checked' implicitly has an 'any' type.
client/src/pages/SocialAutomation.tsx(603,27): error TS7006: Parameter 'event' implicitly has an 'any' type.
client/src/pages/SocialAutomation.tsx(1018,30): error TS7006: Parameter 'value' implicitly has an 'any' type.
client/src/pages/SocialAutomation.tsx(1195,46): error TS7006: Parameter 'checked' implicitly has an 'any' type.
client/src/pages/SocialAutomation.tsx(1260,28): error TS7006: Parameter 'value' implicitly has an 'any' type.
client/src/pages/SocialChannels.tsx(234,26): error TS7006: Parameter 'event' implicitly has an 'any' type.
client/src/pages/SocialInbox.tsx(124,31): error TS7006: Parameter 'value' implicitly has an 'any' type.
client/src/pages/SocialModeration.tsx(528,27): error TS7006: Parameter 'event' implicitly has an 'any' type.
client/src/pages/SocialPublishing.tsx(763,30): error TS7006: Parameter 'event' implicitly has an 'any' type.
client/src/pages/SocialPublishing.tsx(778,32): error TS7006: Parameter 'event' implicitly has an 'any' type.
client/src/pages/SocialPublishing.tsx(790,32): error TS7006: Parameter 'event' implicitly has an 'any' type.
client/src/pages/SocialPublishing.tsx(803,30): error TS7006: Parameter 'event' implicitly has an 'any' type.
client/src/pages/StoryboardReviewPage.tsx(7483,29): error TS2339: Property 'jobId' does not exist on type 'never'.
client/src/pages/StoryboardReviewPage.tsx(7485,13): error TS2367: This comparison appears to be unintentional because the types '"failed"' and '"queued"' have no overlap.
client/src/pages/StoryboardReviewPage.tsx(7492,13): error TS2367: This comparison appears to be unintentional because the types '"failed"' and '"running"' have no overlap.
client/src/pages/StoryboardReviewPage.tsx(7499,13): error TS2367: This comparison appears to be unintentional because the types '"failed"' and '"completed"' have no overlap.
client/src/pages/StoryboardReviewPage.tsx(7511,19): error TS2339: Property 'text' does not exist on type 'never'.
client/src/pages/StoryboardReviewPage.tsx(7515,30): error TS2339: Property 'cues' does not exist on type 'never'.
client/src/pages/StoryboardReviewPage.tsx(7516,20): error TS2339: Property 'cues' does not exist on type 'never'.
client/src/pages/StoryboardReviewPage.tsx(7516,29): error TS7006: Parameter 'cue' implicitly has an 'any' type.
client/src/pages/StoryboardReviewPage.tsx(7523,19): error TS2339: Property 'text' does not exist on type 'never'.
client/src/pages/StoryboardReviewPage.tsx(7532,86): error TS2339: Property 'vtt' does not exist on type 'never'.
client/src/pages/StoryboardReviewPage.tsx(7533,86): error TS2339: Property 'srt' does not exist on type 'never'.
client/src/pages/StoryboardReviewPage.tsx(9774,71): error TS2345: Argument of type '"video" | "image"' is not assignable to parameter of type 'StoryboardReviewMediaKind'.
  Type '"image"' is not assignable to type 'StoryboardReviewMediaKind'.
client/src/pages/StoryboardReviewPage.tsx(10319,73): error TS2345: Argument of type '"image"' is not assignable to parameter of type 'StoryboardReviewMediaKind'.
client/src/pages/StoryboardReviewPage.tsx(10465,36): error TS7006: Parameter 'event' implicitly has an 'any' type.
client/src/pages/StoryboardReviewPage.tsx(10466,37): error TS7006: Parameter 'event' implicitly has an 'any' type.
client/src/pages/StoryboardReviewPage.tsx(12333,46): error TS7006: Parameter 'event' implicitly has an 'any' type.
client/src/pages/StoryboardReviewPage.tsx(12343,46): error TS7006: Parameter 'event' implicitly has an 'any' type.
client/src/pages/StoryboardReviewPage.tsx(12420,41): error TS7006: Parameter 'event' implicitly has an 'any' type.
client/src/pages/StoryboardReviewPage.tsx(12560,41): error TS7006: Parameter 'event' implicitly has an 'any' type.
client/src/pages/StoryboardReviewPage.tsx(12698,29): error TS7006: Parameter 'event' implicitly has an 'any' type.
client/src/pages/StoryboardReviewPage.tsx(12947,37): error TS7006: Parameter 'event' implicitly has an 'any' type.
client/src/pages/StoryboardReviewPage.tsx(12961,37): error TS7006: Parameter 'event' implicitly has an 'any' type.
client/src/pages/StoryboardReviewPage.tsx(12975,37): error TS7006: Parameter 'event' implicitly has an 'any' type.
client/src/pages/StoryboardReviewPage.tsx(14040,32): error TS7006: Parameter 'event' implicitly has an 'any' type.
client/src/pages/StoryboardReviewPage.tsx(14129,43): error TS7006: Parameter 'event' implicitly has an 'any' type.
client/src/pages/StoryboardReviewPage.tsx(14141,41): error TS7006: Parameter 'event' implicitly has an 'any' type.
client/src/pages/StoryboardReviewPage.tsx(14152,43): error TS7006: Parameter 'event' implicitly has an 'any' type.
client/src/pages/StoryboardReviewPage.tsx(14164,41): error TS7006: Parameter 'event' implicitly has an 'any' type.
client/src/pages/StoryboardReviewPage.tsx(14670,34): error TS7006: Parameter 'event' implicitly has an 'any' type.
client/src/pages/StoryboardReviewPage.tsx(15216,46): error TS7006: Parameter 'event' implicitly has an 'any' type.
client/src/pages/StoryboardReviewPage.tsx(15228,46): error TS7006: Parameter 'event' implicitly has an 'any' type.
client/src/pages/StoryboardReviewPage.tsx(15322,44): error TS7006: Parameter 'event' implicitly has an 'any' type.
client/src/pages/StoryboardReviewPage.tsx(15336,46): error TS7006: Parameter 'event' implicitly has an 'any' type.
client/src/pages/StoryboardReviewPage.tsx(15349,46): error TS7006: Parameter 'event' implicitly has an 'any' type.
client/src/pages/StoryboardReviewPage.tsx(15422,24): error TS7006: Parameter 'open' implicitly has an 'any' type.
client/src/pages/StoryboardReviewPage.tsx(15455,25): error TS7006: Parameter 'event' implicitly has an 'any' type.
client/src/pages/StoryboardReviewPage.tsx(15468,24): error TS7006: Parameter 'open' implicitly has an 'any' type.
client/src/pages/StoryboardReviewPage.tsx(15492,25): error TS7006: Parameter 'event' implicitly has an 'any' type.
client/src/pages/StoryboardSkillFrameworkPage.tsx(291,42): error TS2339: Property 'status' does not exist on type '{ reviewId: any; candidateHistory: any; normalizedSnapshot: Record<string, unknown>; skillSnapshot: Record<string, unknown>; modelSnapshot: Record<string, unknown>; error: Record<string, unknown> | null; controlPlaneJob: { ...; } | null; controlPlaneEvents: { ...; }[]; shots: { ...; }[]; }'.
client/src/pages/StoryboardSkillFrameworkPage.tsx(305,12): error TS2367: This comparison appears to be unintentional because the types '"queued" | "completed" | "pending" | "running" | "indexing" | "canceled" | "retry_scheduled" | "leased" | "claimed" | "preparing" | "waiting_external" | "uploading" | "publishing" | undefined' and '"failed"' have no overlap.
client/src/pages/StoryboardSkillFrameworkPage.tsx(316,35): error TS2339: Property 'id' does not exist on type '{ reviewId: any; candidateHistory: any; normalizedSnapshot: Record<string, unknown>; skillSnapshot: Record<string, unknown>; modelSnapshot: Record<string, unknown>; error: Record<string, unknown> | null; controlPlaneJob: { ...; } | null; controlPlaneEvents: { ...; }[]; shots: { ...; }[]; }'.
client/src/pages/StoryboardSkillFrameworkPage.tsx(318,45): error TS2345: Argument of type '{ reviewId: any; candidateHistory: any; normalizedSnapshot: Record<string, unknown>; skillSnapshot: Record<string, unknown>; modelSnapshot: Record<string, unknown>; error: Record<...> | null; controlPlaneJob: { ...; } | null; controlPlaneEvents: { ...; }[]; shots: { ...; }[]; }' is not assignable to parameter of type 'StoryboardRecoveryRunLike'.
  Property 'status' is missing in type '{ reviewId: any; candidateHistory: any; normalizedSnapshot: Record<string, unknown>; skillSnapshot: Record<string, unknown>; modelSnapshot: Record<string, unknown>; error: Record<...> | null; controlPlaneJob: { ...; } | null; controlPlaneEvents: { ...; }[]; shots: { ...; }[]; }' but required in type 'StoryboardRecoveryRunLike'.
client/src/pages/StoryboardSkillFrameworkPage.tsx(379,55): error TS2339: Property 'status' does not exist on type '{ reviewId: any; candidateHistory: any; normalizedSnapshot: Record<string, unknown>; skillSnapshot: Record<string, unknown>; modelSnapshot: Record<string, unknown>; error: Record<string, unknown> | null; controlPlaneJob: { ...; } | null; controlPlaneEvents: { ...; }[]; shots: { ...; }[]; }'.
client/src/pages/StoryboardSkillFrameworkPage.tsx(566,55): error TS2339: Property 'status' does not exist on type '{ reviewId: any; candidateHistory: any; normalizedSnapshot: Record<string, unknown>; skillSnapshot: Record<string, unknown>; modelSnapshot: Record<string, unknown>; error: Record<string, unknown> | null; controlPlaneJob: { ...; } | null; controlPlaneEvents: { ...; }[]; shots: { ...; }[]; }'.
client/src/pages/StoryboardSkillFrameworkPage.tsx(903,24): error TS2339: Property 'status' does not exist on type '{ reviewId: any; candidateHistory: any; normalizedSnapshot: Record<string, unknown>; skillSnapshot: Record<string, unknown>; modelSnapshot: Record<string, unknown>; error: Record<string, unknown> | null; controlPlaneJob: { ...; } | null; controlPlaneEvents: { ...; }[]; shots: { ...; }[]; }'.
client/src/pages/StoryboardSkillFrameworkPage.tsx(1018,22): error TS2339: Property 'status' does not exist on type '{ reviewId: any; candidateHistory: any; normalizedSnapshot: Record<string, unknown>; skillSnapshot: Record<string, unknown>; modelSnapshot: Record<string, unknown>; error: Record<string, unknown> | null; controlPlaneJob: { ...; } | null; controlPlaneEvents: { ...; }[]; shots: { ...; }[]; }'.
client/src/pages/StoryboardSkillFrameworkPage.tsx(1109,20): error TS2339: Property 'status' does not exist on type '{ reviewId: any; candidateHistory: any; normalizedSnapshot: Record<string, unknown>; skillSnapshot: Record<string, unknown>; modelSnapshot: Record<string, unknown>; error: Record<string, unknown> | null; controlPlaneJob: { ...; } | null; controlPlaneEvents: { ...; }[]; shots: { ...; }[]; }'.
client/src/pages/StoryboardSkillFrameworkPage.tsx(1194,31): error TS7006: Parameter 'event' implicitly has an 'any' type.
client/src/pages/StoryboardSkillFrameworkPage.tsx(1208,31): error TS7006: Parameter 'event' implicitly has an 'any' type.
client/src/pages/StoryboardSkillFrameworkPage.tsx(1324,29): error TS7006: Parameter 'event' implicitly has an 'any' type.
client/src/pages/StoryboardSkillFrameworkPage.tsx(1386,35): error TS7006: Parameter 'event' implicitly has an 'any' type.
client/src/pages/StoryboardSkillFrameworkPage.tsx(1399,35): error TS7006: Parameter 'event' implicitly has an 'any' type.
client/src/pages/StoryboardSkillFrameworkPage.tsx(1414,37): error TS7006: Parameter 'event' implicitly has an 'any' type.
client/src/pages/StoryboardSkillFrameworkPage.tsx(1431,37): error TS7006: Parameter 'event' implicitly has an 'any' type.
client/src/pages/StoryboardSkillFrameworkPage.tsx(1449,35): error TS7006: Parameter 'event' implicitly has an 'any' type.
client/src/pages/StoryboardSkillFrameworkPage.tsx(1466,37): error TS7006: Parameter 'event' implicitly has an 'any' type.
client/src/pages/StoryboardSkillFrameworkPage.tsx(1605,31): error TS7006: Parameter 'event' implicitly has an 'any' type.
client/src/pages/StoryboardSkillFrameworkPage.tsx(1673,41): error TS7006: Parameter 'event' implicitly has an 'any' type.
client/src/pages/StoryboardSkillFrameworkPage.tsx(1725,41): error TS7006: Parameter 'event' implicitly has an 'any' type.
client/src/pages/StoryboardSkillFrameworkPage.tsx(1740,41): error TS7006: Parameter 'event' implicitly has an 'any' type.
client/src/pages/StoryboardSkillFrameworkPage.tsx(2074,39): error TS7006: Parameter 'event' implicitly has an 'any' type.
client/src/pages/StoryboardSkillFrameworkPage.tsx(2140,42): error TS2339: Property 'status' does not exist on type '{ reviewId: any; candidateHistory: any; normalizedSnapshot: Record<string, unknown>; skillSnapshot: Record<string, unknown>; modelSnapshot: Record<string, unknown>; error: Record<string, unknown> | null; controlPlaneJob: { ...; } | null; controlPlaneEvents: { ...; }[]; shots: { ...; }[]; }'.
client/src/pages/StoryboardSkillFrameworkPage.tsx(2216,35): error TS7006: Parameter 'event' implicitly has an 'any' type.
client/src/pages/StoryboardSkillFrameworkPage.tsx(2217,42): error TS7006: Parameter 'event' implicitly has an 'any' type.
client/src/pages/StoryboardSkillFrameworkPage.tsx(2293,27): error TS7006: Parameter 'open' implicitly has an 'any' type.
client/src/pages/StoryboardSkillFrameworkPage.tsx(2449,67): error TS2339: Property 'status' does not exist on type '{ reviewId: any; candidateHistory: any; normalizedSnapshot: Record<string, unknown>; skillSnapshot: Record<string, unknown>; modelSnapshot: Record<string, unknown>; error: Record<string, unknown> | null; controlPlaneJob: { ...; } | null; controlPlaneEvents: { ...; }[]; shots: { ...; }[]; }'.
client/src/pages/StoryboardSkillFrameworkPage.tsx(2463,51): error TS2322: Type 'unknown' is not assignable to type 'ReactI18NextChildren | Iterable<ReactI18NextChildren>'.
client/src/pages/StoryboardSkillFrameworkPage.tsx(2566,27): error TS2322: Type 'unknown' is not assignable to type 'string | undefined'.
client/src/pages/StoryboardSkillFrameworkPage.tsx(2568,27): error TS2322: Type 'unknown' is not assignable to type 'ReactI18NextChildren | Iterable<ReactI18NextChildren>'.
client/src/pages/StoryboardSkillFrameworkPage.tsx(2620,28): error TS2339: Property 'status' does not exist on type '{ reviewId: any; candidateHistory: any; normalizedSnapshot: Record<string, unknown>; skillSnapshot: Record<string, unknown>; modelSnapshot: Record<string, unknown>; error: Record<string, unknown> | null; controlPlaneJob: { ...; } | null; controlPlaneEvents: { ...; }[]; shots: { ...; }[]; }'.
client/src/pages/StoryboardSkillFrameworkPage.tsx(2621,29): error TS2339: Property 'status' does not exist on type '{ reviewId: any; candidateHistory: any; normalizedSnapshot: Record<string, unknown>; skillSnapshot: Record<string, unknown>; modelSnapshot: Record<string, unknown>; error: Record<string, unknown> | null; controlPlaneJob: { ...; } | null; controlPlaneEvents: { ...; }[]; shots: { ...; }[]; }'.
client/src/pages/StoryboardSkillFrameworkPage.tsx(2636,30): error TS2339: Property 'status' does not exist on type '{ reviewId: any; candidateHistory: any; normalizedSnapshot: Record<string, unknown>; skillSnapshot: Record<string, unknown>; modelSnapshot: Record<string, unknown>; error: Record<string, unknown> | null; controlPlaneJob: { ...; } | null; controlPlaneEvents: { ...; }[]; shots: { ...; }[]; }'.
client/src/pages/StoryboardSkillFrameworkPage.tsx(2637,31): error TS2339: Property 'status' does not exist on type '{ reviewId: any; candidateHistory: any; normalizedSnapshot: Record<string, unknown>; skillSnapshot: Record<string, unknown>; modelSnapshot: Record<string, unknown>; error: Record<string, unknown> | null; controlPlaneJob: { ...; } | null; controlPlaneEvents: { ...; }[]; shots: { ...; }[]; }'.
client/src/pages/StoryboardSkillFrameworkPage.tsx(2651,29): error TS2339: Property 'status' does not exist on type '{ reviewId: any; candidateHistory: any; normalizedSnapshot: Record<string, unknown>; skillSnapshot: Record<string, unknown>; modelSnapshot: Record<string, unknown>; error: Record<string, unknown> | null; controlPlaneJob: { ...; } | null; controlPlaneEvents: { ...; }[]; shots: { ...; }[]; }'.
client/src/pages/StoryboardSkillFrameworkPage.tsx(2681,31): error TS7006: Parameter 'open' implicitly has an 'any' type.
client/src/pages/StoryboardSkillFrameworkPage.tsx(2750,24): error TS2339: Property 'status' does not exist on type '{ reviewId: any; candidateHistory: any; normalizedSnapshot: Record<string, unknown>; skillSnapshot: Record<string, unknown>; modelSnapshot: Record<string, unknown>; error: Record<string, unknown> | null; controlPlaneJob: { ...; } | null; controlPlaneEvents: { ...; }[]; shots: { ...; }[]; }'.
client/src/pages/StoryboardSkillFrameworkPage.tsx(2763,64): error TS2339: Property 'status' does not exist on type '{ reviewId: any; candidateHistory: any; normalizedSnapshot: Record<string, unknown>; skillSnapshot: Record<string, unknown>; modelSnapshot: Record<string, unknown>; error: Record<string, unknown> | null; controlPlaneJob: { ...; } | null; controlPlaneEvents: { ...; }[]; shots: { ...; }[]; }'.
client/src/pages/StoryboardSkillFrameworkPage.tsx(2773,32): error TS2339: Property 'status' does not exist on type '{ reviewId: any; candidateHistory: any; normalizedSnapshot: Record<string, unknown>; skillSnapshot: Record<string, unknown>; modelSnapshot: Record<string, unknown>; error: Record<string, unknown> | null; controlPlaneJob: { ...; } | null; controlPlaneEvents: { ...; }[]; shots: { ...; }[]; }'.
client/src/pages/StoryboardSkillFrameworkPage.tsx(2820,23): error TS7006: Parameter 'open' implicitly has an 'any' type.
client/src/pages/StoryboardSkillFrameworkPage.tsx(2921,31): error TS7006: Parameter 'event' implicitly has an 'any' type.
client/src/pages/Teams.tsx(2153,31): error TS7006: Parameter 'event' implicitly has an 'any' type.
client/src/pages/Teams.tsx(3073,25): error TS7006: Parameter 'e' implicitly has an 'any' type.
client/src/pages/Teams.tsx(4098,23): error TS7006: Parameter 'open' implicitly has an 'any' type.
client/src/pages/Teams.tsx(4210,27): error TS7006: Parameter 'e' implicitly has an 'any' type.
client/src/pages/Teams.tsx(4271,29): error TS7006: Parameter 'e' implicitly has an 'any' type.
client/src/pages/Teams.tsx(4370,27): error TS7006: Parameter 'e' implicitly has an 'any' type.
client/src/pages/Teams.tsx(4429,29): error TS7006: Parameter 'e' implicitly has an 'any' type.
client/src/pages/Teams.tsx(4476,23): error TS7006: Parameter 'open' implicitly has an 'any' type.
client/src/pages/Teams.tsx(4497,29): error TS7006: Parameter 'e' implicitly has an 'any' type.
client/src/pages/Teams.tsx(4510,29): error TS7006: Parameter 'e' implicitly has an 'any' type.
client/src/pages/Teams.tsx(4530,34): error TS7006: Parameter 'value' implicitly has an 'any' type.
client/src/pages/Teams.tsx(4586,33): error TS7006: Parameter 'e' implicitly has an 'any' type.
client/src/pages/Teams.tsx(4623,33): error TS7006: Parameter 'e' implicitly has an 'any' type.
client/src/pages/Teams.tsx(4673,33): error TS7006: Parameter 'e' implicitly has an 'any' type.
client/src/pages/Teams.tsx(4708,23): error TS7006: Parameter 'open' implicitly has an 'any' type.
client/src/pages/Teams.tsx(4725,32): error TS7006: Parameter 'value' implicitly has an 'any' type.
client/src/pages/Teams.tsx(4756,32): error TS7006: Parameter 'value' implicitly has an 'any' type.
client/src/pages/Teams.tsx(4834,31): error TS7006: Parameter 'e' implicitly has an 'any' type.
client/src/pages/Teams.tsx(4900,31): error TS7006: Parameter 'e' implicitly has an 'any' type.
client/src/pages/Teams.tsx(4914,31): error TS7006: Parameter 'e' implicitly has an 'any' type.
client/src/pages/Teams.tsx(4962,31): error TS7006: Parameter 'e' implicitly has an 'any' type.
client/src/pages/Teams.tsx(4978,31): error TS7006: Parameter 'e' implicitly has an 'any' type.
client/src/pages/Teams.tsx(5013,23): error TS7006: Parameter 'open' implicitly has an 'any' type.
client/src/pages/Teams.tsx(5134,37): error TS7006: Parameter 'e' implicitly has an 'any' type.
client/src/pages/Teams.tsx(5146,42): error TS7006: Parameter 'value' implicitly has an 'any' type.
client/src/pages/Teams.tsx(5186,39): error TS7006: Parameter 'e' implicitly has an 'any' type.
client/src/pages/Teams.tsx(5199,37): error TS7006: Parameter 'e' implicitly has an 'any' type.
client/src/pages/Teams.tsx(5289,42): error TS7006: Parameter 'value' implicitly has an 'any' type.
client/src/pages/Teams.tsx(5355,39): error TS7006: Parameter 'e' implicitly has an 'any' type.
client/src/pages/Teams.tsx(5425,41): error TS7006: Parameter 'e' implicitly has an 'any' type.
client/src/pages/Teams.tsx(5443,41): error TS7006: Parameter 'e' implicitly has an 'any' type.
client/src/pages/Teams.tsx(5497,41): error TS7006: Parameter 'e' implicitly has an 'any' type.
client/src/pages/Teams.tsx(5513,41): error TS7006: Parameter 'e' implicitly has an 'any' type.
client/src/pages/TenantDataTransfer.tsx(191,145): error TS7006: Parameter 'item' implicitly has an 'any' type.
client/src/pages/TenantDataTransfer.tsx(202,175): error TS7006: Parameter 'event' implicitly has an 'any' type.
client/src/pages/TenantSettings.tsx(381,39): error TS7006: Parameter 'e' implicitly has an 'any' type.
client/src/pages/TenantSettings.tsx(395,39): error TS7006: Parameter 'e' implicitly has an 'any' type.
client/src/pages/TenantSettings.tsx(411,39): error TS7006: Parameter 'e' implicitly has an 'any' type.
client/src/pages/TenantSettings.tsx(425,39): error TS7006: Parameter 'e' implicitly has an 'any' type.
client/src/pages/TenantSettings.tsx(439,39): error TS7006: Parameter 'e' implicitly has an 'any' type.
client/src/pages/TenantSettings.tsx(453,39): error TS7006: Parameter 'e' implicitly has an 'any' type.
client/src/pages/TenantSettings.tsx(467,39): error TS7006: Parameter 'e' implicitly has an 'any' type.
client/src/pages/TenantSettings.tsx(485,39): error TS7006: Parameter 'e' implicitly has an 'any' type.
client/src/pages/TenantSettings.tsx(500,39): error TS7006: Parameter 'e' implicitly has an 'any' type.
client/src/pages/TenantSettings.tsx(514,39): error TS7006: Parameter 'e' implicitly has an 'any' type.
client/src/pages/TenantSettings.tsx(528,39): error TS7006: Parameter 'e' implicitly has an 'any' type.
client/src/pages/TenantSettings.tsx(545,37): error TS7006: Parameter 'e' implicitly has an 'any' type.
client/src/pages/TenantSettings.tsx(565,39): error TS7006: Parameter 'e' implicitly has an 'any' type.
client/src/pages/TenantSettings.tsx(580,39): error TS7006: Parameter 'e' implicitly has an 'any' type.
client/src/pages/TenantSettings.tsx(603,41): error TS7006: Parameter 'e' implicitly has an 'any' type.
client/src/pages/TenantSettings.tsx(620,41): error TS7006: Parameter 'e' implicitly has an 'any' type.
client/src/pages/TenantSettings.tsx(641,41): error TS7006: Parameter 'e' implicitly has an 'any' type.
client/src/pages/TenantSettings.tsx(662,41): error TS7006: Parameter 'e' implicitly has an 'any' type.
client/src/pages/TenantSettings.tsx(679,41): error TS7006: Parameter 'e' implicitly has an 'any' type.
client/src/pages/TenantSettings.tsx(696,41): error TS7006: Parameter 'e' implicitly has an 'any' type.
client/src/pages/TenantSettings.tsx(727,41): error TS7006: Parameter 'e' implicitly has an 'any' type.
client/src/pages/TenantSettings.tsx(739,41): error TS7006: Parameter 'e' implicitly has an 'any' type.
client/src/pages/TenantSettings.tsx(828,47): error TS7006: Parameter 'checked' implicitly has an 'any' type.
client/src/pages/TenantSettings.tsx(859,38): error TS7006: Parameter 'event' implicitly has an 'any' type.
client/src/pages/TenantSettings.tsx(872,38): error TS7006: Parameter 'event' implicitly has an 'any' type.
client/src/pages/TenantSettings.tsx(893,45): error TS7006: Parameter 'checked' implicitly has an 'any' type.
client/src/pages/TenantSettings.tsx(907,38): error TS7006: Parameter 'event' implicitly has an 'any' type.
client/src/pages/VerticalDramaEpisodePage.tsx(1478,37): error TS2339: Property 'frameRole' does not exist on type '{ stage: VerticalDramaPipelineStage; seriesId: string; episodeId: string; idempotencyKey?: string | undefined; subShotPolicy?: { mode?: "fixed" | "auto" | undefined; enabled?: boolean | undefined; targetPerShot?: number | undefined; maxPerShot?: number | undefined; minSubShotSeconds?: number | undefined; } | undefin...'.
client/src/pages/VerticalDramaEpisodePage.tsx(3801,9): error TS2322: Type 'string' is not assignable to type '"cover" | "contain" | "crop_safe" | undefined'.
client/src/pages/VerticalDramaEpisodePage.tsx(5414,34): error TS2347: Untyped function calls may not accept type arguments.
client/src/pages/VerticalDramaEpisodePage.tsx(5419,6): error TS7006: Parameter 'acc' implicitly has an 'any' type.
client/src/pages/VerticalDramaEpisodePage.tsx(5419,11): error TS7006: Parameter 'row' implicitly has an 'any' type.
client/src/pages/VerticalDramaEpisodePage.tsx(5427,44): error TS2347: Untyped function calls may not accept type arguments.
client/src/pages/VerticalDramaEpisodePage.tsx(5441,6): error TS7006: Parameter 'acc' implicitly has an 'any' type.
client/src/pages/VerticalDramaEpisodePage.tsx(5441,11): error TS7006: Parameter 'row' implicitly has an 'any' type.
client/src/pages/VerticalDramaEpisodePage.tsx(5462,33): error TS2339: Property 'id' does not exist on type '{ episodeNumber: any; episodeTitle: any; generationSettings: { image?: { modelId?: string | null | undefined; quality?: string | null | undefined; } | undefined; llm?: { reasoning?: { mode: "auto" | "effort"; modelId?: string | ... 1 more ... | undefined; effort?: "max" | ... 5 more ... | undefined; } | undefined; q...'.
client/src/pages/VerticalDramaEpisodePage.tsx(5477,30): error TS2339: Property 'id' does not exist on type '{ episodeNumber: any; episodeTitle: any; generationSettings: { image?: { modelId?: string | null | undefined; quality?: string | null | undefined; } | undefined; llm?: { reasoning?: { mode: "auto" | "effort"; modelId?: string | ... 1 more ... | undefined; effort?: "max" | ... 5 more ... | undefined; } | undefined; q...'.
client/src/pages/VerticalDramaEpisodePage.tsx(6360,43): error TS18048: 'shotNumber' is possibly 'undefined'.
client/src/pages/VerticalDramaEpisodePage.tsx(6855,17): error TS2304: Cannot find name 'shouldReauthor'.
client/src/pages/VerticalDramaEpisodePage.tsx(9940,26): error TS7006: Parameter 'event' implicitly has an 'any' type.
client/src/pages/VerticalDramaEpisodePage.tsx(9958,25): error TS7006: Parameter 'open' implicitly has an 'any' type.
client/src/pages/VerticalDramaEpisodePage.tsx(9985,26): error TS7006: Parameter 'event' implicitly has an 'any' type.
client/src/pages/VerticalDramaEpisodePage.tsx(10539,15): error TS7006: Parameter 'object' implicitly has an 'any' type.
client/src/pages/VerticalDramaEpisodePage.tsx(10786,13): error TS2353: Object literal may only specify known properties, and 'onTriggerSurgicalAudioRepair' does not exist in type 'VerticalDramaStoryboardPanelData'.
client/src/pages/VerticalDramaSeriesDetailPage.tsx(516,30): error TS7006: Parameter 'v' implicitly has an 'any' type.
client/src/pages/VerticalDramaSeriesDetailPage.tsx(1147,23): error TS2352: Conversion of type '{ resolutionOptions: ModelResolutionOption[] | undefined; maxReferenceImages?: number | undefined; supportsStartFrame?: boolean | undefined; nativeAudioDialogue?: boolean | undefined; supportsNativeAudio?: boolean | undefined; verticalDramaReady?: boolean | undefined; configJson: Record<...> | null; provider?: strin...' to type 'EpisodeCoverModelOption[]' may be a mistake because neither type sufficiently overlaps with the other. If this was intentional, convert the expression to 'unknown' first.
  Type '{ resolutionOptions: ModelResolutionOption[] | undefined; maxReferenceImages?: number | undefined; supportsStartFrame?: boolean | undefined; nativeAudioDialogue?: boolean | undefined; supportsNativeAudio?: boolean | undefined; verticalDramaReady?: boolean | undefined; configJson: Record<...> | null; provider?: strin...' is missing the following properties from type 'EpisodeCoverModelOption': modelId, name
client/src/pages/VerticalDramaSeriesDetailPage.tsx(1699,36): error TS7006: Parameter 'checked' implicitly has an 'any' type.
client/src/pages/VerticalDramaSeriesDetailPage.tsx(1720,36): error TS7006: Parameter 'checked' implicitly has an 'any' type.
client/src/pages/VerticalDramaSeriesDetailPage.tsx(2020,23): error TS7006: Parameter 'open' implicitly has an 'any' type.
client/src/pages/VerticalDramaSeriesDetailPage.tsx(2085,38): error TS7006: Parameter 'checked' implicitly has an 'any' type.
client/src/pages/VerticalDramaSeriesDetailPage.tsx(2102,38): error TS7006: Parameter 'checked' implicitly has an 'any' type.
client/src/pages/VerticalDramaSeriesDetailPage.tsx(2123,32): error TS7006: Parameter 'v' implicitly has an 'any' type.
client/src/pages/VerticalDramaSeriesDetailPage.tsx(2151,38): error TS7006: Parameter 'checked' implicitly has an 'any' type.
client/src/pages/VerticalDramaSeriesDetailPage.tsx(2167,38): error TS7006: Parameter 'checked' implicitly has an 'any' type.
client/src/pages/VerticalDramaSeriesDetailPage.tsx(2631,19): error TS7006: Parameter 'e' implicitly has an 'any' type.
client/src/pages/VerticalDramaSeriesDetailPage.tsx(3388,34): error TS7006: Parameter 'value' implicitly has an 'any' type.
client/src/pages/VerticalDramaSeriesDetailPage.tsx(3414,34): error TS7006: Parameter 'value' implicitly has an 'any' type.
client/src/pages/VerticalDramaSeriesDetailPage.tsx(3544,27): error TS7006: Parameter 'e' implicitly has an 'any' type.
client/src/pages/VerticalDramaSeriesDetailPage.tsx(3554,36): error TS7006: Parameter 'checked' implicitly has an 'any' type.
client/src/pages/VerticalDramaSeriesPage.tsx(150,25): error TS7006: Parameter 'e' implicitly has an 'any' type.
client/src/pages/WebhookTriggers.tsx(282,40): error TS7006: Parameter 'v' implicitly has an 'any' type.
client/src/pages/WebhookTriggers.tsx(293,26): error TS7006: Parameter 'e' implicitly has an 'any' type.
client/src/pages/WebhookTriggers.tsx(302,26): error TS7006: Parameter 'e' implicitly has an 'any' type.
client/src/pages/WebhookTriggers.tsx(311,33): error TS7006: Parameter 'v' implicitly has an 'any' type.
client/src/pages/WebhookTriggers.tsx(331,26): error TS7006: Parameter 'e' implicitly has an 'any' type.
client/src/pages/WebhookTriggers.tsx(339,31): error TS7006: Parameter 'v' implicitly has an 'any' type.
client/src/pages/WebhookTriggers.tsx(357,28): error TS7006: Parameter 'e' implicitly has an 'any' type.
client/src/pages/WebhookTriggers.tsx(370,26): error TS7006: Parameter 'e' implicitly has an 'any' type.
client/src/pages/WebhookTriggers.tsx(382,26): error TS7006: Parameter 'e' implicitly has an 'any' type.
client/src/pages/WebhookTriggers.tsx(443,33): error TS7006: Parameter 'v' implicitly has an 'any' type.
client/src/pages/WebhookTriggers.tsx(459,26): error TS7006: Parameter 'e' implicitly has an 'any' type.
client/src/pages/WebhookTriggers.tsx(517,38): error TS7006: Parameter 'v' implicitly has an 'any' type.
client/src/pages/WebhookTriggers.tsx(676,41): error TS7006: Parameter 'v' implicitly has an 'any' type.
client/src/pages/WebhookTriggers.tsx(745,42): error TS7006: Parameter 'v' implicitly has an 'any' type.
client/src/pages/WorkflowStudioPage.tsx(242,111): error TS7006: Parameter 'event' implicitly has an 'any' type.
client/src/pages/WorkflowStudioPage.tsx(374,28): error TS2304: Cannot find name 'WorkflowNodeCategory'.
client/src/pages/WorkflowStudioPage.tsx(393,68): error TS2304: Cannot find name 'WorkflowNodeCategory'.
client/src/pages/WorkflowStudioPage.tsx(410,37): error TS2304: Cannot find name 'WorkflowNodeCategory'.
client/src/pages/WorkflowStudioPage.tsx(448,23): error TS7006: Parameter 'event' implicitly has an 'any' type.
client/src/pages/WorkflowStudioPage.tsx(611,27): error TS7006: Parameter 'event' implicitly has an 'any' type.
client/src/pages/WorkflowStudioPage.tsx(860,23): error TS18048: 'getQuery.data' is possibly 'undefined'.
client/src/pages/WorkflowStudioPage.tsx(995,27): error TS7006: Parameter 'event' implicitly has an 'any' type.
client/src/pages/WorkflowStudioPage.tsx(1094,28): error TS7006: Parameter 'value' implicitly has an 'any' type.
client/src/pages/WorkflowStudioPage.tsx(1123,55): error TS2339: Property 'recentEvents' does not exist on type 'Record<string, unknown> | { workerJobId: string; status: string; error: string; }'.
  Property 'recentEvents' does not exist on type '{ workerJobId: string; status: string; error: string; }'.
client/src/pages/WorkflowStudioPage.tsx(1124,45): error TS2339: Property 'recentEvents' does not exist on type 'Record<string, unknown> | { workerJobId: string; status: string; error: string; }'.
  Property 'recentEvents' does not exist on type '{ workerJobId: string; status: string; error: string; }'.
client/src/pages/WorkflowStudioPage.tsx(1128,55): error TS2339: Property 'artifacts' does not exist on type 'Record<string, unknown> | { workerJobId: string; status: string; error: string; }'.
  Property 'artifacts' does not exist on type '{ workerJobId: string; status: string; error: string; }'.
client/src/pages/WorkflowStudioPage.tsx(1129,45): error TS2339: Property 'artifacts' does not exist on type 'Record<string, unknown> | { workerJobId: string; status: string; error: string; }'.
  Property 'artifacts' does not exist on type '{ workerJobId: string; status: string; error: string; }'.
client/src/pages/WorkflowStudioPage.tsx(1185,90): error TS7006: Parameter 'event' implicitly has an 'any' type.
client/src/pages/WorkflowStudioPage.tsx(1186,90): error TS7006: Parameter 'event' implicitly has an 'any' type.
client/src/pages/WorkflowStudioPage.tsx(1232,114): error TS7006: Parameter 'event' implicitly has an 'any' type.
client/src/pages/WorkflowStudioPage.tsx(1234,100): error TS7006: Parameter 'event' implicitly has an 'any' type.
client/src/pages/WorkflowStudioPage.tsx(1608,9): error TS2322: Type '{ id: WorkflowNodeKind; ready: true; reasonCode: string; }[]' is not assignable to type '{ id: string; reasonCode: string; typeId: "core.trigger" | "data.transform" | "ai.model" | "ai.agent" | "core.capability" | "data.retrieval" | "flow.subflow" | "flow.router" | "flow.join" | ... 6 more ... | "quality.verifier"; ready?: boolean | undefined; binding?: objectInputType<...> | undefined; }[]'.
  Property 'typeId' is missing in type '{ id: WorkflowNodeKind; ready: true; reasonCode: string; }' but required in type '{ id: string; reasonCode: string; typeId: "core.trigger" | "data.transform" | "ai.model" | "ai.agent" | "core.capability" | "data.retrieval" | "flow.subflow" | "flow.router" | "flow.join" | ... 6 more ... | "quality.verifier"; ready?: boolean | undefined; binding?: objectInputType<...> | undefined; }'.
client/src/pages/WorkflowStudioPage.tsx(1614,25): error TS2352: Conversion of type 'WorkflowDefinitionV2' to type 'WorkflowSemanticDefinition' may be a mistake because neither type sufficiently overlaps with the other. If this was intentional, convert the expression to 'unknown' first.
  Types of property 'nodes' are incompatible.
    Type 'NodeInstance[]' is not comparable to type '{ id: string; type: string; inputs: WorkflowPort[]; outputs: WorkflowPort[]; position?: { x: number; y: number; } | undefined; width?: number | undefined; height?: number | undefined; data?: WorkflowGraphNodeData | undefined; }[]'.
      Type 'NodeInstance' is missing the following properties from type '{ id: string; type: string; inputs: WorkflowPort[]; outputs: WorkflowPort[]; position?: { x: number; y: number; } | undefined; width?: number | undefined; height?: number | undefined; data?: WorkflowGraphNodeData | undefined; }': type, inputs, outputs
client/src/pages/WorkflowStudioPage.tsx(1864,87): error TS7006: Parameter 'event' implicitly has an 'any' type.
client/src/pages/WorkflowStudioPage.tsx(2025,35): error TS7006: Parameter 'event' implicitly has an 'any' type.
client/src/pages/WorkflowStudioPage.tsx(2089,35): error TS7006: Parameter 'event' implicitly has an 'any' type.
client/src/pages/WorkflowStudioPage.tsx(2105,37): error TS7006: Parameter 'event' implicitly has an 'any' type.
client/src/pages/WorkflowStudioPage.tsx(2123,37): error TS7006: Parameter 'event' implicitly has an 'any' type.
client/src/pages/WorkflowStudioPage.tsx(2159,37): error TS7006: Parameter 'event' implicitly has an 'any' type.
client/src/pages/WorkflowStudioPage.tsx(2275,28): error TS7006: Parameter 'value' implicitly has an 'any' type.
client/src/pages/content-protection/ContentProtectionPage.tsx(442,31): error TS7006: Parameter 'e' implicitly has an 'any' type.
client/src/pages/content-protection/ContentProtectionPage.tsx(742,27): error TS7006: Parameter 'e' implicitly has an 'any' type.
client/src/pages/content-protection/ContentProtectionPage.tsx(898,29): error TS7006: Parameter 'e' implicitly has an 'any' type.
client/src/pages/content-protection/ContentProtectionPage.tsx(904,29): error TS7006: Parameter 'e' implicitly has an 'any' type.
client/src/pages/content-protection/ContentProtectionPage.tsx(912,27): error TS7006: Parameter 'e' implicitly has an 'any' type.
client/src/pages/content-protection/ContentProtectionPage.tsx(987,40): error TS18048: 'createEvidencePackage.data' is possibly 'undefined'.
client/src/pages/content-protection/ContentProtectionPage.tsx(1067,33): error TS7006: Parameter 'e' implicitly has an 'any' type.
client/src/pages/workflowStudioGraph.ts(636,75): error TS2769: No overload matches this call.
  Overload 1 of 2, '(...items: ConcatArray<{ selected: boolean; id: string; position: XYPosition; data: WorkflowGraphNodeData; sourcePosition?: Position | undefined; targetPosition?: Position | undefined; ... 25 more ...; domAttributes?: Omit<...> | undefined; }>[]): { ...; }[]', gave the following error.
    Argument of type 'WorkflowGraphNode' is not assignable to parameter of type 'ConcatArray<{ selected: boolean; id: string; position: XYPosition; data: WorkflowGraphNodeData; sourcePosition?: Position | undefined; targetPosition?: Position | undefined; ... 25 more ...; domAttributes?: Omit<...> | undefined; }>'.
      Type 'WorkflowGraphNode' is missing the following properties from type 'ConcatArray<{ selected: boolean; id: string; position: XYPosition; data: WorkflowGraphNodeData; sourcePosition?: Position | undefined; targetPosition?: Position | undefined; ... 25 more ...; domAttributes?: Omit<...> | undefined; }>': length, join, slice
  Overload 2 of 2, '(...items: ({ selected: boolean; id: string; position: XYPosition; data: WorkflowGraphNodeData; sourcePosition?: Position | undefined; targetPosition?: Position | undefined; ... 25 more ...; domAttributes?: Omit<...> | undefined; } | ConcatArray<...>)[]): { ...; }[]', gave the following error.
    Argument of type 'WorkflowGraphNode' is not assignable to parameter of type '{ selected: boolean; id: string; position: XYPosition; data: WorkflowGraphNodeData; sourcePosition?: Position | undefined; targetPosition?: Position | undefined; ... 25 more ...; domAttributes?: Omit<...> | undefined; } | ConcatArray<...>'.
      Type 'WorkflowGraphNode' is not assignable to type '{ selected: boolean; id: string; position: XYPosition; data: WorkflowGraphNodeData; sourcePosition?: Position; targetPosition?: Position; ... 25 more ...; domAttributes?: Omit<HTMLAttributes<HTMLDivElement>, "id" | "style" | "className" | "draggable" | "role" | "aria-label" | "defaultValue" | "dangerouslySetInnerHTM...'.
        Types of property 'selected' are incompatible.
          Type 'boolean | undefined' is not assignable to type 'boolean'.
            Type 'undefined' is not assignable to type 'boolean'.
client/src/presentation-canvas/components/AssetLibraryPanel.tsx(269,28): error TS7006: Parameter 'event' implicitly has an 'any' type.
client/src/presentation-canvas/components/AssetLibraryPanel.tsx(308,35): error TS7006: Parameter 'event' implicitly has an 'any' type.
client/src/presentation-canvas/components/BlocksPanel.tsx(427,22): error TS7006: Parameter 'event' implicitly has an 'any' type.
client/src/presentation-canvas/components/ComponentCanvasOverlay.tsx(536,28): error TS7006: Parameter 'event' implicitly has an 'any' type.
client/src/presentation-canvas/components/ComponentCanvasOverlay.tsx(543,28): error TS7006: Parameter 'event' implicitly has an 'any' type.
client/src/presentation-canvas/components/ComponentCanvasOverlay.tsx(554,28): error TS7006: Parameter 'event' implicitly has an 'any' type.
client/src/presentation-canvas/components/ComponentCanvasOverlay.tsx(563,28): error TS7006: Parameter 'event' implicitly has an 'any' type.
client/src/presentation-canvas/components/ComponentCanvasOverlay.tsx(665,30): error TS7006: Parameter 'event' implicitly has an 'any' type.
client/src/presentation-canvas/components/ComponentCanvasOverlay.tsx(673,30): error TS7006: Parameter 'event' implicitly has an 'any' type.
client/src/presentation-canvas/components/ComponentCanvasOverlay.tsx(708,30): error TS7006: Parameter 'event' implicitly has an 'any' type.
client/src/presentation-canvas/components/ComponentCanvasOverlay.tsx(716,30): error TS7006: Parameter 'event' implicitly has an 'any' type.
client/src/presentation-canvas/components/ComponentCanvasOverlay.tsx(724,30): error TS7006: Parameter 'event' implicitly has an 'any' type.
client/src/presentation-canvas/components/ComponentCanvasOverlay.tsx(763,28): error TS7006: Parameter 'event' implicitly has an 'any' type.
client/src/presentation-canvas/components/ComponentCanvasOverlay.tsx(772,28): error TS7006: Parameter 'event' implicitly has an 'any' type.
client/src/presentation-canvas/components/ComponentCanvasOverlay.tsx(781,28): error TS7006: Parameter 'event' implicitly has an 'any' type.
client/src/presentation-canvas/components/ComponentCanvasOverlay.tsx(829,26): error TS7006: Parameter 'event' implicitly has an 'any' type.
client/src/presentation-canvas/components/ComponentCanvasOverlay.tsx(831,56): error TS7006: Parameter 'item' implicitly has an 'any' type.
client/src/presentation-canvas/components/ComponentInspector.tsx(279,36): error TS7006: Parameter 'event' implicitly has an 'any' type.
client/src/presentation-canvas/components/ComponentInspector.tsx(287,36): error TS7006: Parameter 'event' implicitly has an 'any' type.
client/src/presentation-canvas/components/ComponentInspector.tsx(304,34): error TS7006: Parameter 'event' implicitly has an 'any' type.
client/src/presentation-canvas/components/ComponentInspector.tsx(311,34): error TS7006: Parameter 'event' implicitly has an 'any' type.
client/src/presentation-canvas/components/ComponentInspector.tsx(375,36): error TS7006: Parameter 'event' implicitly has an 'any' type.
client/src/presentation-canvas/components/ComponentInspector.tsx(382,36): error TS7006: Parameter 'event' implicitly has an 'any' type.
client/src/presentation-canvas/components/ComponentInspector.tsx(394,36): error TS7006: Parameter 'event' implicitly has an 'any' type.
client/src/presentation-canvas/components/ComponentInspector.tsx(401,36): error TS7006: Parameter 'event' implicitly has an 'any' type.
client/src/presentation-canvas/components/ComponentInspector.tsx(408,36): error TS7006: Parameter 'event' implicitly has an 'any' type.
client/src/presentation-canvas/components/ComponentInspector.tsx(426,34): error TS7006: Parameter 'event' implicitly has an 'any' type.
client/src/presentation-canvas/components/ComponentInspector.tsx(433,34): error TS7006: Parameter 'event' implicitly has an 'any' type.
client/src/presentation-canvas/components/ComponentInspector.tsx(440,34): error TS7006: Parameter 'event' implicitly has an 'any' type.
client/src/presentation-canvas/components/ComponentInspector.tsx(461,32): error TS7006: Parameter 'event' implicitly has an 'any' type.
client/src/presentation-canvas/components/ComponentInspector.tsx(464,62): error TS7006: Parameter 'item' implicitly has an 'any' type.
client/src/presentation-canvas/components/GraphicsPanel.tsx(39,32): error TS7006: Parameter 'e' implicitly has an 'any' type.
client/src/presentation-canvas/components/PropertyPanel.tsx(992,26): error TS7006: Parameter 'event' implicitly has an 'any' type.
client/src/presentation-canvas/components/PropertyPanel.tsx(2017,30): error TS7006: Parameter 'event' implicitly has an 'any' type.
client/src/presentation-canvas/components/PropertyPanel.tsx(2053,30): error TS7006: Parameter 'event' implicitly has an 'any' type.
client/src/presentation-canvas/components/PropertyPanel.tsx(2056,29): error TS7006: Parameter 'line' implicitly has an 'any' type.
client/src/presentation-canvas/components/PropertyPanel.tsx(2082,28): error TS7006: Parameter 'event' implicitly has an 'any' type.
client/src/presentation-canvas/components/PropertyPanel.tsx(2202,26): error TS7006: Parameter 'e' implicitly has an 'any' type.
client/src/presentation-canvas/components/PropertyPanel.tsx(2714,30): error TS7006: Parameter 'event' implicitly has an 'any' type.
client/src/presentation-canvas/components/PropertyPanel.tsx(3132,26): error TS7006: Parameter 'event' implicitly has an 'any' type.
client/src/services/libraryUploadClient.ts(208,56): error TS2339: Property 'signal' does not exist on type 'Pick<LibraryUploadOptions, "metadata" | "onProgress" | "changeDescription">'.
client/src/services/libraryUploadClient.ts(220,15): error TS2339: Property 'signal' does not exist on type 'Pick<LibraryUploadOptions, "metadata" | "onProgress" | "changeDescription">'.
client/src/stores/executionStore.ts(8,24): error TS2307: Cannot find module 'zustand' or its corresponding type declarations.
client/src/stores/executionStore.ts(70,58): error TS7006: Parameter 'set' implicitly has an 'any' type.
client/src/stores/executionStore.ts(70,63): error TS7006: Parameter 'get' implicitly has an 'any' type.
client/src/stores/executionStore.ts(88,10): error TS7006: Parameter 'state' implicitly has an 'any' type.
client/src/stores/executionStore.ts(100,10): error TS7006: Parameter 'state' implicitly has an 'any' type.
client/src/themes/butter/icons.tsx(48,14): error TS2739: Type '{ close: Element; chevronDown: Element; chevronLeft: Element; chevronRight: Element; check: Element; success: Element; error: Element; ... 18 more ...; microphone: Element; }' is missing the following properties from type 'IconRegistry': chevronsLeft, chevronsRight
client/src/themes/chocolate/icons.tsx(48,14): error TS2739: Type '{ close: Element; chevronDown: Element; chevronLeft: Element; chevronRight: Element; check: Element; success: Element; error: Element; ... 18 more ...; microphone: Element; }' is missing the following properties from type 'IconRegistry': chevronsLeft, chevronsRight
client/src/themes/gothic/icons.tsx(48,14): error TS2739: Type '{ close: Element; chevronDown: Element; chevronLeft: Element; chevronRight: Element; check: Element; success: Element; error: Element; ... 18 more ...; microphone: Element; }' is missing the following properties from type 'IconRegistry': chevronsLeft, chevronsRight
client/src/themes/matcha/icons.tsx(38,14): error TS2739: Type '{ close: Element; chevronDown: Element; chevronLeft: Element; chevronRight: Element; check: Element; success: Element; error: Element; ... 18 more ...; microphone: Element; }' is missing the following properties from type 'IconRegistry': chevronsLeft, chevronsRight
client/src/themes/stone/icons.tsx(48,14): error TS2739: Type '{ close: Element; chevronDown: Element; chevronLeft: Element; chevronRight: Element; check: Element; success: Element; error: Element; ... 18 more ...; microphone: Element; }' is missing the following properties from type 'IconRegistry': chevronsLeft, chevronsRight
client/src/themes/y2k/icons.tsx(38,14): error TS2739: Type '{ close: Element; chevronDown: Element; chevronLeft: Element; chevronRight: Element; check: Element; success: Element; error: Element; ... 18 more ...; microphone: Element; }' is missing the following properties from type 'IconRegistry': chevronsLeft, chevronsRight
drizzle/schema.ts(9915,14): error TS7022: 'videoEditorProjectRevisions' implicitly has type 'any' because it does not have a type annotation and is referenced directly or indirectly in its own initializer.
drizzle/schema.ts(9927,7): error TS7024: Function implicitly has return type 'any' because it does not have a return type annotation and is referenced directly or indirectly in one of its return expressions.
drizzle/schema.ts(28910,14): error TS7022: 'storyboardSkillProjects' implicitly has type 'any' because it does not have a type annotation and is referenced directly or indirectly in its own initializer.
drizzle/schema.ts(28930,7): error TS7024: Function implicitly has return type 'any' because it does not have a return type annotation and is referenced directly or indirectly in one of its return expressions.
drizzle/schema.ts(28959,14): error TS7022: 'storyboardSkillRuns' implicitly has type 'any' because it does not have a type annotation and is referenced directly or indirectly in its own initializer.
drizzle/schema.ts(28967,19): error TS7024: Function implicitly has return type 'any' because it does not have a return type annotation and is referenced directly or indirectly in one of its return expressions.
drizzle/schema.ts(31456,14): error TS7022: 'emergencyIntelClaims' implicitly has type 'any' because it does not have a type annotation and is referenced directly or indirectly in its own initializer.
drizzle/schema.ts(31468,84): error TS7024: Function implicitly has return type 'any' because it does not have a return type annotation and is referenced directly or indirectly in one of its return expressions.
drizzle/seedAgencyTemplates.ts(8,30): error TS2307: Cannot find module 'uuid' or its corresponding type declarations.
server/_core/mcpRegistry.ts(2541,5): error TS2739: Type 'AuthUserRow' is missing the following properties from type '{ id: number; name: string | null; role: "user" | "admin" | "domain_admin" | "system_agent"; email: string | null; plan: "free" | "starter" | "pro" | "enterprise"; createdAt: Date; ... 46 more ...; sessionRevokedAt: Date | null; }': tenantIdentityMigrationReason, tenantIdentityMigratedAt
server/_core/mcpRegistry.ts(2954,7): error TS2739: Type 'AuthUserRow' is missing the following properties from type '{ id: number; name: string | null; role: "user" | "admin" | "domain_admin" | "system_agent"; email: string | null; plan: "free" | "starter" | "pro" | "enterprise"; createdAt: Date; ... 46 more ...; sessionRevokedAt: Date | null; }': tenantIdentityMigrationReason, tenantIdentityMigratedAt
server/_core/mcpRegistry.ts(3024,5): error TS2739: Type 'AuthUserRow' is missing the following properties from type '{ id: number; name: string | null; role: "user" | "admin" | "domain_admin" | "system_agent"; email: string | null; plan: "free" | "starter" | "pro" | "enterprise"; createdAt: Date; ... 46 more ...; sessionRevokedAt: Date | null; }': tenantIdentityMigrationReason, tenantIdentityMigratedAt
server/_core/mcpRegistry.ts(3082,5): error TS2739: Type 'AuthUserRow' is missing the following properties from type '{ id: number; name: string | null; role: "user" | "admin" | "domain_admin" | "system_agent"; email: string | null; plan: "free" | "starter" | "pro" | "enterprise"; createdAt: Date; ... 46 more ...; sessionRevokedAt: Date | null; }': tenantIdentityMigrationReason, tenantIdentityMigratedAt
server/_core/sdk.ts(402,33): error TS2352: Conversion of type 'TokenClaims' to type 'Record<string, unknown>' may be a mistake because neither type sufficiently overlaps with the other. If this was intentional, convert the expression to 'unknown' first.
  Index signature for type 'string' is missing in type 'TokenClaims'.
server/jobs/unifiedJobControlPlaneReconcilerJob.ts(93,25): error TS18004: No value exists in scope for the shorthand property 'approvalDecisionReconciliation'. Either declare one or provide an initializer.
server/jobs/unifiedJobControlPlaneReconcilerJob.ts(95,23): error TS18004: No value exists in scope for the shorthand property 'approvalDecisionReconciliation'. Either declare one or provide an initializer.
server/remotion/GenericTemplateComposition.tsx(57,58): error TS2307: Cannot find module '@smartspec/remotion-render/render-video-schema' or its corresponding type declarations.
server/routers/blog.ts(59,9): error TS2769: No overload matches this call.
  Overload 1 of 3, '(left: PgColumn<{ name: "tenantId"; tableName: "seo_metadata"; dataType: "string"; columnType: "PgVarchar"; data: string; driverParam: string; notNull: true; hasDefault: false; isPrimaryKey: false; isAutoincrement: false; ... 4 more ...; generated: undefined; }, {}, { ...; }>, right: string | SQLWrapper): SQL<...>', gave the following error.
    Argument of type 'number' is not assignable to parameter of type 'string | SQLWrapper'.
  Overload 2 of 3, '(left: Aliased<number>, right: number | SQLWrapper): SQL<unknown>', gave the following error.
    Argument of type 'PgColumn<{ name: "tenantId"; tableName: "seo_metadata"; dataType: "string"; columnType: "PgVarchar"; data: string; driverParam: string; notNull: true; hasDefault: false; isPrimaryKey: false; isAutoincrement: false; ... 4 more ...; generated: undefined; }, {}, { ...; }>' is not assignable to parameter of type 'Aliased<number>'.
      Type 'PgColumn<{ name: "tenantId"; tableName: "seo_metadata"; dataType: "string"; columnType: "PgVarchar"; data: string; driverParam: string; notNull: true; hasDefault: false; isPrimaryKey: false; isAutoincrement: false; ... 4 more ...; generated: undefined; }, {}, { ...; }>' is missing the following properties from type 'Aliased<number>': sql, fieldAlias
  Overload 3 of 3, '(left: never, right: unknown): SQL<unknown>', gave the following error.
    Argument of type 'PgColumn<{ name: "tenantId"; tableName: "seo_metadata"; dataType: "string"; columnType: "PgVarchar"; data: string; driverParam: string; notNull: true; hasDefault: false; isPrimaryKey: false; isAutoincrement: false; ... 4 more ...; generated: undefined; }, {}, { ...; }>' is not assignable to parameter of type 'never'.
server/routers/blog.ts(412,20): error TS2769: No overload matches this call.
  Overload 1 of 3, '(left: PgColumn<{ name: "tenantId"; tableName: "seo_metadata"; dataType: "string"; columnType: "PgVarchar"; data: string; driverParam: string; notNull: true; hasDefault: false; isPrimaryKey: false; isAutoincrement: false; ... 4 more ...; generated: undefined; }, {}, { ...; }>, right: string | SQLWrapper): SQL<...>', gave the following error.
    Argument of type 'number' is not assignable to parameter of type 'string | SQLWrapper'.
  Overload 2 of 3, '(left: Aliased<number>, right: number | SQLWrapper): SQL<unknown>', gave the following error.
    Argument of type 'PgColumn<{ name: "tenantId"; tableName: "seo_metadata"; dataType: "string"; columnType: "PgVarchar"; data: string; driverParam: string; notNull: true; hasDefault: false; isPrimaryKey: false; isAutoincrement: false; ... 4 more ...; generated: undefined; }, {}, { ...; }>' is not assignable to parameter of type 'Aliased<number>'.
      Type 'PgColumn<{ name: "tenantId"; tableName: "seo_metadata"; dataType: "string"; columnType: "PgVarchar"; data: string; driverParam: string; notNull: true; hasDefault: false; isPrimaryKey: false; isAutoincrement: false; ... 4 more ...; generated: undefined; }, {}, { ...; }>' is missing the following properties from type 'Aliased<number>': sql, fieldAlias
  Overload 3 of 3, '(left: never, right: unknown): SQL<unknown>', gave the following error.
    Argument of type 'PgColumn<{ name: "tenantId"; tableName: "seo_metadata"; dataType: "string"; columnType: "PgVarchar"; data: string; driverParam: string; notNull: true; hasDefault: false; isPrimaryKey: false; isAutoincrement: false; ... 4 more ...; generated: undefined; }, {}, { ...; }>' is not assignable to parameter of type 'never'.
server/routers/chat.ts(2813,19): error TS2322: Type 'number | undefined' is not assignable to type 'number'.
  Type 'undefined' is not assignable to type 'number'.
server/routers/chat.ts(2997,15): error TS2322: Type '{ userId: number; tenantId: string | null; } | undefined' is not assignable to type '{ userId: number; tenantId: string; } | undefined'.
  Type '{ userId: number; tenantId: string | null; }' is not assignable to type '{ userId: number; tenantId: string; }'.
    Types of property 'tenantId' are incompatible.
      Type 'string | null' is not assignable to type 'string'.
        Type 'null' is not assignable to type 'string'.
server/routers/chat.ts(3000,50): error TS18047: 'contextTenantId' is possibly 'null'.
server/routers/chat.ts(3254,27): error TS18048: 'plannedTaskPlan' is possibly 'undefined'.
server/routers/chat.ts(3257,35): error TS2345: Argument of type 'number | undefined' is not assignable to parameter of type 'number'.
  Type 'undefined' is not assignable to type 'number'.
server/routers/chat.ts(3443,50): error TS2345: Argument of type 'string | null | undefined' is not assignable to parameter of type 'string'.
  Type 'undefined' is not assignable to type 'string'.
server/routers/chat.ts(3453,30): error TS18049: 'rawContent' is possibly 'null' or 'undefined'.
server/routers/chat.ts(3454,31): error TS18049: 'rawContent' is possibly 'null' or 'undefined'.
server/routers/chat.ts(3482,19): error TS18047: 'provider' is possibly 'null'.
server/routers/chat.ts(3502,27): error TS18047: 'provider' is possibly 'null'.
server/routers/chat.ts(3517,13): error TS2322: Type 'number | undefined' is not assignable to type 'number'.
  Type 'undefined' is not assignable to type 'number'.
server/routers/chat.ts(3518,13): error TS2322: Type 'TaskExecutionPlan | undefined' is not assignable to type 'TaskExecutionPlan'.
  Type 'undefined' is not assignable to type 'TaskExecutionPlan'.
server/routers/chat.ts(3519,13): error TS2322: Type 'string | null | undefined' is not assignable to type 'string'.
  Type 'undefined' is not assignable to type 'string'.
server/routers/chat.ts(3520,23): error TS18047: 'provider' is possibly 'null'.
server/routers/chat.ts(3534,15): error TS2322: Type 'number | undefined' is not assignable to type 'number'.
  Type 'undefined' is not assignable to type 'number'.
server/routers/chat.ts(3536,15): error TS2322: Type 'string | null | undefined' is not assignable to type 'string'.
  Type 'undefined' is not assignable to type 'string'.
server/routers/chat.ts(3690,9): error TS18048: 'action' is possibly 'undefined'.
server/routers/chat.ts(3691,16): error TS18048: 'action' is possibly 'undefined'.
server/routers/chat.ts(3692,16): error TS18048: 'action' is possibly 'undefined'.
server/routers/chat.ts(3693,16): error TS18048: 'action' is possibly 'undefined'.
server/routers/chat.ts(3694,16): error TS18048: 'action' is possibly 'undefined'.
server/routers/chat.ts(3695,23): error TS18048: 'action' is possibly 'undefined'.
server/routers/chat.ts(3698,21): error TS18048: 'action' is possibly 'undefined'.
server/routers/chat.ts(3699,21): error TS18048: 'action' is possibly 'undefined'.
server/routers/chat.ts(3700,28): error TS18048: 'action' is possibly 'undefined'.
server/routers/chat.ts(3701,29): error TS18048: 'action' is possibly 'undefined'.
server/routers/chat.ts(3702,32): error TS18048: 'action' is possibly 'undefined'.
server/routers/chat.ts(3709,11): error TS2345: Argument of type '{ type: "create_skill"; name: string; slug: string; description: string; skillContent: string; triggerPatterns: string[]; } | null' is not assignable to parameter of type 'SkillCreateAction'.
  Type 'null' is not assignable to type 'SkillCreateAction'.
server/routers/chat.ts(3717,58): error TS2339: Property 'skillId' does not exist on type '{ ok: true; skillId: number; } | { ok: false; reason: string; }'.
  Property 'skillId' does not exist on type '{ ok: false; reason: string; }'.
server/routers/chat.ts(3724,64): error TS2339: Property 'reason' does not exist on type '{ ok: true; skillId: number; } | { ok: false; reason: string; }'.
  Property 'reason' does not exist on type '{ ok: true; skillId: number; }'.
server/routers/chat.ts(3757,19): error TS2322: Type 'string | undefined' is not assignable to type 'string'.
  Type 'undefined' is not assignable to type 'string'.
server/routers/chat.ts(3772,13): error TS2322: Type 'number | undefined' is not assignable to type 'number'.
  Type 'undefined' is not assignable to type 'number'.
server/routers/contentProtection.ts(425,70): error TS2769: No overload matches this call.
  Overload 1 of 2, '(value: { tenantId: string | SQL<unknown> | Placeholder<string, any>; idempotencyKey: string | SQL<unknown> | Placeholder<string, any>; ownerUserId: number | SQL<...> | Placeholder<...>; ... 31 more ...; protectedAt?: Date | ... 3 more ... | undefined; }): PgInsertBase<...>', gave the following error.
    Type 'string | null' is not assignable to type 'string | SQL<unknown> | Placeholder<string, any>'.
      Type 'null' is not assignable to type 'string | SQL<unknown> | Placeholder<string, any>'.
  Overload 2 of 2, '(values: { tenantId: string | SQL<unknown> | Placeholder<string, any>; idempotencyKey: string | SQL<unknown> | Placeholder<string, any>; ownerUserId: number | SQL<...> | Placeholder<...>; ... 31 more ...; protectedAt?: Date | ... 3 more ... | undefined; }[]): PgInsertBase<...>', gave the following error.
    Object literal may only specify known properties, and 'id' does not exist in type '{ tenantId: string | SQL<unknown> | Placeholder<string, any>; idempotencyKey: string | SQL<unknown> | Placeholder<string, any>; ownerUserId: number | SQL<...> | Placeholder<...>; ... 31 more ...; protectedAt?: Date | ... 3 more ... | undefined; }[]'.
server/routers/editorMediaJobs.ts(394,19): error TS2769: No overload matches this call.
  Overload 1 of 2, '(value: { tenantId: string | SQL<unknown> | Placeholder<string, any>; jobType: string | SQL<unknown> | Placeholder<string, any>; runtimeType: SQL<unknown> | ... 9 more ... | Placeholder<...>; ... 42 more ...; operatorReviewReason?: string | ... 3 more ... | undefined; }): PgInsertBase<...>', gave the following error.
    Argument of type '{ jobType: string; runtimeType?: string | undefined; executionClass?: string | undefined; inputJson?: Record<string, unknown> | undefined; timeoutSeconds?: number | undefined; retryPolicyJson?: Record<...> | undefined; }' is not assignable to parameter of type '{ tenantId: string | SQL<unknown> | Placeholder<string, any>; jobType: string | SQL<unknown> | Placeholder<string, any>; runtimeType: SQL<unknown> | "openclaw_gateway" | ... 8 more ... | Placeholder<...>; ... 42 more ...; operatorReviewReason?: string | ... 3 more ... | undefined; }'.
      Property 'tenantId' is missing in type '{ jobType: string; runtimeType?: string | undefined; executionClass?: string | undefined; inputJson?: Record<string, unknown> | undefined; timeoutSeconds?: number | undefined; retryPolicyJson?: Record<...> | undefined; }' but required in type '{ tenantId: string | SQL<unknown> | Placeholder<string, any>; jobType: string | SQL<unknown> | Placeholder<string, any>; runtimeType: SQL<unknown> | "openclaw_gateway" | ... 8 more ... | Placeholder<...>; ... 42 more ...; operatorReviewReason?: string | ... 3 more ... | undefined; }'.
  Overload 2 of 2, '(values: { tenantId: string | SQL<unknown> | Placeholder<string, any>; jobType: string | SQL<unknown> | Placeholder<string, any>; runtimeType: SQL<unknown> | ... 9 more ... | Placeholder<...>; ... 42 more ...; operatorReviewReason?: string | ... 3 more ... | undefined; }[]): PgInsertBase<...>', gave the following error.
    Argument of type '{ jobType: string; runtimeType?: string | undefined; executionClass?: string | undefined; inputJson?: Record<string, unknown> | undefined; timeoutSeconds?: number | undefined; retryPolicyJson?: Record<...> | undefined; }' is not assignable to parameter of type '{ tenantId: string | SQL<unknown> | Placeholder<string, any>; jobType: string | SQL<unknown> | Placeholder<string, any>; runtimeType: SQL<unknown> | "openclaw_gateway" | ... 8 more ... | Placeholder<...>; ... 42 more ...; operatorReviewReason?: string | ... 3 more ... | undefined; }[]'.
      Type '{ jobType: string; runtimeType?: string | undefined; executionClass?: string | undefined; inputJson?: Record<string, unknown> | undefined; timeoutSeconds?: number | undefined; retryPolicyJson?: Record<...> | undefined; }' is missing the following properties from type '{ tenantId: string | SQL<unknown> | Placeholder<string, any>; jobType: string | SQL<unknown> | Placeholder<string, any>; runtimeType: SQL<unknown> | "openclaw_gateway" | ... 8 more ... | Placeholder<...>; ... 42 more ...; operatorReviewReason?: string | ... 3 more ... | undefined; }[]': length, pop, push, concat, and 35 more.
server/routers/editorMediaJobs.ts(417,13): error TS2322: Type 'MediaJobEnvelope' is not assignable to type 'Record<string, unknown>'.
  Index signature for type 'string' is missing in type 'MediaJobEnvelope'.
server/routers/funnelAnalytics.ts(296,27): error TS2304: Cannot find name 'CACHE_PREFIX'.
server/routers/funnelAnalytics.ts(347,27): error TS2304: Cannot find name 'CACHE_PREFIX'.
server/routers/hybridOrchestration.ts(40,9): error TS2322: Type 'string | null' is not assignable to type 'string'.
  Type 'null' is not assignable to type 'string'.
server/routers/hybridOrchestration.ts(44,9): error TS2322: Type '"agency" | "chat" | "legacy" | "agency-browser" | "agency-chat" | "review-center" | undefined' is not assignable to type '"chat" | "legacy" | "agency-browser" | "agency-chat" | "review-center" | undefined'.
  Type '"agency"' is not assignable to type '"chat" | "legacy" | "agency-browser" | "agency-chat" | "review-center" | undefined'.
server/routers/library.ts(256,8): error TS18048: 'claims.uploadSizeBytes' is possibly 'undefined'.
server/routers/library.ts(257,8): error TS18048: 'claims.uploadSizeBytes' is possibly 'undefined'.
server/routers/mediaModels.ts(1190,19): error TS2339: Property 'modelId' does not exist on type '{ provider?: string | null | undefined; }'.
server/routers/mediaModels.ts(1191,19): error TS2339: Property 'configJson' does not exist on type '{ provider?: string | null | undefined; }'.
server/routers/mediaModels.ts(1193,71): error TS2339: Property 'modelId' does not exist on type '{ provider?: string | null | undefined; }'.
server/routers/mediaModels.ts(1194,25): error TS2339: Property 'modelType' does not exist on type '{ provider?: string | null | undefined; }'.
server/routers/mediaModels.ts(1195,33): error TS2339: Property 'aspectRatios' does not exist on type '{ provider?: string | null | undefined; }'.
server/routers/mediaModels.ts(1204,31): error TS2339: Property 'creditCost' does not exist on type '{ provider?: string | null | undefined; }'.
server/routers/mediaModels.ts(1205,26): error TS2339: Property 'sizes' does not exist on type '{ provider?: string | null | undefined; }'.
server/routers/presentation.ts(906,13): error TS2322: Type '"agency" | "skill"' is not assignable to type '"skill"'.
  Type '"agency"' is not assignable to type '"skill"'.
server/routers/queues.ts(163,42): error TS2339: Property 'queueName' does not exist on type 'never'.
server/routers/queues.ts(165,19): error TS2339: Property 'taskId' does not exist on type 'never'.
server/routers/queues.ts(166,21): error TS2339: Property 'queueName' does not exist on type 'never'.
server/routers/queues.ts(167,21): error TS2339: Property 'payload' does not exist on type 'never'.
server/routers/queues.ts(168,29): error TS2339: Property 'errorMessage' does not exist on type 'never'.
server/routers/queues.ts(169,29): error TS2339: Property 'attemptCount' does not exist on type 'never'.
server/routers/queues.ts(170,26): error TS2339: Property 'createdAt' does not exist on type 'never'.
server/routers/queues.ts(171,28): error TS2339: Property 'createdAt' does not exist on type 'never'.
server/routers/queues.ts(172,27): error TS2339: Property 'completedAt' does not exist on type 'never'.
server/routers/users.ts(1403,72): error TS2345: Argument of type '{ id: string; displayName: string; externalReference: string; runtimeType: "openclaw_gateway" | "desktop_zeroclaw_managed" | "nemoclaw_sandbox" | "hiclaw_cluster" | "hermes_agent_gateway" | "remotion_executor" | "local_llm_worker" | "node_job_worker" | "python_job_worker"; ... 7 more ...; capabilitiesJson: Record<.....' is not assignable to parameter of type '{ externalReference: string; runtimeType: "openclaw_gateway" | "desktop_zeroclaw_managed" | "nemoclaw_sandbox" | "hiclaw_cluster" | "hermes_agent_gateway" | "remotion_executor" | "local_llm_worker"; capabilitiesJson: unknown; }'.
  Types of property 'runtimeType' are incompatible.
    Type '"openclaw_gateway" | "desktop_zeroclaw_managed" | "nemoclaw_sandbox" | "hiclaw_cluster" | "hermes_agent_gateway" | "remotion_executor" | "local_llm_worker" | "node_job_worker" | "python_job_worker"' is not assignable to type '"openclaw_gateway" | "desktop_zeroclaw_managed" | "nemoclaw_sandbox" | "hiclaw_cluster" | "hermes_agent_gateway" | "remotion_executor" | "local_llm_worker"'.
      Type '"node_job_worker"' is not assignable to type '"openclaw_gateway" | "desktop_zeroclaw_managed" | "nemoclaw_sandbox" | "hiclaw_cluster" | "hermes_agent_gateway" | "remotion_executor" | "local_llm_worker"'.
server/routers/users.ts(1405,54): error TS2345: Argument of type '{ id: string; displayName: string; externalReference: string; runtimeType: "openclaw_gateway" | "desktop_zeroclaw_managed" | "nemoclaw_sandbox" | "hiclaw_cluster" | "hermes_agent_gateway" | "remotion_executor" | "local_llm_worker" | "node_job_worker" | "python_job_worker"; ... 7 more ...; capabilitiesJson: Record<.....' is not assignable to parameter of type '{ externalReference: string; runtimeType: "openclaw_gateway" | "desktop_zeroclaw_managed" | "nemoclaw_sandbox" | "hiclaw_cluster" | "hermes_agent_gateway" | "remotion_executor" | "local_llm_worker"; }'.
  Types of property 'runtimeType' are incompatible.
    Type '"openclaw_gateway" | "desktop_zeroclaw_managed" | "nemoclaw_sandbox" | "hiclaw_cluster" | "hermes_agent_gateway" | "remotion_executor" | "local_llm_worker" | "node_job_worker" | "python_job_worker"' is not assignable to type '"openclaw_gateway" | "desktop_zeroclaw_managed" | "nemoclaw_sandbox" | "hiclaw_cluster" | "hermes_agent_gateway" | "remotion_executor" | "local_llm_worker"'.
      Type '"node_job_worker"' is not assignable to type '"openclaw_gateway" | "desktop_zeroclaw_managed" | "nemoclaw_sandbox" | "hiclaw_cluster" | "hermes_agent_gateway" | "remotion_executor" | "local_llm_worker"'.
server/routers/users.ts(1413,84): error TS2345: Argument of type '{ id: string; displayName: string; externalReference: string; runtimeType: "openclaw_gateway" | "desktop_zeroclaw_managed" | "nemoclaw_sandbox" | "hiclaw_cluster" | "hermes_agent_gateway" | "remotion_executor" | "local_llm_worker" | "node_job_worker" | "python_job_worker"; ... 7 more ...; capabilitiesJson: Record<.....' is not assignable to parameter of type '{ externalReference: string; runtimeType: "openclaw_gateway" | "desktop_zeroclaw_managed" | "nemoclaw_sandbox" | "hiclaw_cluster" | "hermes_agent_gateway" | "remotion_executor" | "local_llm_worker"; capabilitiesJson: unknown; }'.
  Types of property 'runtimeType' are incompatible.
    Type '"openclaw_gateway" | "desktop_zeroclaw_managed" | "nemoclaw_sandbox" | "hiclaw_cluster" | "hermes_agent_gateway" | "remotion_executor" | "local_llm_worker" | "node_job_worker" | "python_job_worker"' is not assignable to type '"openclaw_gateway" | "desktop_zeroclaw_managed" | "nemoclaw_sandbox" | "hiclaw_cluster" | "hermes_agent_gateway" | "remotion_executor" | "local_llm_worker"'.
      Type '"node_job_worker"' is not assignable to type '"openclaw_gateway" | "desktop_zeroclaw_managed" | "nemoclaw_sandbox" | "hiclaw_cluster" | "hermes_agent_gateway" | "remotion_executor" | "local_llm_worker"'.
server/routers/users.ts(1576,70): error TS2345: Argument of type '{ id: string; displayName: string; externalReference: string; runtimeType: "openclaw_gateway" | "desktop_zeroclaw_managed" | "nemoclaw_sandbox" | "hiclaw_cluster" | "hermes_agent_gateway" | "remotion_executor" | "local_llm_worker" | "node_job_worker" | "python_job_worker"; ... 7 more ...; capabilitiesJson: Record<.....' is not assignable to parameter of type '{ externalReference: string; runtimeType: "openclaw_gateway" | "desktop_zeroclaw_managed" | "nemoclaw_sandbox" | "hiclaw_cluster" | "hermes_agent_gateway" | "remotion_executor" | "local_llm_worker"; capabilitiesJson: unknown; }'.
  Types of property 'runtimeType' are incompatible.
    Type '"openclaw_gateway" | "desktop_zeroclaw_managed" | "nemoclaw_sandbox" | "hiclaw_cluster" | "hermes_agent_gateway" | "remotion_executor" | "local_llm_worker" | "node_job_worker" | "python_job_worker"' is not assignable to type '"openclaw_gateway" | "desktop_zeroclaw_managed" | "nemoclaw_sandbox" | "hiclaw_cluster" | "hermes_agent_gateway" | "remotion_executor" | "local_llm_worker"'.
      Type '"node_job_worker"' is not assignable to type '"openclaw_gateway" | "desktop_zeroclaw_managed" | "nemoclaw_sandbox" | "hiclaw_cluster" | "hermes_agent_gateway" | "remotion_executor" | "local_llm_worker"'.
server/routers/users.ts(1578,52): error TS2345: Argument of type '{ id: string; displayName: string; externalReference: string; runtimeType: "openclaw_gateway" | "desktop_zeroclaw_managed" | "nemoclaw_sandbox" | "hiclaw_cluster" | "hermes_agent_gateway" | "remotion_executor" | "local_llm_worker" | "node_job_worker" | "python_job_worker"; ... 7 more ...; capabilitiesJson: Record<.....' is not assignable to parameter of type '{ externalReference: string; runtimeType: "openclaw_gateway" | "desktop_zeroclaw_managed" | "nemoclaw_sandbox" | "hiclaw_cluster" | "hermes_agent_gateway" | "remotion_executor" | "local_llm_worker"; }'.
  Types of property 'runtimeType' are incompatible.
    Type '"openclaw_gateway" | "desktop_zeroclaw_managed" | "nemoclaw_sandbox" | "hiclaw_cluster" | "hermes_agent_gateway" | "remotion_executor" | "local_llm_worker" | "node_job_worker" | "python_job_worker"' is not assignable to type '"openclaw_gateway" | "desktop_zeroclaw_managed" | "nemoclaw_sandbox" | "hiclaw_cluster" | "hermes_agent_gateway" | "remotion_executor" | "local_llm_worker"'.
      Type '"node_job_worker"' is not assignable to type '"openclaw_gateway" | "desktop_zeroclaw_managed" | "nemoclaw_sandbox" | "hiclaw_cluster" | "hermes_agent_gateway" | "remotion_executor" | "local_llm_worker"'.
server/routers/users.ts(1702,70): error TS2345: Argument of type '{ capabilitiesJson: { runtimeMetadata: { workerAccessPolicy: { permissionPreset: string; permissionScopes: string[]; updatedAt: string; updatedByUserId: number; }; }; }; id: string; displayName: string; ... 8 more ...; teamId: string | null; }' is not assignable to parameter of type '{ externalReference: string; runtimeType: "openclaw_gateway" | "desktop_zeroclaw_managed" | "nemoclaw_sandbox" | "hiclaw_cluster" | "hermes_agent_gateway" | "remotion_executor" | "local_llm_worker"; capabilitiesJson: unknown; }'.
  Types of property 'runtimeType' are incompatible.
    Type '"openclaw_gateway" | "desktop_zeroclaw_managed" | "nemoclaw_sandbox" | "hiclaw_cluster" | "hermes_agent_gateway" | "remotion_executor" | "local_llm_worker" | "node_job_worker" | "python_job_worker"' is not assignable to type '"openclaw_gateway" | "desktop_zeroclaw_managed" | "nemoclaw_sandbox" | "hiclaw_cluster" | "hermes_agent_gateway" | "remotion_executor" | "local_llm_worker"'.
      Type '"node_job_worker"' is not assignable to type '"openclaw_gateway" | "desktop_zeroclaw_managed" | "nemoclaw_sandbox" | "hiclaw_cluster" | "hermes_agent_gateway" | "remotion_executor" | "local_llm_worker"'.
server/routers/users.ts(1707,52): error TS2345: Argument of type '{ id: string; displayName: string; externalReference: string; runtimeType: "openclaw_gateway" | "desktop_zeroclaw_managed" | "nemoclaw_sandbox" | "hiclaw_cluster" | "hermes_agent_gateway" | "remotion_executor" | "local_llm_worker" | "node_job_worker" | "python_job_worker"; ... 7 more ...; capabilitiesJson: Record<.....' is not assignable to parameter of type '{ externalReference: string; runtimeType: "openclaw_gateway" | "desktop_zeroclaw_managed" | "nemoclaw_sandbox" | "hiclaw_cluster" | "hermes_agent_gateway" | "remotion_executor" | "local_llm_worker"; }'.
  Types of property 'runtimeType' are incompatible.
    Type '"openclaw_gateway" | "desktop_zeroclaw_managed" | "nemoclaw_sandbox" | "hiclaw_cluster" | "hermes_agent_gateway" | "remotion_executor" | "local_llm_worker" | "node_job_worker" | "python_job_worker"' is not assignable to type '"openclaw_gateway" | "desktop_zeroclaw_managed" | "nemoclaw_sandbox" | "hiclaw_cluster" | "hermes_agent_gateway" | "remotion_executor" | "local_llm_worker"'.
      Type '"node_job_worker"' is not assignable to type '"openclaw_gateway" | "desktop_zeroclaw_managed" | "nemoclaw_sandbox" | "hiclaw_cluster" | "hermes_agent_gateway" | "remotion_executor" | "local_llm_worker"'.
server/routers/verticalDramaCharacters.ts(3183,17): error TS2322: Type 'unknown' is not assignable to type 'number'.
server/routers/verticalDramaCharacters.ts(5155,13): error TS2322: Type 'CharacterCastingAgeProfile | null' is not assignable to type 'CharacterCastingAgeProfile | undefined'.
  Type 'null' is not assignable to type 'CharacterCastingAgeProfile | undefined'.
server/routers/verticalDramaCharacters.ts(5384,26): error TS2339: Property 'warnings' does not exist on type 'CharacterPromptSkillResult'.
server/routers/verticalDramaCharacters.ts(5385,38): error TS2339: Property 'warnings' does not exist on type 'CharacterPromptSkillResult'.
server/routers/verticalDramaEpisodes.ts(18967,28): error TS2322: Type '{ locationVariantId: string | undefined; approvedMediaAssetId: undefined; videoStartMediaAssetId: undefined; castPositionLock: undefined; videoSafety: undefined; sceneContinuity: undefined; ... 41 more ...; promptAnalysis?: { storyMeaning?: string; primaryEmotion?: string; decisiveMoment?: string; qualityScore?: num...' is not assignable to type '{ shotNumber: number; imagePrompt: string; negativePrompt: string; assuranceLineage?: { contractVersion: string; schemaVersion: 1; readiness: "draft" | "verified" | "provider_ready" | "production_ready"; ... 16 more ...; referenceManifestFingerprint?: string | undefined; } | undefined; ... 43 more ...; promptAnalysi...'.
  Types of property 'imageStaleReason' are incompatible.
    Type 'string | undefined' is not assignable to type '"prompt_changed" | "character_references_changed" | "supporting_presence_changed" | "location_variant_changed" | undefined'.
      Type 'string' is not assignable to type '"prompt_changed" | "character_references_changed" | "supporting_presence_changed" | "location_variant_changed" | undefined'.
server/routers/verticalDramaEpisodes.ts(18968,31): error TS2345: Argument of type '{ locationVariantId: string | undefined; approvedMediaAssetId: undefined; videoStartMediaAssetId: undefined; castPositionLock: undefined; videoSafety: undefined; sceneContinuity: undefined; ... 41 more ...; promptAnalysis?: { storyMeaning?: string; primaryEmotion?: string; decisiveMoment?: string; qualityScore?: num...' is not assignable to parameter of type '{ shotNumber: number; imagePrompt: string; negativePrompt: string; assuranceLineage?: { contractVersion: string; schemaVersion: 1; readiness: "draft" | "verified" | "provider_ready" | "production_ready"; ... 16 more ...; referenceManifestFingerprint?: string | undefined; } | undefined; ... 43 more ...; promptAnalysi...'.
  Types of property 'imageStaleReason' are incompatible.
    Type 'string | undefined' is not assignable to type '"prompt_changed" | "character_references_changed" | "supporting_presence_changed" | "location_variant_changed" | undefined'.
      Type 'string' is not assignable to type '"prompt_changed" | "character_references_changed" | "supporting_presence_changed" | "location_variant_changed" | undefined'.
server/routers/verticalDramaSeries.ts(17313,13): error TS2322: Type '{ choice: "off" | "on"; choiceSource?: "disabled_by_user" | "user_default" | "per_export" | undefined; requireBeforePublish?: boolean | undefined; } | undefined' is not assignable to type '{ choice: "off" | "on"; requireBeforePublish: boolean; choiceSource?: "disabled_by_user" | "user_default" | "per_export" | undefined; } | undefined'.
  Type '{ choice: "off" | "on"; choiceSource?: "disabled_by_user" | "user_default" | "per_export" | undefined; requireBeforePublish?: boolean | undefined; }' is not assignable to type '{ choice: "off" | "on"; requireBeforePublish: boolean; choiceSource?: "disabled_by_user" | "user_default" | "per_export" | undefined; }'.
    Types of property 'requireBeforePublish' are incompatible.
      Type 'boolean | undefined' is not assignable to type 'boolean'.
        Type 'undefined' is not assignable to type 'boolean'.
server/routers/verticalDramaSpeakerAware.ts(84,63): error TS7006: Parameter 'job' implicitly has an 'any' type.
server/routers/verticalDramaSpeakerAware.ts(89,24): error TS7006: Parameter 'job' implicitly has an 'any' type.
server/routers/verticalDramaSpeakerAware.ts(91,60): error TS7006: Parameter 'artifact' implicitly has an 'any' type.
server/routers/videoEditorProjects.ts(710,73): error TS2345: Argument of type 'string | null | undefined' is not assignable to parameter of type 'string | undefined'.
  Type 'null' is not assignable to type 'string | undefined'.
server/routers/videoEditorProjects.ts(715,73): error TS2345: Argument of type 'string | null | undefined' is not assignable to parameter of type 'string | undefined'.
  Type 'null' is not assignable to type 'string | undefined'.
server/routers/videoEditorProjects.ts(745,67): error TS2345: Argument of type 'string | null | undefined' is not assignable to parameter of type 'string | undefined'.
  Type 'null' is not assignable to type 'string | undefined'.
server/routers/videoEditorProjects.ts(815,67): error TS2345: Argument of type 'string | null | undefined' is not assignable to parameter of type 'string | undefined'.
  Type 'null' is not assignable to type 'string | undefined'.
server/routers/videoEditorProjects.ts(822,73): error TS2345: Argument of type 'string | null | undefined' is not assignable to parameter of type 'string | undefined'.
  Type 'null' is not assignable to type 'string | undefined'.
server/routers/workflowStudio.ts(843,55): error TS2769: No overload matches this call.
  Overload 1 of 2, '(value: { tenantId: string | SQL<unknown> | Placeholder<string, any>; runId: string | SQL<unknown> | Placeholder<string, any>; idempotencyKey: string | SQL<...> | Placeholder<...>; ... 12 more ...; resultDigest?: string | ... 3 more ... | undefined; }): PgInsertBase<...>', gave the following error.
    Type 'string | undefined' is not assignable to type 'string | SQL<unknown> | Placeholder<string, any>'.
      Type 'undefined' is not assignable to type 'string | SQL<unknown> | Placeholder<string, any>'.
  Overload 2 of 2, '(values: { tenantId: string | SQL<unknown> | Placeholder<string, any>; runId: string | SQL<unknown> | Placeholder<string, any>; idempotencyKey: string | SQL<...> | Placeholder<...>; ... 12 more ...; resultDigest?: string | ... 3 more ... | undefined; }[]): PgInsertBase<...>', gave the following error.
    Object literal may only specify known properties, and 'tenantId' does not exist in type '{ tenantId: string | SQL<unknown> | Placeholder<string, any>; runId: string | SQL<unknown> | Placeholder<string, any>; idempotencyKey: string | SQL<unknown> | Placeholder<...>; ... 12 more ...; resultDigest?: string | ... 3 more ... | undefined; }[]'.
server/routes/channelWebhook.ts(187,9): error TS2820: Type '"channel_webhook_job_admission_failed"' is not assignable to type 'AuditEventType | undefined'. Did you mean '"channel_webhook_validation_failed"'?
server/routes/desktopReleases.ts(450,34): error TS2345: Argument of type '"windows" | "macos" | "linux"' is not assignable to parameter of type '"windows" | "macos"'.
  Type '"linux"' is not assignable to type '"windows" | "macos"'.
server/routes/jobControlPlane.ts(174,7): error TS2367: This comparison appears to be unintentional because the types '"openclaw_gateway" | "desktop_zeroclaw_managed" | "nemoclaw_sandbox" | "hiclaw_cluster" | "hermes_agent_gateway" | "remotion_executor" | "local_llm_worker" | "node_job_worker" | "python_job_worker"' and '"cloudflare"' have no overlap.
server/routes/publicDocsApi.ts(2106,14): error TS7053: Element implicitly has an 'any' type because expression of type 'string' can't be used to index type '{ "/v1/skills": { get: { operationId: string; tags: string[]; summary: string; description: string; parameters: ({ name: string; in: string; schema: { type: string; default?: undefined; }; description: string; } | { ...; })[]; responses: { ...; }; }; }; ... 33 more ...; "/v1/events": { ...; }; }'.
  No index signature with a parameter of type 'string' was found on type '{ "/v1/skills": { get: { operationId: string; tags: string[]; summary: string; description: string; parameters: ({ name: string; in: string; schema: { type: string; default?: undefined; }; description: string; } | { ...; })[]; responses: { ...; }; }; }; ... 33 more ...; "/v1/events": { ...; }; }'.
server/routes/runnerControl.ts(425,27): error TS2345: Argument of type '{ profile: string; runnerSessionId?: string | null | undefined; }' is not assignable to parameter of type 'RunnerGatewayAuth'.
  Type '{ profile: string; runnerSessionId?: string | null | undefined; }' is missing the following properties from type 'RunnerGatewayAuth': tenantId, ownerUserId, runnerId, nodeKind, deviceId
server/routes/runnerControl.ts(755,36): error TS2339: Property 'metadata' does not exist on type '{}'.
server/routes/runnerControl.ts(760,23): error TS2339: Property 'operationKey' does not exist on type '{}'.
server/routes/runnerControl.ts(834,38): error TS2339: Property 'attemptId' does not exist on type '{ active: boolean; stale: boolean; heartbeatAt: string | null; expiresAt: string | null; fencingVersion: number; runnerId: string | null; }'.
server/routes/runnerControl.ts(1158,13): error TS2322: Type 'string | null | undefined' is not assignable to type 'string | undefined'.
  Type 'null' is not assignable to type 'string | undefined'.
server/routes/runnerControl.ts(1230,11): error TS2322: Type 'unknown' is not assignable to type 'number'.
server/routes/runnerControl.ts(1231,11): error TS2322: Type 'unknown' is not assignable to type 'number'.
server/routes/runnerControl.ts(1248,60): error TS2339: Property 'operationKey' does not exist on type '{}'.
server/routes/runnerControl.ts(1250,54): error TS2339: Property 'operationKey' does not exist on type '{}'.
server/routes/runnerControl.ts(1677,50): error TS2345: Argument of type '{ [x: string]: unknown; }' is not assignable to parameter of type 'RunnerJobCommand'.
  Type '{ [x: string]: unknown; }' is missing the following properties from type 'RunnerJobCommand': commandId, commandType, contractVersion, jobId, and 16 more.
server/routes/runnerReleases.ts(175,52): error TS2345: Argument of type '{ channel: "stable" | "beta" | "nightly"; architecture?: "multi" | "x64" | "arm64" | undefined; platform?: "container" | "windows" | "macos" | "linux" | undefined; profile?: "local_device" | "shared_container" | undefined; }' is not assignable to parameter of type '{ platform: "container" | "windows" | "macos" | "linux"; architecture: "multi" | "x64" | "arm64"; profile: "local_device" | "shared_container"; channel?: "stable" | "beta" | "nightly" | undefined; }'.
  Types of property 'platform' are incompatible.
    Type '"container" | "windows" | "macos" | "linux" | undefined' is not assignable to type '"container" | "windows" | "macos" | "linux"'.
      Type 'undefined' is not assignable to type '"container" | "windows" | "macos" | "linux"'.
server/routes/runnerReleases.ts(201,19): error TS18048: 'req.file' is possibly 'undefined'.
server/routes/runnerReleases.ts(202,22): error TS18048: 'req.file' is possibly 'undefined'.
server/routes/workerRuntime.ts(1226,7): error TS2769: No overload matches this call.
  Overload 1 of 3, '(column: Aliased<string>, values: SQLWrapper | (string | Placeholder<string, any>)[]): SQL<unknown>', gave the following error.
    Argument of type 'PgColumn<{ name: "status"; tableName: "worker_jobs"; dataType: "string"; columnType: "PgEnumColumn"; data: "queued" | "completed" | "failed" | "cancelled" | "pending" | "succeeded" | "expired" | ... 9 more ... | "publishing"; ... 9 more ...; generated: undefined; }, {}, {}>' is not assignable to parameter of type 'Aliased<string>'.
      Type 'PgColumn<{ name: "status"; tableName: "worker_jobs"; dataType: "string"; columnType: "PgEnumColumn"; data: "queued" | "completed" | "failed" | "cancelled" | "pending" | "succeeded" | "expired" | ... 9 more ... | "publishing"; ... 9 more ...; generated: undefined; }, {}, {}>' is missing the following properties from type 'Aliased<string>': sql, fieldAlias
  Overload 2 of 3, '(column: PgColumn<{ name: "status"; tableName: "worker_jobs"; dataType: "string"; columnType: "PgEnumColumn"; data: "queued" | "completed" | "failed" | "cancelled" | "pending" | "succeeded" | "expired" | ... 9 more ... | "publishing"; ... 9 more ...; generated: undefined; }, {}, {}>, values: SQLWrapper | readonly ("queued" | ... 16 more ... | Placeholder<...>)[]): SQL<...>', gave the following error.
    Type '"published"' is not assignable to type '"queued" | "completed" | "failed" | "cancelled" | "pending" | "succeeded" | "expired" | "running" | "indexing" | "canceled" | "retry_scheduled" | "leased" | "claimed" | "preparing" | "waiting_external" | "uploading" | "publishing" | Placeholder<...>'.
  Overload 3 of 3, '(column: never, values: readonly unknown[] | SQLWrapper): SQL<unknown>', gave the following error.
    Argument of type 'PgColumn<{ name: "status"; tableName: "worker_jobs"; dataType: "string"; columnType: "PgEnumColumn"; data: "queued" | "completed" | "failed" | "cancelled" | "pending" | "succeeded" | "expired" | ... 9 more ... | "publishing"; ... 9 more ...; generated: undefined; }, {}, {}>' is not assignable to parameter of type 'never'.
server/routes/workerRuntime.ts(3152,73): error TS2339: Property 'jobType' does not exist on type '{ id: string; workerId: string | null; status: "queued" | "completed" | "failed" | "cancelled" | "pending" | "succeeded" | "expired" | "running" | "indexing" | "canceled" | "retry_scheduled" | ... 5 more ... | "publishing"; inputJson: Record<...>; workerSeriesBindingId: string | null; workerSeriesBindingRevision: nu...'.
server/routes/workerRuntime.ts(3226,153): error TS2769: No overload matches this call.
  Overload 1 of 3, '(column: Aliased<string>, values: SQLWrapper | (string | Placeholder<string, any>)[]): SQL<unknown>', gave the following error.
    Argument of type 'PgColumn<{ name: "status"; tableName: "worker_jobs"; dataType: "string"; columnType: "PgEnumColumn"; data: "queued" | "completed" | "failed" | "cancelled" | "pending" | "succeeded" | "expired" | ... 9 more ... | "publishing"; ... 9 more ...; generated: undefined; }, {}, {}>' is not assignable to parameter of type 'Aliased<string>'.
      Type 'PgColumn<{ name: "status"; tableName: "worker_jobs"; dataType: "string"; columnType: "PgEnumColumn"; data: "queued" | "completed" | "failed" | "cancelled" | "pending" | "succeeded" | "expired" | ... 9 more ... | "publishing"; ... 9 more ...; generated: undefined; }, {}, {}>' is missing the following properties from type 'Aliased<string>': sql, fieldAlias
  Overload 2 of 3, '(column: PgColumn<{ name: "status"; tableName: "worker_jobs"; dataType: "string"; columnType: "PgEnumColumn"; data: "queued" | "completed" | "failed" | "cancelled" | "pending" | "succeeded" | "expired" | ... 9 more ... | "publishing"; ... 9 more ...; generated: undefined; }, {}, {}>, values: SQLWrapper | readonly ("queued" | ... 16 more ... | Placeholder<...>)[]): SQL<...>', gave the following error.
    Type '"published"' is not assignable to type '"queued" | "completed" | "failed" | "cancelled" | "pending" | "succeeded" | "expired" | "running" | "indexing" | "canceled" | "retry_scheduled" | "leased" | "claimed" | "preparing" | "waiting_external" | "uploading" | "publishing" | Placeholder<...>'.
  Overload 3 of 3, '(column: never, values: readonly unknown[] | SQLWrapper): SQL<unknown>', gave the following error.
    Argument of type 'PgColumn<{ name: "status"; tableName: "worker_jobs"; dataType: "string"; columnType: "PgEnumColumn"; data: "queued" | "completed" | "failed" | "cancelled" | "pending" | "succeeded" | "expired" | ... 9 more ... | "publishing"; ... 9 more ...; generated: undefined; }, {}, {}>' is not assignable to parameter of type 'never'.
server/routes/workerRuntime.ts(3233,202): error TS2769: No overload matches this call.
  Overload 1 of 3, '(column: Aliased<string>, values: SQLWrapper | (string | Placeholder<string, any>)[]): SQL<unknown>', gave the following error.
    Argument of type 'PgColumn<{ name: "status"; tableName: "worker_jobs"; dataType: "string"; columnType: "PgEnumColumn"; data: "queued" | "completed" | "failed" | "cancelled" | "pending" | "succeeded" | "expired" | ... 9 more ... | "publishing"; ... 9 more ...; generated: undefined; }, {}, {}>' is not assignable to parameter of type 'Aliased<string>'.
      Type 'PgColumn<{ name: "status"; tableName: "worker_jobs"; dataType: "string"; columnType: "PgEnumColumn"; data: "queued" | "completed" | "failed" | "cancelled" | "pending" | "succeeded" | "expired" | ... 9 more ... | "publishing"; ... 9 more ...; generated: undefined; }, {}, {}>' is missing the following properties from type 'Aliased<string>': sql, fieldAlias
  Overload 2 of 3, '(column: PgColumn<{ name: "status"; tableName: "worker_jobs"; dataType: "string"; columnType: "PgEnumColumn"; data: "queued" | "completed" | "failed" | "cancelled" | "pending" | "succeeded" | "expired" | ... 9 more ... | "publishing"; ... 9 more ...; generated: undefined; }, {}, {}>, values: SQLWrapper | readonly ("queued" | ... 16 more ... | Placeholder<...>)[]): SQL<...>', gave the following error.
    Type '"published"' is not assignable to type '"queued" | "completed" | "failed" | "cancelled" | "pending" | "succeeded" | "expired" | "running" | "indexing" | "canceled" | "retry_scheduled" | "leased" | "claimed" | "preparing" | "waiting_external" | "uploading" | "publishing" | Placeholder<...>'.
  Overload 3 of 3, '(column: never, values: readonly unknown[] | SQLWrapper): SQL<unknown>', gave the following error.
    Argument of type 'PgColumn<{ name: "status"; tableName: "worker_jobs"; dataType: "string"; columnType: "PgEnumColumn"; data: "queued" | "completed" | "failed" | "cancelled" | "pending" | "succeeded" | "expired" | ... 9 more ... | "publishing"; ... 9 more ...; generated: undefined; }, {}, {}>' is not assignable to parameter of type 'never'.
server/routes/workerRuntime.ts(3292,11): error TS2769: No overload matches this call.
  Overload 1 of 3, '(column: Aliased<string>, values: SQLWrapper | (string | Placeholder<string, any>)[]): SQL<unknown>', gave the following error.
    Argument of type 'PgColumn<{ name: "status"; tableName: "worker_jobs"; dataType: "string"; columnType: "PgEnumColumn"; data: "queued" | "completed" | "failed" | "cancelled" | "pending" | "succeeded" | "expired" | ... 9 more ... | "publishing"; ... 9 more ...; generated: undefined; }, {}, {}>' is not assignable to parameter of type 'Aliased<string>'.
      Type 'PgColumn<{ name: "status"; tableName: "worker_jobs"; dataType: "string"; columnType: "PgEnumColumn"; data: "queued" | "completed" | "failed" | "cancelled" | "pending" | "succeeded" | "expired" | ... 9 more ... | "publishing"; ... 9 more ...; generated: undefined; }, {}, {}>' is missing the following properties from type 'Aliased<string>': sql, fieldAlias
  Overload 2 of 3, '(column: PgColumn<{ name: "status"; tableName: "worker_jobs"; dataType: "string"; columnType: "PgEnumColumn"; data: "queued" | "completed" | "failed" | "cancelled" | "pending" | "succeeded" | "expired" | ... 9 more ... | "publishing"; ... 9 more ...; generated: undefined; }, {}, {}>, values: SQLWrapper | readonly ("queued" | ... 16 more ... | Placeholder<...>)[]): SQL<...>', gave the following error.
    Type '"published"' is not assignable to type '"queued" | "completed" | "failed" | "cancelled" | "pending" | "succeeded" | "expired" | "running" | "indexing" | "canceled" | "retry_scheduled" | "leased" | "claimed" | "preparing" | "waiting_external" | "uploading" | "publishing" | Placeholder<...>'.
  Overload 3 of 3, '(column: never, values: readonly unknown[] | SQLWrapper): SQL<unknown>', gave the following error.
    Argument of type 'PgColumn<{ name: "status"; tableName: "worker_jobs"; dataType: "string"; columnType: "PgEnumColumn"; data: "queued" | "completed" | "failed" | "cancelled" | "pending" | "succeeded" | "expired" | ... 9 more ... | "publishing"; ... 9 more ...; generated: undefined; }, {}, {}>' is not assignable to parameter of type 'never'.
server/routes/workerSeriesControlPlane.ts(218,56): error TS2769: No overload matches this call.
  Overload 1 of 2, '(value: { tenantId: string | SQL<unknown> | Placeholder<string, any>; jobType: string | SQL<unknown> | Placeholder<string, any>; runtimeType: SQL<unknown> | ... 9 more ... | Placeholder<...>; ... 42 more ...; operatorReviewReason?: string | ... 3 more ... | undefined; }): PgInsertBase<...>', gave the following error.
    Argument of type '{ tenantId: string; workerId: string; workerSeriesBindingId: string | null; workerSeriesBindingRevision: number | null; runtimeType: "openclaw_gateway" | "desktop_zeroclaw_managed" | ... 6 more ... | "python_job_worker"; ... 9 more ...; idempotencyKey: string; }' is not assignable to parameter of type '{ tenantId: string | SQL<unknown> | Placeholder<string, any>; jobType: string | SQL<unknown> | Placeholder<string, any>; runtimeType: SQL<unknown> | "openclaw_gateway" | ... 8 more ... | Placeholder<...>; ... 42 more ...; operatorReviewReason?: string | ... 3 more ... | undefined; }'.
      Types of property 'status' are incompatible.
        Type 'string' is not assignable to type '"queued" | "completed" | "failed" | "cancelled" | "pending" | "succeeded" | "expired" | SQL<unknown> | "running" | "indexing" | "canceled" | "retry_scheduled" | "leased" | "claimed" | ... 5 more ... | undefined'.
  Overload 2 of 2, '(values: { tenantId: string | SQL<unknown> | Placeholder<string, any>; jobType: string | SQL<unknown> | Placeholder<string, any>; runtimeType: SQL<unknown> | ... 9 more ... | Placeholder<...>; ... 42 more ...; operatorReviewReason?: string | ... 3 more ... | undefined; }[]): PgInsertBase<...>', gave the following error.
    Argument of type '{ tenantId: string; workerId: string; workerSeriesBindingId: string | null; workerSeriesBindingRevision: number | null; runtimeType: "openclaw_gateway" | "desktop_zeroclaw_managed" | ... 6 more ... | "python_job_worker"; ... 9 more ...; idempotencyKey: string; }' is not assignable to parameter of type '{ tenantId: string | SQL<unknown> | Placeholder<string, any>; jobType: string | SQL<unknown> | Placeholder<string, any>; runtimeType: SQL<unknown> | "openclaw_gateway" | ... 8 more ... | Placeholder<...>; ... 42 more ...; operatorReviewReason?: string | ... 3 more ... | undefined; }[]'.
      Type '{ tenantId: string; workerId: string; workerSeriesBindingId: string | null; workerSeriesBindingRevision: number | null; runtimeType: "openclaw_gateway" | "desktop_zeroclaw_managed" | ... 6 more ... | "python_job_worker"; ... 9 more ...; idempotencyKey: string; }' is missing the following properties from type '{ tenantId: string | SQL<unknown> | Placeholder<string, any>; jobType: string | SQL<unknown> | Placeholder<string, any>; runtimeType: SQL<unknown> | "openclaw_gateway" | ... 8 more ... | Placeholder<...>; ... 42 more ...; operatorReviewReason?: string | ... 3 more ... | undefined; }[]': length, pop, push, concat, and 35 more.
server/routes/workerSeriesControlPlane.ts(572,69): error TS2345: Argument of type 'unknown' is not assignable to parameter of type '"shot_video_generation" | "episode_audio_analyze" | "minimax_music3_generate" | "episode_score_mix" | "audio_transcribe" | "audio_align" | "media_ingest" | "broll_preprocess" | "footage_probe_analyze" | "footage_prepare" | "footage_broll_render"'.
server/routes/workerSeriesControlPlane.ts(605,63): error TS2769: No overload matches this call.
  Overload 1 of 2, '(value: { tenantId: string | SQL<unknown> | Placeholder<string, any>; jobType: string | SQL<unknown> | Placeholder<string, any>; runtimeType: SQL<unknown> | ... 9 more ... | Placeholder<...>; ... 42 more ...; operatorReviewReason?: string | ... 3 more ... | undefined; }): PgInsertBase<...>', gave the following error.
    Argument of type '{ tenantId: string; workerId: string; workerSeriesBindingId: string; workerSeriesBindingRevision: number; runtimeType: "openclaw_gateway" | "desktop_zeroclaw_managed" | "nemoclaw_sandbox" | ... 5 more ... | "python_job_worker"; ... 7 more ...; statusReason: string; }' is not assignable to parameter of type '{ tenantId: string | SQL<unknown> | Placeholder<string, any>; jobType: string | SQL<unknown> | Placeholder<string, any>; runtimeType: SQL<unknown> | "openclaw_gateway" | ... 8 more ... | Placeholder<...>; ... 42 more ...; operatorReviewReason?: string | ... 3 more ... | undefined; }'.
      Types of property 'status' are incompatible.
        Type 'string' is not assignable to type '"queued" | "completed" | "failed" | "cancelled" | "pending" | "succeeded" | "expired" | SQL<unknown> | "running" | "indexing" | "canceled" | "retry_scheduled" | "leased" | "claimed" | ... 5 more ... | undefined'.
  Overload 2 of 2, '(values: { tenantId: string | SQL<unknown> | Placeholder<string, any>; jobType: string | SQL<unknown> | Placeholder<string, any>; runtimeType: SQL<unknown> | ... 9 more ... | Placeholder<...>; ... 42 more ...; operatorReviewReason?: string | ... 3 more ... | undefined; }[]): PgInsertBase<...>', gave the following error.
    Argument of type '{ tenantId: string; workerId: string; workerSeriesBindingId: string; workerSeriesBindingRevision: number; runtimeType: "openclaw_gateway" | "desktop_zeroclaw_managed" | "nemoclaw_sandbox" | ... 5 more ... | "python_job_worker"; ... 7 more ...; statusReason: string; }' is not assignable to parameter of type '{ tenantId: string | SQL<unknown> | Placeholder<string, any>; jobType: string | SQL<unknown> | Placeholder<string, any>; runtimeType: SQL<unknown> | "openclaw_gateway" | ... 8 more ... | Placeholder<...>; ... 42 more ...; operatorReviewReason?: string | ... 3 more ... | undefined; }[]'.
      Type '{ tenantId: string; workerId: string; workerSeriesBindingId: string; workerSeriesBindingRevision: number; runtimeType: "openclaw_gateway" | "desktop_zeroclaw_managed" | "nemoclaw_sandbox" | ... 5 more ... | "python_job_worker"; ... 7 more ...; statusReason: string; }' is missing the following properties from type '{ tenantId: string | SQL<unknown> | Placeholder<string, any>; jobType: string | SQL<unknown> | Placeholder<string, any>; runtimeType: SQL<unknown> | "openclaw_gateway" | ... 8 more ... | Placeholder<...>; ... 42 more ...; operatorReviewReason?: string | ... 3 more ... | undefined; }[]': length, pop, push, concat, and 35 more.
server/routes/workerSeriesControlPlane.ts(854,47): error TS2345: Argument of type '"WORKER_NOT_FOUND"' is not assignable to parameter of type '"IDEMPOTENCY_CONFLICT" | "WORKER_AUTH_REQUIRED" | "WORKER_PERMISSION_DENIED" | "WORKER_SCOPE_DENIED" | "SERIES_NOT_FOUND" | "SERIES_ACCESS_DENIED" | "SERIES_BINDING_CONFLICT" | ... 9 more ... | "PUBLICATION_REJECTED"'.
server/routes/workerSeriesControlPlane.ts(956,47): error TS2345: Argument of type '"WORKER_NOT_FOUND"' is not assignable to parameter of type '"IDEMPOTENCY_CONFLICT" | "WORKER_AUTH_REQUIRED" | "WORKER_PERMISSION_DENIED" | "WORKER_SCOPE_DENIED" | "SERIES_NOT_FOUND" | "SERIES_ACCESS_DENIED" | "SERIES_BINDING_CONFLICT" | ... 9 more ... | "PUBLICATION_REJECTED"'.
server/routes/workerSeriesControlPlane.ts(1150,63): error TS2345: Argument of type 'unknown' is not assignable to parameter of type '"shot_video_generation" | "episode_audio_analyze" | "minimax_music3_generate" | "episode_score_mix" | "audio_transcribe" | "audio_align" | "media_ingest" | "broll_preprocess" | "footage_probe_analyze" | "footage_prepare" | "footage_broll_render"'.
server/routes/workerSeriesControlPlane.ts(1158,11): error TS2769: No overload matches this call.
  Overload 1 of 3, '(left: PgColumn<{ name: "idempotencyKey"; tableName: "worker_jobs"; dataType: "string"; columnType: "PgVarchar"; data: string; driverParam: string; notNull: false; hasDefault: false; isPrimaryKey: false; ... 5 more ...; generated: undefined; }, {}, { ...; }>, right: string | SQLWrapper): SQL<...>', gave the following error.
    Argument of type 'unknown' is not assignable to parameter of type 'string | SQLWrapper'.
  Overload 2 of 3, '(left: Aliased<unknown>, right: unknown): SQL<unknown>', gave the following error.
    Argument of type 'PgColumn<{ name: "idempotencyKey"; tableName: "worker_jobs"; dataType: "string"; columnType: "PgVarchar"; data: string; driverParam: string; notNull: false; hasDefault: false; isPrimaryKey: false; ... 5 more ...; generated: undefined; }, {}, { ...; }>' is not assignable to parameter of type 'Aliased<unknown>'.
      Type 'PgColumn<{ name: "idempotencyKey"; tableName: "worker_jobs"; dataType: "string"; columnType: "PgVarchar"; data: string; driverParam: string; notNull: false; hasDefault: false; isPrimaryKey: false; ... 5 more ...; generated: undefined; }, {}, { ...; }>' is missing the following properties from type 'Aliased<unknown>': sql, fieldAlias
  Overload 3 of 3, '(left: never, right: unknown): SQL<unknown>', gave the following error.
    Argument of type 'PgColumn<{ name: "idempotencyKey"; tableName: "worker_jobs"; dataType: "string"; columnType: "PgVarchar"; data: string; driverParam: string; notNull: false; hasDefault: false; isPrimaryKey: false; ... 5 more ...; generated: undefined; }, {}, { ...; }>' is not assignable to parameter of type 'never'.
server/routes/workerSeriesControlPlane.ts(1168,36): error TS2345: Argument of type '{ existingRequestHash: string; payload: { contractVersion: "vd-music-scoring-v1"; idempotencyKey: string; kind: "episode_audio_analyze"; timelineHash: string; seriesId: string; bindingRevision: number; ... 8 more ...; analysisPolicy: "audio_only" | ... 1 more ... | "human_verified_silent"; } | ... 7 more ... | { ......' is not assignable to parameter of type 'MediaJobAdmissionInput'.
  Types of property 'idempotencyKey' are incompatible.
    Type 'unknown' is not assignable to type 'string'.
server/routes/workerSeriesControlPlane.ts(1171,52): error TS2345: Argument of type '{ payload: { contractVersion: "vd-music-scoring-v1"; idempotencyKey: string; kind: "episode_audio_analyze"; timelineHash: string; seriesId: string; bindingRevision: number; episodeId: string; ... 7 more ...; analysisPolicy: "audio_only" | ... 1 more ... | "human_verified_silent"; } | ... 7 more ... | { ...; }; ... 4...' is not assignable to parameter of type 'MediaJobAdmissionInput'.
  Types of property 'idempotencyKey' are incompatible.
    Type 'unknown' is not assignable to type 'string'.
server/routes/workerSeriesControlPlane.ts(1172,56): error TS2769: No overload matches this call.
  Overload 1 of 2, '(value: { tenantId: string | SQL<unknown> | Placeholder<string, any>; jobType: string | SQL<unknown> | Placeholder<string, any>; runtimeType: SQL<unknown> | ... 9 more ... | Placeholder<...>; ... 42 more ...; operatorReviewReason?: string | ... 3 more ... | undefined; }): PgInsertBase<...>', gave the following error.
    Argument of type '{ jobType: string; runtimeType?: string | undefined; executionClass?: string | undefined; inputJson?: Record<string, unknown> | undefined; timeoutSeconds?: number | undefined; retryPolicyJson?: Record<...> | undefined; }' is not assignable to parameter of type '{ tenantId: string | SQL<unknown> | Placeholder<string, any>; jobType: string | SQL<unknown> | Placeholder<string, any>; runtimeType: SQL<unknown> | "openclaw_gateway" | ... 8 more ... | Placeholder<...>; ... 42 more ...; operatorReviewReason?: string | ... 3 more ... | undefined; }'.
      Property 'tenantId' is missing in type '{ jobType: string; runtimeType?: string | undefined; executionClass?: string | undefined; inputJson?: Record<string, unknown> | undefined; timeoutSeconds?: number | undefined; retryPolicyJson?: Record<...> | undefined; }' but required in type '{ tenantId: string | SQL<unknown> | Placeholder<string, any>; jobType: string | SQL<unknown> | Placeholder<string, any>; runtimeType: SQL<unknown> | "openclaw_gateway" | ... 8 more ... | Placeholder<...>; ... 42 more ...; operatorReviewReason?: string | ... 3 more ... | undefined; }'.
  Overload 2 of 2, '(values: { tenantId: string | SQL<unknown> | Placeholder<string, any>; jobType: string | SQL<unknown> | Placeholder<string, any>; runtimeType: SQL<unknown> | ... 9 more ... | Placeholder<...>; ... 42 more ...; operatorReviewReason?: string | ... 3 more ... | undefined; }[]): PgInsertBase<...>', gave the following error.
    Argument of type '{ jobType: string; runtimeType?: string | undefined; executionClass?: string | undefined; inputJson?: Record<string, unknown> | undefined; timeoutSeconds?: number | undefined; retryPolicyJson?: Record<...> | undefined; }' is not assignable to parameter of type '{ tenantId: string | SQL<unknown> | Placeholder<string, any>; jobType: string | SQL<unknown> | Placeholder<string, any>; runtimeType: SQL<unknown> | "openclaw_gateway" | ... 8 more ... | Placeholder<...>; ... 42 more ...; operatorReviewReason?: string | ... 3 more ... | undefined; }[]'.
      Type '{ jobType: string; runtimeType?: string | undefined; executionClass?: string | undefined; inputJson?: Record<string, unknown> | undefined; timeoutSeconds?: number | undefined; retryPolicyJson?: Record<...> | undefined; }' is missing the following properties from type '{ tenantId: string | SQL<unknown> | Placeholder<string, any>; jobType: string | SQL<unknown> | Placeholder<string, any>; runtimeType: SQL<unknown> | "openclaw_gateway" | ... 8 more ... | Placeholder<...>; ... 42 more ...; operatorReviewReason?: string | ... 3 more ... | undefined; }[]': length, pop, push, concat, and 35 more.
server/routes/workerSeriesControlPlane.ts(1172,303): error TS2322: Type 'unknown' is not assignable to type 'string'.
server/routes/workerSeriesControlPlane.ts(1179,13): error TS2769: No overload matches this call.
  Overload 1 of 3, '(left: PgColumn<{ name: "idempotencyKey"; tableName: "worker_jobs"; dataType: "string"; columnType: "PgVarchar"; data: string; driverParam: string; notNull: false; hasDefault: false; isPrimaryKey: false; ... 5 more ...; generated: undefined; }, {}, { ...; }>, right: string | SQLWrapper): SQL<...>', gave the following error.
    Argument of type 'unknown' is not assignable to parameter of type 'string | SQLWrapper'.
  Overload 2 of 3, '(left: Aliased<unknown>, right: unknown): SQL<unknown>', gave the following error.
    Argument of type 'PgColumn<{ name: "idempotencyKey"; tableName: "worker_jobs"; dataType: "string"; columnType: "PgVarchar"; data: string; driverParam: string; notNull: false; hasDefault: false; isPrimaryKey: false; ... 5 more ...; generated: undefined; }, {}, { ...; }>' is not assignable to parameter of type 'Aliased<unknown>'.
      Type 'PgColumn<{ name: "idempotencyKey"; tableName: "worker_jobs"; dataType: "string"; columnType: "PgVarchar"; data: string; driverParam: string; notNull: false; hasDefault: false; isPrimaryKey: false; ... 5 more ...; generated: undefined; }, {}, { ...; }>' is missing the following properties from type 'Aliased<unknown>': sql, fieldAlias
  Overload 3 of 3, '(left: never, right: unknown): SQL<unknown>', gave the following error.
    Argument of type 'PgColumn<{ name: "idempotencyKey"; tableName: "worker_jobs"; dataType: "string"; columnType: "PgVarchar"; data: string; driverParam: string; notNull: false; hasDefault: false; isPrimaryKey: false; ... 5 more ...; generated: undefined; }, {}, { ...; }>' is not assignable to parameter of type 'never'.
server/routes/workerSeriesControlPlane.ts(1189,36): error TS2345: Argument of type '{ existingRequestHash: string; payload: { contractVersion: "vd-music-scoring-v1"; idempotencyKey: string; kind: "episode_audio_analyze"; timelineHash: string; seriesId: string; bindingRevision: number; ... 8 more ...; analysisPolicy: "audio_only" | ... 1 more ... | "human_verified_silent"; } | ... 7 more ... | { ......' is not assignable to parameter of type 'MediaJobAdmissionInput'.
  Types of property 'idempotencyKey' are incompatible.
    Type 'unknown' is not assignable to type 'string'.
server/scripts/repair-special-tie-in-dialogue.ts(165,119): error TS7006: Parameter 'line' implicitly has an 'any' type.
server/services/aiPresentationService.ts(8505,30): error TS2345: Argument of type '{ type: "success"; response: any; providerId: number; providerName: string; } | { type: "worker_job"; jobId: string; providerName: "worker_app"; }' is not assignable to parameter of type '{ type: "success"; response: any; providerId: number; providerName: string; }'.
  Type '{ type: "worker_job"; jobId: string; providerName: "worker_app"; }' is missing the following properties from type '{ type: "success"; response: any; providerId: number; providerName: string; }': response, providerId
server/services/billing/paymentProcessing.ts(358,36): error TS2322: Type 'string | undefined' is not assignable to type '"current" | "previous" | undefined'.
  Type 'string' is not assignable to type '"current" | "previous" | undefined'.
server/services/browserPolicyRuntime.ts(486,5): error TS2322: Type '{} | null' is not assignable to type 'string | null'.
  Type '{}' is not assignable to type 'string'.
server/services/callLLMStructured.ts(663,26): error TS2339: Property 'response' does not exist on type '{ type: "success"; response: any; providerId: number; providerName: string; } | { type: "worker_job"; jobId: string; providerName: "worker_app"; }'.
  Property 'response' does not exist on type '{ type: "worker_job"; jobId: string; providerName: "worker_app"; }'.
server/services/callLLMStructured.ts(672,28): error TS2339: Property 'response' does not exist on type '{ type: "success"; response: any; providerId: number; providerName: string; } | { type: "worker_job"; jobId: string; providerName: "worker_app"; }'.
  Property 'response' does not exist on type '{ type: "worker_job"; jobId: string; providerName: "worker_app"; }'.
server/services/callLLMStructured.ts(674,51): error TS2339: Property 'response' does not exist on type '{ type: "success"; response: any; providerId: number; providerName: string; } | { type: "worker_job"; jobId: string; providerName: "worker_app"; }'.
  Property 'response' does not exist on type '{ type: "worker_job"; jobId: string; providerName: "worker_app"; }'.
server/services/callLLMStructured.ts(686,36): error TS2339: Property 'response' does not exist on type '{ type: "success"; response: any; providerId: number; providerName: string; } | { type: "worker_job"; jobId: string; providerName: "worker_app"; }'.
  Property 'response' does not exist on type '{ type: "worker_job"; jobId: string; providerName: "worker_app"; }'.
server/services/callLLMStructured.ts(709,46): error TS2339: Property 'response' does not exist on type '{ type: "success"; response: any; providerId: number; providerName: string; } | { type: "worker_job"; jobId: string; providerName: "worker_app"; }'.
  Property 'response' does not exist on type '{ type: "worker_job"; jobId: string; providerName: "worker_app"; }'.
server/services/callLLMStructured.ts(713,36): error TS2339: Property 'response' does not exist on type '{ type: "success"; response: any; providerId: number; providerName: string; } | { type: "worker_job"; jobId: string; providerName: "worker_app"; }'.
  Property 'response' does not exist on type '{ type: "worker_job"; jobId: string; providerName: "worker_app"; }'.
server/services/cloudflareCredentialCenter.ts(249,9): error TS2367: This comparison appears to be unintentional because the types '"partial" | "unavailable" | "rate_limited" | "resource_not_found" | "missing_permission" | "invalid_token" | "unsupported_or_invalid_request"' and '"granted"' have no overlap.
server/services/computerUseCandidateBuilder.ts(87,42): error TS18046: 'revision' is of type 'unknown'.
server/services/computerUseCandidateBuilder.ts(112,3): error TS2322: Type '{ observationHash: string; observationId: string; revision: unknown; observedAt: string; surface: "browser"; origin: string; url: string; browserGeneration: string; elements: Spec208BrowserElement[]; }' is not assignable to type 'Spec208BrowserObservation'.
  Types of property 'revision' are incompatible.
    Type 'unknown' is not assignable to type 'number'.
server/services/computerUseEconomics.ts(102,3): error TS2322: Type '{ decision: string; fallbackEligible: boolean; reasonCode: string; reservation: EconomicHoldState; }' is not assignable to type '{ decision: "approved" | "denied" | "approval_required"; fallbackEligible: boolean; reasonCode: string; reservation?: EconomicHoldState | undefined; }'.
  Types of property 'decision' are incompatible.
    Type 'string' is not assignable to type '"approved" | "denied" | "approval_required"'.
server/services/computerUseFeature195Gateway.ts(209,5): error TS2322: Type 'string | null | undefined' is not assignable to type 'string'.
  Type 'undefined' is not assignable to type 'string'.
server/services/computerUseRunnerJobExecutor.ts(13,8): error TS2459: Module '"./runnerJobCommandContracts"' declares 'RunnerJobCommand' locally, but it is not exported.
server/services/computerUseRunnerJobExecutor.ts(82,8): error TS18046: 'fencingVersion' is of type 'unknown'.
server/services/computerUseSemanticHandshakeRuntime.ts(180,7): error TS2322: Type 'string[]' is not assignable to type 'readonly ("select" | "type" | "wait" | "click" | "scroll" | "press_key")[]'.
  Type 'string' is not assignable to type '"select" | "type" | "wait" | "click" | "scroll" | "press_key"'.
server/services/computerUseSemanticHandshakeRuntime.ts(237,9): error TS2353: Object literal may only specify known properties, and 'policyDecisionId' does not exist in type '{ version: "2026-03-10"; evidence: { actionDigest: string; payloadPreviewHash?: string | undefined; domFingerprint?: string | undefined; screenshotHash?: string | undefined; }; tenantId: string; ... 11 more ...; approval?: { ...; } | undefined; }'.
server/services/computerUseSemanticHandshakeRuntime.ts(328,32): error TS18047: 'semantic.selectedCandidate' is possibly 'null'.
server/services/computerUseSemanticHandshakeRuntime.ts(329,52): error TS2345: Argument of type '{ version: "2026-03-10"; evidence: { actionDigest: string; payloadPreviewHash?: string | undefined; domFingerprint?: string | undefined; screenshotHash?: string | undefined; }; tenantId: string; ... 11 more ...; approval?: { ...; } | undefined; } | null' is not assignable to parameter of type '{ version: "2026-03-10"; evidence: { actionDigest: string; payloadPreviewHash?: string | undefined; domFingerprint?: string | undefined; screenshotHash?: string | undefined; }; tenantId: string; ... 11 more ...; approval?: { ...; } | undefined; }'.
  Type 'null' is not assignable to type '{ version: "2026-03-10"; evidence: { actionDigest: string; payloadPreviewHash?: string | undefined; domFingerprint?: string | undefined; screenshotHash?: string | undefined; }; tenantId: string; ... 11 more ...; approval?: { ...; } | undefined; }'.
server/services/decisionIntelligence/evidencePlan.ts(71,82): error TS2339: Property 'credits' does not exist on type '{ readonly kind: "known"; readonly credits: number; } | { readonly kind: "estimated"; readonly credits: number; } | { readonly kind: "unknown"; }'.
  Property 'credits' does not exist on type '{ readonly kind: "unknown"; }'.
server/services/decisionIntelligence/evidencePlan.ts(76,92): error TS2339: Property 'credits' does not exist on type '{ readonly kind: "known"; readonly credits: number; } | { readonly kind: "estimated"; readonly credits: number; } | { readonly kind: "unknown"; }'.
  Property 'credits' does not exist on type '{ readonly kind: "unknown"; }'.
server/services/deferredMediaRetryService.ts(311,9): error TS2561: Object literal may only specify known properties, but 'scheduledAt' does not exist in type 'GatewayJobDefinition'. Did you mean to write 'schedule'?
server/services/deferredMediaRetryService.ts(481,9): error TS2322: Type 'string | undefined' is not assignable to type 'string'.
  Type 'undefined' is not assignable to type 'string'.
server/services/deferredMediaRetryService.ts(513,9): error TS2322: Type 'string | undefined' is not assignable to type 'string'.
  Type 'undefined' is not assignable to type 'string'.
server/services/developmentLifecycleContracts.ts(655,5): error TS2322: Type '(DevelopmentDependencyContract | { state: "SATISFIED"; watcher: { status: "STOPPED"; lastCheckedAt: string; lastEvidenceRef: string; watcherId: string; registeredAt: string; }; ... 9 more ...; blockedScope: string[]; })[]' is not assignable to type 'DevelopmentDependencyContract[]'.
  Type 'DevelopmentDependencyContract | { state: "SATISFIED"; watcher: { status: "STOPPED"; lastCheckedAt: string; lastEvidenceRef: string; watcherId: string; registeredAt: string; }; ... 9 more ...; blockedScope: string[]; }' is not assignable to type 'DevelopmentDependencyContract'.
    Type '{ state: "SATISFIED"; watcher: { status: "STOPPED"; lastCheckedAt: string; lastEvidenceRef: string; watcherId: string; registeredAt: string; }; dependencyId: string; consumerWorkId: string; ... 7 more ...; blockedScope: string[]; }' is not assignable to type 'DevelopmentDependencyContract'.
      The types of 'watcher.status' are incompatible between these types.
        Type '"STOPPED"' is not assignable to type '"ACTIVE" | "MISSING"'.
server/services/economicDurableService.ts(347,22): error TS2345: Argument of type '{ replayed: boolean; id: string; tenantId: string; intentId: string; budgetId: string; workerJobId: string; attemptId: string; currency: string; amountMinorUnits: number; capturedMinorUnits: number; releasedMinorUnits: number; status: EconomicHoldStatus; }' is not assignable to parameter of type '{ id: string; status: string; tenantId: string; createdAt: Date; updatedAt: Date; idempotencyKey: string; currency: string; workerJobId: string; attemptId: string; amountMinorUnits: number; capturedMinorUnits: number; intentId: string; budgetId: string; releasedMinorUnits: number; }'.
  Type '{ replayed: boolean; id: string; tenantId: string; intentId: string; budgetId: string; workerJobId: string; attemptId: string; currency: string; amountMinorUnits: number; capturedMinorUnits: number; releasedMinorUnits: number; status: EconomicHoldStatus; }' is missing the following properties from type '{ id: string; status: string; tenantId: string; createdAt: Date; updatedAt: Date; idempotencyKey: string; currency: string; workerJobId: string; attemptId: string; amountMinorUnits: number; capturedMinorUnits: number; intentId: string; budgetId: string; releasedMinorUnits: number; }': createdAt, updatedAt, idempotencyKey
server/services/economicLedgerService.ts(169,7): error TS2345: Argument of type '"Journal entry insert did not return an id"' is not assignable to parameter of type 'EconomicLedgerErrorCode | undefined'.
server/services/editorChangeSetService.ts(109,17): error TS2322: Type 'number[][]' is not assignable to type '[number, number][]'.
  Type 'number[]' is not assignable to type '[number, number]'.
    Target requires 2 element(s) but source may have fewer.
server/services/emergencyFinancialService.ts(103,69): error TS2345: Argument of type '"Could not create canonical ledger account"' is not assignable to parameter of type '"CONTRIBUTION_NOT_FOUND" | "POOL_NOT_FOUND" | "PAYMENT_NOT_FOUND" | "PAYMENT_TENANT_MISMATCH" | "PAYMENT_CONTRIBUTION_MISMATCH" | "PAYMENT_NOT_SETTLED" | "PAYMENT_SETTLEMENT_AMOUNT_MISSING" | ... 9 more ... | undefined'.
server/services/emergencyFinancialService.ts(139,126): error TS2345: Argument of type '"Provider settlement currency must be explicitly THB"' is not assignable to parameter of type '"CONTRIBUTION_NOT_FOUND" | "POOL_NOT_FOUND" | "PAYMENT_NOT_FOUND" | "PAYMENT_TENANT_MISMATCH" | "PAYMENT_CONTRIBUTION_MISMATCH" | "PAYMENT_NOT_SETTLED" | "PAYMENT_SETTLEMENT_AMOUNT_MISSING" | ... 9 more ... | undefined'.
server/services/emergencyFinancialService.ts(178,70): error TS2345: Argument of type '"Financial policy version is required"' is not assignable to parameter of type '"CONTRIBUTION_NOT_FOUND" | "POOL_NOT_FOUND" | "PAYMENT_NOT_FOUND" | "PAYMENT_TENANT_MISMATCH" | "PAYMENT_CONTRIBUTION_MISMATCH" | "PAYMENT_NOT_SETTLED" | "PAYMENT_SETTLEMENT_AMOUNT_MISSING" | ... 9 more ... | undefined'.
server/services/emergencyFinancialService.ts(187,84): error TS2345: Argument of type '"Settlement event has no journal"' is not assignable to parameter of type '"CONTRIBUTION_NOT_FOUND" | "POOL_NOT_FOUND" | "PAYMENT_NOT_FOUND" | "PAYMENT_TENANT_MISMATCH" | "PAYMENT_CONTRIBUTION_MISMATCH" | "PAYMENT_NOT_SETTLED" | "PAYMENT_SETTLEMENT_AMOUNT_MISSING" | ... 9 more ... | undefined'.
server/services/emergencyFinancialService.ts(217,80): error TS2345: Argument of type '"Settlement event was not persisted"' is not assignable to parameter of type '"CONTRIBUTION_NOT_FOUND" | "POOL_NOT_FOUND" | "PAYMENT_NOT_FOUND" | "PAYMENT_TENANT_MISMATCH" | "PAYMENT_CONTRIBUTION_MISMATCH" | "PAYMENT_NOT_SETTLED" | "PAYMENT_SETTLEMENT_AMOUNT_MISSING" | ... 9 more ... | undefined'.
server/services/emergencyFinancialService.ts(255,74): error TS2345: Argument of type '"Emergency invoice line lacks canonical contribution references"' is not assignable to parameter of type '"CONTRIBUTION_NOT_FOUND" | "POOL_NOT_FOUND" | "PAYMENT_NOT_FOUND" | "PAYMENT_TENANT_MISMATCH" | "PAYMENT_CONTRIBUTION_MISMATCH" | "PAYMENT_NOT_SETTLED" | "PAYMENT_SETTLEMENT_AMOUNT_MISSING" | ... 9 more ... | undefined'.
server/services/emergencyFinancialService.ts(259,11): error TS2769: No overload matches this call.
  Overload 1 of 3, '(left: PgColumn<{ name: "tenantId"; tableName: "emergency_contributions"; dataType: "string"; columnType: "PgVarchar"; data: string; driverParam: string; notNull: true; hasDefault: false; isPrimaryKey: false; ... 5 more ...; generated: undefined; }, {}, { ...; }>, right: string | SQLWrapper): SQL<...>', gave the following error.
    Argument of type 'string | null' is not assignable to parameter of type 'string | SQLWrapper'.
      Type 'null' is not assignable to type 'string | SQLWrapper'.
  Overload 2 of 3, '(left: Aliased<string | null>, right: string | SQLWrapper | null): SQL<unknown>', gave the following error.
    Argument of type 'PgColumn<{ name: "tenantId"; tableName: "emergency_contributions"; dataType: "string"; columnType: "PgVarchar"; data: string; driverParam: string; notNull: true; hasDefault: false; isPrimaryKey: false; ... 5 more ...; generated: undefined; }, {}, { ...; }>' is not assignable to parameter of type 'Aliased<string | null>'.
      Type 'PgColumn<{ name: "tenantId"; tableName: "emergency_contributions"; dataType: "string"; columnType: "PgVarchar"; data: string; driverParam: string; notNull: true; hasDefault: false; isPrimaryKey: false; ... 5 more ...; generated: undefined; }, {}, { ...; }>' is missing the following properties from type 'Aliased<string | null>': sql, fieldAlias
  Overload 3 of 3, '(left: never, right: unknown): SQL<unknown>', gave the following error.
    Argument of type 'PgColumn<{ name: "tenantId"; tableName: "emergency_contributions"; dataType: "string"; columnType: "PgVarchar"; data: string; driverParam: string; notNull: true; hasDefault: false; isPrimaryKey: false; ... 5 more ...; generated: undefined; }, {}, { ...; }>' is not assignable to parameter of type 'never'.
server/services/emergencyFinancialService.ts(265,11): error TS2769: No overload matches this call.
  Overload 1 of 3, '(left: PgColumn<{ name: "tenantId"; tableName: "emergency_support_pools"; dataType: "string"; columnType: "PgVarchar"; data: string; driverParam: string; notNull: true; hasDefault: false; isPrimaryKey: false; ... 5 more ...; generated: undefined; }, {}, { ...; }>, right: string | SQLWrapper): SQL<...>', gave the following error.
    Argument of type 'string | null' is not assignable to parameter of type 'string | SQLWrapper'.
      Type 'null' is not assignable to type 'string | SQLWrapper'.
  Overload 2 of 3, '(left: Aliased<string | null>, right: string | SQLWrapper | null): SQL<unknown>', gave the following error.
    Argument of type 'PgColumn<{ name: "tenantId"; tableName: "emergency_support_pools"; dataType: "string"; columnType: "PgVarchar"; data: string; driverParam: string; notNull: true; hasDefault: false; isPrimaryKey: false; ... 5 more ...; generated: undefined; }, {}, { ...; }>' is not assignable to parameter of type 'Aliased<string | null>'.
      Type 'PgColumn<{ name: "tenantId"; tableName: "emergency_support_pools"; dataType: "string"; columnType: "PgVarchar"; data: string; driverParam: string; notNull: true; hasDefault: false; isPrimaryKey: false; ... 5 more ...; generated: undefined; }, {}, { ...; }>' is missing the following properties from type 'Aliased<string | null>': sql, fieldAlias
  Overload 3 of 3, '(left: never, right: unknown): SQL<unknown>', gave the following error.
    Argument of type 'PgColumn<{ name: "tenantId"; tableName: "emergency_support_pools"; dataType: "string"; columnType: "PgVarchar"; data: string; driverParam: string; notNull: true; hasDefault: false; isPrimaryKey: false; ... 5 more ...; generated: undefined; }, {}, { ...; }>' is not assignable to parameter of type 'never'.
server/services/emergencyFinancialService.ts(270,72): error TS2345: Argument of type '"Invoice line does not match its restricted support contribution"' is not assignable to parameter of type '"CONTRIBUTION_NOT_FOUND" | "POOL_NOT_FOUND" | "PAYMENT_NOT_FOUND" | "PAYMENT_TENANT_MISMATCH" | "PAYMENT_CONTRIBUTION_MISMATCH" | "PAYMENT_NOT_SETTLED" | "PAYMENT_SETTLEMENT_AMOUNT_MISSING" | ... 9 more ... | undefined'.
server/services/emergencyFinancialService.ts(277,70): error TS2769: No overload matches this call.
  Overload 1 of 3, '(left: PgColumn<{ name: "tenantId"; tableName: "emergency_contributions"; dataType: "string"; columnType: "PgVarchar"; data: string; driverParam: string; notNull: true; hasDefault: false; isPrimaryKey: false; ... 5 more ...; generated: undefined; }, {}, { ...; }>, right: string | SQLWrapper): SQL<...>', gave the following error.
    Argument of type 'string | null' is not assignable to parameter of type 'string | SQLWrapper'.
      Type 'null' is not assignable to type 'string | SQLWrapper'.
  Overload 2 of 3, '(left: Aliased<string | null>, right: string | SQLWrapper | null): SQL<unknown>', gave the following error.
    Argument of type 'PgColumn<{ name: "tenantId"; tableName: "emergency_contributions"; dataType: "string"; columnType: "PgVarchar"; data: string; driverParam: string; notNull: true; hasDefault: false; isPrimaryKey: false; ... 5 more ...; generated: undefined; }, {}, { ...; }>' is not assignable to parameter of type 'Aliased<string | null>'.
      Type 'PgColumn<{ name: "tenantId"; tableName: "emergency_contributions"; dataType: "string"; columnType: "PgVarchar"; data: string; driverParam: string; notNull: true; hasDefault: false; isPrimaryKey: false; ... 5 more ...; generated: undefined; }, {}, { ...; }>' is missing the following properties from type 'Aliased<string | null>': sql, fieldAlias
  Overload 3 of 3, '(left: never, right: unknown): SQL<unknown>', gave the following error.
    Argument of type 'PgColumn<{ name: "tenantId"; tableName: "emergency_contributions"; dataType: "string"; columnType: "PgVarchar"; data: string; driverParam: string; notNull: true; hasDefault: false; isPrimaryKey: false; ... 5 more ...; generated: undefined; }, {}, { ...; }>' is not assignable to parameter of type 'never'.
server/services/externalAgentRunnerDispatcher.ts(8,8): error TS2459: Module '"./runnerJobCommandContracts"' declares 'RunnerJobCommand' locally, but it is not exported.
server/services/externalAgentRunnerDispatcher.ts(119,8): error TS18047: 'stagedInput' is possibly 'null'.
server/services/externalAgentRunnerDispatcher.ts(120,9): error TS18047: 'stagedInput' is possibly 'null'.
server/services/externalAgentTaskExecutor.ts(78,7): error TS2345: Argument of type 'unknown' is not assignable to parameter of type 'AgentTaskManifest'.
server/services/externalAgentTaskExecutor.ts(108,5): error TS2345: Argument of type 'unknown' is not assignable to parameter of type 'AgentTaskManifest'.
server/services/gasCityProvider.ts(61,9): error TS2345: Argument of type '"Provider manifest is not registered"' is not assignable to parameter of type '"LICENSE_UNVERIFIED" | "MANIFEST_INVALID" | undefined'.
server/services/geoSources/contracts.ts(167,103): error TS2322: Type 'unknown' is not assignable to type 'number'.
server/services/geoSources/contracts.ts(170,18): error TS2322: Type 'unknown' is not assignable to type 'number'.
server/services/geoSources/contracts.ts(170,66): error TS2322: Type 'unknown' is not assignable to type 'number'.
server/services/geoSources/contracts.ts(185,109): error TS2322: Type 'unknown' is not assignable to type 'number'.
server/services/geoSources/drizzlePersistence.ts(15,69): error TS2459: Module '"../../../../../packages/shared/src/geospatial/hydrologyTimeSeries"' declares 'HydroTrendSample' locally, but it is not exported.
server/services/geoSources/drizzlePersistence.ts(152,23): error TS7006: Parameter 'row' implicitly has an 'any' type.
server/services/geoSources/fetch.ts(81,46): error TS2322: Type 'string | readonly string[] | undefined' is not assignable to type 'string | undefined'.
  Type 'readonly string[]' is not assignable to type 'string'.
server/services/geoSources/refreshPipeline.ts(132,36): error TS18048: 'value' is possibly 'undefined'.
server/services/geoSources/refreshPipeline.ts(132,64): error TS18048: 'value' is possibly 'undefined'.
server/services/geoSources/refreshPipeline.ts(132,98): error TS18048: 'value' is possibly 'undefined'.
server/services/geoSources/refreshPipeline.ts(132,137): error TS18048: 'value' is possibly 'undefined'.
server/services/geoSources/refreshPipeline.ts(133,55): error TS18048: 'value' is possibly 'undefined'.
server/services/geoSources/refreshPipeline.ts(133,91): error TS18048: 'value' is possibly 'undefined'.
server/services/geoSources/refreshPipeline.ts(134,118): error TS18048: 'value' is possibly 'undefined'.
server/services/geoSources/refreshPipeline.ts(135,57): error TS18048: 'value' is possibly 'undefined'.
server/services/geoSources/refreshPipeline.ts(136,6): error TS18048: 'value' is possibly 'undefined'.
server/services/geoSources/refreshPipeline.ts(136,55): error TS18048: 'value' is possibly 'undefined'.
server/services/geoSources/refreshPipeline.ts(136,82): error TS18048: 'value' is possibly 'undefined'.
server/services/geoSources/refreshPipeline.ts(194,39): error TS2322: Type 'GeoSourceContractError' is not assignable to type '"HYDRO_VALUE_INVALID" | "HYDRO_UNIT_UNSUPPORTED" | "HYDRO_DIMENSION_MISMATCH" | "HYDRO_VERTICAL_DATUM_REQUIRED" | "GEO_SOURCE_CONTRACT_INVALID" | "GEO_SOURCE_CONTRACT_UNKNOWN_FIELD" | ... 9 more ... | "GEO_HYDRO_BINDING_INVALID"'.
  Type '"GEO_SOURCE_POLICY_INVALID"' is not assignable to type '"HYDRO_VALUE_INVALID" | "HYDRO_UNIT_UNSUPPORTED" | "HYDRO_DIMENSION_MISMATCH" | "HYDRO_VERTICAL_DATUM_REQUIRED" | "GEO_SOURCE_CONTRACT_INVALID" | "GEO_SOURCE_CONTRACT_UNKNOWN_FIELD" | ... 9 more ... | "GEO_HYDRO_BINDING_INVALID"'. Did you mean '"GEO_SOURCE_JOB_INVALID"'?
server/services/geographicSearchService.ts(52,71): error TS18047: 'input.limit' is possibly 'null'.
server/services/geographicSearchService.ts(52,71): error TS2365: Operator '<' cannot be applied to types '{}' and 'number'.
server/services/geographicSearchService.ts(52,90): error TS18047: 'input.limit' is possibly 'null'.
server/services/geographicSearchService.ts(52,90): error TS2365: Operator '>' cannot be applied to types '{}' and 'number'.
server/services/hermesConnectionJobs.ts(254,83): error TS2345: Argument of type '{ tenantId: string; connectionId: string; workerId: string; runtimeType: "openclaw_gateway" | "desktop_zeroclaw_managed" | "nemoclaw_sandbox" | "hiclaw_cluster" | "hermes_agent_gateway" | "remotion_executor" | "local_llm_worker" | "node_job_worker" | "python_job_worker"; requestedByUserId: number | null; profileRefe...' is not assignable to parameter of type 'BuildJobInsertParams'.
  Types of property 'runtimeType' are incompatible.
    Type '"openclaw_gateway" | "desktop_zeroclaw_managed" | "nemoclaw_sandbox" | "hiclaw_cluster" | "hermes_agent_gateway" | "remotion_executor" | "local_llm_worker" | "node_job_worker" | "python_job_worker"' is not assignable to type '"openclaw_gateway" | "desktop_zeroclaw_managed" | "nemoclaw_sandbox" | "hiclaw_cluster" | "hermes_agent_gateway" | "remotion_executor" | "local_llm_worker"'.
      Type '"node_job_worker"' is not assignable to type '"openclaw_gateway" | "desktop_zeroclaw_managed" | "nemoclaw_sandbox" | "hiclaw_cluster" | "hermes_agent_gateway" | "remotion_executor" | "local_llm_worker"'.
server/services/hermesConnectionJobs.ts(255,80): error TS2345: Argument of type '{ tenantId: string; connectionId: string; workerId: string; runtimeType: "openclaw_gateway" | "desktop_zeroclaw_managed" | "nemoclaw_sandbox" | "hiclaw_cluster" | "hermes_agent_gateway" | "remotion_executor" | "local_llm_worker" | "node_job_worker" | "python_job_worker"; requestedByUserId: number | null; profileRefe...' is not assignable to parameter of type 'BuildJobInsertParams & { testGeneration?: "video" | "image" | undefined; }'.
  Type '{ tenantId: string; connectionId: string; workerId: string; runtimeType: "openclaw_gateway" | "desktop_zeroclaw_managed" | "nemoclaw_sandbox" | "hiclaw_cluster" | "hermes_agent_gateway" | "remotion_executor" | "local_llm_worker" | "node_job_worker" | "python_job_worker"; requestedByUserId: number | null; profileRefe...' is not assignable to type 'BuildJobInsertParams'.
    Types of property 'runtimeType' are incompatible.
      Type '"openclaw_gateway" | "desktop_zeroclaw_managed" | "nemoclaw_sandbox" | "hiclaw_cluster" | "hermes_agent_gateway" | "remotion_executor" | "local_llm_worker" | "node_job_worker" | "python_job_worker"' is not assignable to type '"openclaw_gateway" | "desktop_zeroclaw_managed" | "nemoclaw_sandbox" | "hiclaw_cluster" | "hermes_agent_gateway" | "remotion_executor" | "local_llm_worker"'.
        Type '"node_job_worker"' is not assignable to type '"openclaw_gateway" | "desktop_zeroclaw_managed" | "nemoclaw_sandbox" | "hiclaw_cluster" | "hermes_agent_gateway" | "remotion_executor" | "local_llm_worker"'.
server/services/hermesConnectionJobs.ts(256,35): error TS2345: Argument of type '{ tenantId: string; connectionId: string; workerId: string; runtimeType: "openclaw_gateway" | "desktop_zeroclaw_managed" | "nemoclaw_sandbox" | "hiclaw_cluster" | "hermes_agent_gateway" | "remotion_executor" | "local_llm_worker" | "node_job_worker" | "python_job_worker"; requestedByUserId: number | null; profileRefe...' is not assignable to parameter of type 'BuildJobInsertParams'.
  Types of property 'runtimeType' are incompatible.
    Type '"openclaw_gateway" | "desktop_zeroclaw_managed" | "nemoclaw_sandbox" | "hiclaw_cluster" | "hermes_agent_gateway" | "remotion_executor" | "local_llm_worker" | "node_job_worker" | "python_job_worker"' is not assignable to type '"openclaw_gateway" | "desktop_zeroclaw_managed" | "nemoclaw_sandbox" | "hiclaw_cluster" | "hermes_agent_gateway" | "remotion_executor" | "local_llm_worker"'.
      Type '"node_job_worker"' is not assignable to type '"openclaw_gateway" | "desktop_zeroclaw_managed" | "nemoclaw_sandbox" | "hiclaw_cluster" | "hermes_agent_gateway" | "remotion_executor" | "local_llm_worker"'.
server/services/hermesConnectionService.ts(1074,9): error TS2322: Type '"openclaw_gateway" | "desktop_zeroclaw_managed" | "nemoclaw_sandbox" | "hiclaw_cluster" | "hermes_agent_gateway" | "remotion_executor" | "local_llm_worker" | "node_job_worker" | "python_job_worker"' is not assignable to type '"openclaw_gateway" | "desktop_zeroclaw_managed" | "nemoclaw_sandbox" | "hiclaw_cluster" | "hermes_agent_gateway" | "remotion_executor" | "local_llm_worker"'.
  Type '"node_job_worker"' is not assignable to type '"openclaw_gateway" | "desktop_zeroclaw_managed" | "nemoclaw_sandbox" | "hiclaw_cluster" | "hermes_agent_gateway" | "remotion_executor" | "local_llm_worker"'.
server/services/hermesConnectionService.ts(1109,7): error TS2322: Type '"openclaw_gateway" | "desktop_zeroclaw_managed" | "nemoclaw_sandbox" | "hiclaw_cluster" | "hermes_agent_gateway" | "remotion_executor" | "local_llm_worker" | "node_job_worker" | "python_job_worker"' is not assignable to type '"openclaw_gateway" | "desktop_zeroclaw_managed" | "nemoclaw_sandbox" | "hiclaw_cluster" | "hermes_agent_gateway" | "remotion_executor" | "local_llm_worker"'.
  Type '"node_job_worker"' is not assignable to type '"openclaw_gateway" | "desktop_zeroclaw_managed" | "nemoclaw_sandbox" | "hiclaw_cluster" | "hermes_agent_gateway" | "remotion_executor" | "local_llm_worker"'.
server/services/hermesConnectionService.ts(1273,7): error TS2322: Type '"openclaw_gateway" | "desktop_zeroclaw_managed" | "nemoclaw_sandbox" | "hiclaw_cluster" | "hermes_agent_gateway" | "remotion_executor" | "local_llm_worker" | "node_job_worker" | "python_job_worker"' is not assignable to type '"openclaw_gateway" | "desktop_zeroclaw_managed" | "nemoclaw_sandbox" | "hiclaw_cluster" | "hermes_agent_gateway" | "remotion_executor" | "local_llm_worker"'.
  Type '"node_job_worker"' is not assignable to type '"openclaw_gateway" | "desktop_zeroclaw_managed" | "nemoclaw_sandbox" | "hiclaw_cluster" | "hermes_agent_gateway" | "remotion_executor" | "local_llm_worker"'.
server/services/hermesConnectionService.ts(1588,5): error TS2322: Type '"openclaw_gateway" | "desktop_zeroclaw_managed" | "nemoclaw_sandbox" | "hiclaw_cluster" | "hermes_agent_gateway" | "remotion_executor" | "local_llm_worker" | "node_job_worker" | "python_job_worker"' is not assignable to type '"openclaw_gateway" | "desktop_zeroclaw_managed" | "nemoclaw_sandbox" | "hiclaw_cluster" | "hermes_agent_gateway" | "remotion_executor" | "local_llm_worker"'.
  Type '"node_job_worker"' is not assignable to type '"openclaw_gateway" | "desktop_zeroclaw_managed" | "nemoclaw_sandbox" | "hiclaw_cluster" | "hermes_agent_gateway" | "remotion_executor" | "local_llm_worker"'.
server/services/hermesConnectionService.ts(1684,5): error TS2322: Type '"openclaw_gateway" | "desktop_zeroclaw_managed" | "nemoclaw_sandbox" | "hiclaw_cluster" | "hermes_agent_gateway" | "remotion_executor" | "local_llm_worker" | "node_job_worker" | "python_job_worker"' is not assignable to type '"openclaw_gateway" | "desktop_zeroclaw_managed" | "nemoclaw_sandbox" | "hiclaw_cluster" | "hermes_agent_gateway" | "remotion_executor" | "local_llm_worker"'.
  Type '"node_job_worker"' is not assignable to type '"openclaw_gateway" | "desktop_zeroclaw_managed" | "nemoclaw_sandbox" | "hiclaw_cluster" | "hermes_agent_gateway" | "remotion_executor" | "local_llm_worker"'.
server/services/hermesConnectionService.ts(1873,9): error TS2322: Type '"openclaw_gateway" | "desktop_zeroclaw_managed" | "nemoclaw_sandbox" | "hiclaw_cluster" | "hermes_agent_gateway" | "remotion_executor" | "local_llm_worker" | "node_job_worker" | "python_job_worker"' is not assignable to type '"openclaw_gateway" | "desktop_zeroclaw_managed" | "nemoclaw_sandbox" | "hiclaw_cluster" | "hermes_agent_gateway" | "remotion_executor" | "local_llm_worker"'.
  Type '"node_job_worker"' is not assignable to type '"openclaw_gateway" | "desktop_zeroclaw_managed" | "nemoclaw_sandbox" | "hiclaw_cluster" | "hermes_agent_gateway" | "remotion_executor" | "local_llm_worker"'.
server/services/hermesMediaScheduler.ts(357,80): error TS2345: Argument of type 'Record<string, unknown>' is not assignable to parameter of type '{ jobType: string; runtimeType?: string | undefined; executionClass?: string | undefined; inputJson?: Record<string, unknown> | undefined; timeoutSeconds?: number | undefined; retryPolicyJson?: Record<...> | undefined; }'.
  Property 'jobType' is missing in type 'Record<string, unknown>' but required in type '{ jobType: string; runtimeType?: string | undefined; executionClass?: string | undefined; inputJson?: Record<string, unknown> | undefined; timeoutSeconds?: number | undefined; retryPolicyJson?: Record<...> | undefined; }'.
server/services/hybridOrchestrationStore.ts(23,3): error TS2305: Module '"../../drizzle/schema"' has no exported member 'hybridExecutions'.
server/services/hybridOrchestrationStore.ts(24,3): error TS2305: Module '"../../drizzle/schema"' has no exported member 'hybridExecutionStages'.
server/services/hybridOrchestrationStore.ts(25,8): error TS2305: Module '"../../drizzle/schema"' has no exported member 'HybridExecutionRow'.
server/services/hybridOrchestrationStore.ts(26,8): error TS2305: Module '"../../drizzle/schema"' has no exported member 'HybridExecutionStageRow'.
server/services/hybridOrchestrationStore.ts(27,8): error TS2305: Module '"../../drizzle/schema"' has no exported member 'InsertHybridExecutionRow'.
server/services/hybridOrchestrationStore.ts(28,8): error TS2305: Module '"../../drizzle/schema"' has no exported member 'InsertHybridExecutionStageRow'.
server/services/hybridStageRunner.ts(13,3): error TS2305: Module '"./agentRuntime/client"' has no exported member 'assertHybridRuntimeHealthCompatibility'.
server/services/hybridStageRunner.ts(243,17): error TS2339: Property 'supportedHybridStageTypes' does not exist on type '{ adapterVersion: string; gatewayModelSupportEnabled: boolean; traceExportMode: string; productionSafeTracing: boolean; supportedRuntimeContractVersions: number[]; supportedTraceSchemaVersions: number[]; supportedCheckpointSchemaVersions: number[]; sdkVersion?: string | ... 1 more ... | undefined; supportedAssurance...'.
server/services/hybridStageRunner.ts(258,57): error TS2339: Property 'runHybridStage' does not exist on type 'AgentRuntimeClient | HybridStageRunnerClient'.
  Property 'runHybridStage' does not exist on type 'AgentRuntimeClient'.
server/services/inference/capabilityProbe.ts(348,21): error TS2345: Argument of type 'string | undefined' is not assignable to parameter of type 'string'.
  Type 'undefined' is not assignable to type 'string'.
server/services/inference/capabilityProbe.ts(353,7): error TS2345: Argument of type 'string | undefined' is not assignable to parameter of type 'string'.
  Type 'undefined' is not assignable to type 'string'.
server/services/inference/capabilityProbe.ts(490,7): error TS2345: Argument of type 'string | undefined' is not assignable to parameter of type 'string'.
  Type 'undefined' is not assignable to type 'string'.
server/services/inference/capabilityProbe.ts(518,7): error TS2345: Argument of type 'string | undefined' is not assignable to parameter of type 'string'.
  Type 'undefined' is not assignable to type 'string'.
server/services/inference/capabilityProbe.ts(665,11): error TS2345: Argument of type 'string | undefined' is not assignable to parameter of type 'string'.
  Type 'undefined' is not assignable to type 'string'.
server/services/inference/capabilityProbe.ts(675,9): error TS2345: Argument of type 'string | undefined' is not assignable to parameter of type 'string'.
  Type 'undefined' is not assignable to type 'string'.
server/services/inference/chatInferenceGateway.ts(85,11): error TS18048: 'profile.deployment.runtimeBinding' is possibly 'undefined'.
server/services/inference/connectivityProbe.ts(76,5): error TS2322: Type '{ ok: false; reason: "PROFILE_NOT_FOUND"; target?: undefined; } | { ok: false; reason: "PROFILE_INVALID"; target?: undefined; } | { ok: false; reason: "PROFILE_RUNTIME_BINDING_MISSING"; target?: undefined; } | { ...; } | { ...; } | { ...; } | { ...; }' is not assignable to type 'InferenceProbeTargetResolution'.
  Type '{ ok: false; reason: "RUNTIME_BINDING_MISSING" | "RUNTIME_BINDING_IDENTITY_MISMATCH" | "RUNTIME_BINDING_DISABLED" | "RUNTIME_CREDENTIAL_UNAVAILABLE" | "RUNTIME_SURFACE_MISMATCH"; target?: undefined; }' is not assignable to type 'InferenceProbeTargetResolution'.
    Type '{ ok: false; reason: "RUNTIME_BINDING_MISSING" | "RUNTIME_BINDING_IDENTITY_MISMATCH" | "RUNTIME_BINDING_DISABLED" | "RUNTIME_CREDENTIAL_UNAVAILABLE" | "RUNTIME_SURFACE_MISMATCH"; target?: undefined; }' is not assignable to type '{ ok: false; reason: "PROFILE_INVALID" | "RUNTIME_BINDING_IDENTITY_MISMATCH" | "RUNTIME_BINDING_DISABLED" | "RUNTIME_CREDENTIAL_UNAVAILABLE" | "RUNTIME_SURFACE_MISMATCH" | "PROFILE_NOT_FOUND" | "PROFILE_RUNTIME_BINDING_MISSING" | "LOCAL_PROBE_UNSUPPORTED" | "PROBE_TARGET_UNAVAILABLE"; }'.
      Types of property 'reason' are incompatible.
        Type '"RUNTIME_BINDING_MISSING" | "RUNTIME_BINDING_IDENTITY_MISMATCH" | "RUNTIME_BINDING_DISABLED" | "RUNTIME_CREDENTIAL_UNAVAILABLE" | "RUNTIME_SURFACE_MISMATCH"' is not assignable to type '"PROFILE_INVALID" | "RUNTIME_BINDING_IDENTITY_MISMATCH" | "RUNTIME_BINDING_DISABLED" | "RUNTIME_CREDENTIAL_UNAVAILABLE" | "RUNTIME_SURFACE_MISMATCH" | "PROFILE_NOT_FOUND" | "PROFILE_RUNTIME_BINDING_MISSING" | "LOCAL_PROBE_UNSUPPORTED" | "PROBE_TARGET_UNAVAILABLE"'.
          Type '"RUNTIME_BINDING_MISSING"' is not assignable to type '"PROFILE_INVALID" | "RUNTIME_BINDING_IDENTITY_MISMATCH" | "RUNTIME_BINDING_DISABLED" | "RUNTIME_CREDENTIAL_UNAVAILABLE" | "RUNTIME_SURFACE_MISMATCH" | "PROFILE_NOT_FOUND" | "PROFILE_RUNTIME_BINDING_MISSING" | "LOCAL_PROBE_UNSUPPORTED" | "PROBE_TARGET_UNAVAILABLE"'.
server/services/inference/contracts.ts(401,12): error TS2678: Type '"EXTERNAL_AGENT_HARNESS"' is not comparable to type '"AUTO" | "LOCAL_ONLY" | "SMARTAIHUB_ONLY" | "USER_SELECTED_MODEL" | "USER_SELECTED_PROVIDER"'.
server/services/inference/llmRouterAttemptAdapter.ts(43,13): error TS18048: 'event.statusCode' is possibly 'undefined'.
server/services/inference/llmRouterAttemptAdapter.ts(112,9): error TS1360: Type '{ streamCommitted: false; outcome: "failed"; submissionState: "not_submitted"; normalizedFailure: "provider_unavailable"; } | { streamCommitted: false; outcome: "unknown"; submissionState: "unknown"; normalizedFailure: "unknown_outcome"; } | { ...; }' does not satisfy the expected type 'ProviderAttemptObservation'.
  Type '{ streamCommitted: false; outcome: "failed"; submissionState: "submitted"; normalizedFailure: string; }' is not assignable to type 'ProviderAttemptObservation'.
    Types of property 'normalizedFailure' are incompatible.
      Type 'string' is not assignable to type '"provider_unavailable" | "budget_exceeded" | "invalid_request" | "rate_limited" | "connection_failed" | "authentication_failed" | "content_policy" | "reservation_unavailable" | "unknown_outcome" | undefined'.
server/services/inference/llmRouterAttemptAdapter.ts(207,9): error TS2322: Type '(attempt: { plan: { planId: string; logicalCallId: string; intentHash: string; creditReservationId: string; selectedModelProfile: string; selectedDeploymentProfile: string; endpointSurface: "local" | "native_responses" | "responses_compatible" | "chat_compatible" | "native_provider"; ... 23 more ...; selectedSourceR...' is not assignable to type '(input: { plan: { planId: string; logicalCallId: string; intentHash: string; creditReservationId: string; selectedModelProfile: string; selectedDeploymentProfile: string; endpointSurface: "local" | "native_responses" | "responses_compatible" | "chat_compatible" | "native_provider"; ... 23 more ...; selectedSourceRev...'.
  Type 'Promise<{ observation: { streamCommitted: false; outcome: "failed"; submissionState: "not_submitted"; normalizedFailure: "provider_unavailable"; } | { streamCommitted: false; outcome: "unknown"; submissionState: "unknown"; normalizedFailure: "unknown_outcome"; } | { ...; }; response?: undefined; } | { ...; }>' is not assignable to type 'Promise<{ observation: ProviderAttemptObservation; response?: unknown; }>'.
    Type '{ observation: { streamCommitted: false; outcome: "failed"; submissionState: "not_submitted"; normalizedFailure: "provider_unavailable"; } | { streamCommitted: false; outcome: "unknown"; submissionState: "unknown"; normalizedFailure: "unknown_outcome"; } | { ...; }; response?: undefined; } | { ...; }' is not assignable to type '{ observation: ProviderAttemptObservation; response?: unknown; }'.
      Type '{ observation: { streamCommitted: false; outcome: "failed"; submissionState: "not_submitted"; normalizedFailure: "provider_unavailable"; } | { streamCommitted: false; outcome: "unknown"; submissionState: "unknown"; normalizedFailure: "unknown_outcome"; } | { ...; }; response?: undefined; }' is not assignable to type '{ observation: ProviderAttemptObservation; response?: unknown; }'.
        Types of property 'observation' are incompatible.
          Type '{ streamCommitted: false; outcome: "failed"; submissionState: "not_submitted"; normalizedFailure: "provider_unavailable"; } | { streamCommitted: false; outcome: "unknown"; submissionState: "unknown"; normalizedFailure: "unknown_outcome"; } | { ...; }' is not assignable to type 'ProviderAttemptObservation'.
            Type '{ streamCommitted: false; outcome: "failed"; submissionState: "submitted"; normalizedFailure: string; }' is not assignable to type 'ProviderAttemptObservation'.
              Types of property 'normalizedFailure' are incompatible.
                Type 'string' is not assignable to type '"provider_unavailable" | "budget_exceeded" | "invalid_request" | "rate_limited" | "connection_failed" | "authentication_failed" | "content_policy" | "reservation_unavailable" | "unknown_outcome" | undefined'.
server/services/inference/policySourceLoader.ts(264,21): error TS2322: Type '{ ok: false; code: "POLICY_SCOPE_MISSING" | "POLICY_SCOPE_INVALID" | "POLICY_SOURCE_UNAVAILABLE"; scope?: PolicyScope | undefined; } | { ok: boolean; code: string; sources?: undefined; } | { ...; }' is not assignable to type 'PolicySourceLoadResult'.
  Type '{ ok: boolean; code: string; sources?: undefined; }' is not assignable to type 'PolicySourceLoadResult'.
    Type '{ ok: boolean; code: string; sources?: undefined; }' is not assignable to type '{ ok: false; code: "POLICY_SCOPE_MISSING" | "POLICY_SCOPE_INVALID" | "POLICY_SOURCE_UNAVAILABLE"; scope?: PolicyScope | undefined; }'.
      Types of property 'ok' are incompatible.
        Type 'boolean' is not assignable to type 'false'.
server/services/inference/policySourceLoader.ts(264,42): error TS2322: Type '{ ok: false; code: "POLICY_SCOPE_MISSING" | "POLICY_SCOPE_INVALID" | "POLICY_SOURCE_UNAVAILABLE"; scope?: PolicyScope | undefined; } | { ok: boolean; code: string; sources?: undefined; } | { ...; }' is not assignable to type 'PolicySourceLoadResult'.
  Type '{ ok: boolean; code: string; sources?: undefined; }' is not assignable to type 'PolicySourceLoadResult'.
    Type '{ ok: boolean; code: string; sources?: undefined; }' is not assignable to type '{ ok: false; code: "POLICY_SCOPE_MISSING" | "POLICY_SCOPE_INVALID" | "POLICY_SOURCE_UNAVAILABLE"; scope?: PolicyScope | undefined; }'.
      Types of property 'ok' are incompatible.
        Type 'boolean' is not assignable to type 'false'.
server/services/inference/prepareInferencePlan.ts(147,7): error TS2353: Object literal may only specify known properties, and 'intent' does not exist in type 'PersistInferencePlanInput'.
server/services/inference/profileRegistry.ts(451,21): error TS2322: Type '{ ok: boolean; profiles: InferenceProfilePair[]; invalidProfileIds: string[]; registryRevision: string; observedAtMs: number; }' is not assignable to type 'ProfileRegistryLoadResult'.
  Type '{ ok: boolean; profiles: InferenceProfilePair[]; invalidProfileIds: string[]; registryRevision: string; observedAtMs: number; }' is not assignable to type '{ ok: true; profiles: InferenceProfilePair[]; invalidProfileIds: string[]; registryRevision: string; observedAtMs: number; }'.
    Types of property 'ok' are incompatible.
      Type 'boolean' is not assignable to type 'true'.
server/services/inference/profileRegistry.ts(451,42): error TS2322: Type '{ ok: boolean; profiles: InferenceProfilePair[]; invalidProfileIds: string[]; registryRevision: string; observedAtMs: number; }' is not assignable to type 'ProfileRegistryLoadResult'.
  Type '{ ok: boolean; profiles: InferenceProfilePair[]; invalidProfileIds: string[]; registryRevision: string; observedAtMs: number; }' is not assignable to type '{ ok: true; profiles: InferenceProfilePair[]; invalidProfileIds: string[]; registryRevision: string; observedAtMs: number; }'.
    Types of property 'ok' are incompatible.
      Type 'boolean' is not assignable to type 'true'.
server/services/inference/rolloutBundle.ts(434,24): error TS2322: Type '{ payload: Record<string, unknown>; bundleHash: string; signingKeyId: string; signature: string; }' is not assignable to type 'SignedInferenceRolloutBundle'.
  Types of property 'payload' are incompatible.
    Type 'Record<string, unknown>' is missing the following properties from type '{ createdAt: string; sequence: number; createdBy: string; bundleId: string; contract: "SAH-INFERENCE-ROLLOUT-1"; routerPolicyRevision: string; logicalModelRegistryRevision: string; deploymentCredentialBindingRevision: string; ... 8 more ...; environmentReadinessRef: string; }': createdAt, sequence, createdBy, bundleId, and 13 more.
server/services/inference/runtimeDeploymentResolver.ts(71,5): error TS2322: Type '{ ok: false; reason: "PROFILE_NOT_QUALIFIED"; candidate?: undefined; authority?: undefined; registryRevision?: undefined; runtime?: undefined; } | { ok: false; reason: "AUTHORITY_STALE_OR_CHANGED"; candidate?: undefined; authority?: undefined; registryRevision?: undefined; runtime?: undefined; } | ... 5 more ... | {...' is not assignable to type 'RuntimeDeploymentResolution'.
  Type '{ ok: false; reason: "RUNTIME_BINDING_MISSING" | "RUNTIME_BINDING_IDENTITY_MISMATCH" | "RUNTIME_BINDING_DISABLED" | "RUNTIME_CREDENTIAL_UNAVAILABLE" | "RUNTIME_SURFACE_MISMATCH"; candidate?: undefined; authority?: undefined; registryRevision?: undefined; runtime?: undefined; }' is not assignable to type 'RuntimeDeploymentResolution'.
    Type '{ ok: false; reason: "RUNTIME_BINDING_MISSING" | "RUNTIME_BINDING_IDENTITY_MISMATCH" | "RUNTIME_BINDING_DISABLED" | "RUNTIME_CREDENTIAL_UNAVAILABLE" | "RUNTIME_SURFACE_MISMATCH"; candidate?: undefined; authority?: undefined; registryRevision?: undefined; runtime?: undefined; }' is not assignable to type '{ ok: false; reason: "RUNTIME_BINDING_IDENTITY_MISMATCH" | "RUNTIME_BINDING_DISABLED" | "RUNTIME_CREDENTIAL_UNAVAILABLE" | "RUNTIME_SURFACE_MISMATCH" | "PROFILE_NOT_FOUND" | ... 4 more ... | "AUTHORITY_STALE_OR_CHANGED"; }'.
      Types of property 'reason' are incompatible.
        Type '"RUNTIME_BINDING_MISSING" | "RUNTIME_BINDING_IDENTITY_MISMATCH" | "RUNTIME_BINDING_DISABLED" | "RUNTIME_CREDENTIAL_UNAVAILABLE" | "RUNTIME_SURFACE_MISMATCH"' is not assignable to type '"RUNTIME_BINDING_IDENTITY_MISMATCH" | "RUNTIME_BINDING_DISABLED" | "RUNTIME_CREDENTIAL_UNAVAILABLE" | "RUNTIME_SURFACE_MISMATCH" | "PROFILE_NOT_FOUND" | "PROFILE_RUNTIME_BINDING_MISSING" | "PROFILE_NOT_QUALIFIED" | "RUNTIME_PROVIDER_UNAVAILABLE" | "RUNTIME_PROBE_BINDING_MISMATCH" | "AUTHORITY_STALE_OR_CHANGED"'.
          Type '"RUNTIME_BINDING_MISSING"' is not assignable to type '"RUNTIME_BINDING_IDENTITY_MISMATCH" | "RUNTIME_BINDING_DISABLED" | "RUNTIME_CREDENTIAL_UNAVAILABLE" | "RUNTIME_SURFACE_MISMATCH" | "PROFILE_NOT_FOUND" | "PROFILE_RUNTIME_BINDING_MISSING" | "PROFILE_NOT_QUALIFIED" | "RUNTIME_PROVIDER_UNAVAILABLE" | "RUNTIME_PROBE_BINDING_MISMATCH" | "AUTHORITY_STALE_OR_CHANGED"'.
server/services/intelligenceFabric/evidenceAdmission.ts(239,80): error TS2769: No overload matches this call.
  Overload 1 of 4, '(value: string | number | Date): Date', gave the following error.
    Argument of type 'string | undefined' is not assignable to parameter of type 'string | number | Date'.
      Type 'undefined' is not assignable to type 'string | number | Date'.
  Overload 2 of 4, '(value: string | number): Date', gave the following error.
    Argument of type 'string | undefined' is not assignable to parameter of type 'string | number'.
      Type 'undefined' is not assignable to type 'string | number'.
server/services/intelligenceFabric/evidenceAdmission.ts(252,28): error TS2769: No overload matches this call.
  Overload 1 of 4, '(value: string | number | Date): Date', gave the following error.
    Argument of type 'string | undefined' is not assignable to parameter of type 'string | number | Date'.
      Type 'undefined' is not assignable to type 'string | number | Date'.
  Overload 2 of 4, '(value: string | number): Date', gave the following error.
    Argument of type 'string | undefined' is not assignable to parameter of type 'string | number'.
      Type 'undefined' is not assignable to type 'string | number'.
server/services/intelligenceFabric/geometry.ts(63,5): error TS2571: Object is of type 'unknown'.
server/services/intelligenceFabric/geometry.ts(63,25): error TS2571: Object is of type 'unknown'.
server/services/intelligenceFabric/geometry.ts(63,44): error TS2571: Object is of type 'unknown'.
server/services/intelligenceFabric/geometry.ts(63,63): error TS2571: Object is of type 'unknown'.
server/services/intelligenceFabric/geometry.ts(106,84): error TS18046: 'polygon' is of type 'unknown'.
server/services/intelligenceFabric/geometry.ts(106,96): error TS7006: Parameter 'ring' implicitly has an 'any' type.
server/services/intelligenceFabric/registry.ts(194,235): error TS2345: Argument of type 'unknown' is not assignable to parameter of type 'string'.
server/services/intelligenceFabric/registry.ts(194,280): error TS2345: Argument of type 'unknown' is not assignable to parameter of type 'string'.
server/services/intelligenceFabric/registry.ts(196,239): error TS2345: Argument of type 'unknown' is not assignable to parameter of type 'string'.
server/services/intelligenceFabric/registry.ts(196,277): error TS2345: Argument of type 'unknown' is not assignable to parameter of type 'string'.
server/services/intelligenceFabric/registry.ts(196,323): error TS2345: Argument of type 'unknown' is not assignable to parameter of type 'string'.
server/services/intelligenceFabric/registry.ts(196,365): error TS2345: Argument of type 'unknown' is not assignable to parameter of type 'string'.
server/services/intelligenceFabric/registry.ts(200,276): error TS2345: Argument of type 'unknown' is not assignable to parameter of type 'string'.
server/services/intelligenceFabric/registry.ts(200,320): error TS2345: Argument of type 'unknown' is not assignable to parameter of type 'string'.
server/services/intelligenceFabric/registry.ts(200,370): error TS2345: Argument of type 'unknown' is not assignable to parameter of type 'string'.
server/services/intelligenceFabric/registry.ts(219,60): error TS2345: Argument of type 'DataRightsPolicy' is not assignable to parameter of type 'Record<string, unknown>'.
  Index signature for type 'string' is missing in type 'DataRightsPolicy'.
server/services/intelligenceFabric/registryPersistence.ts(213,14): error TS18046: 'input.sourceJson' is of type 'unknown'.
server/services/intelligenceFabric/registryPersistence.ts(213,54): error TS18046: 'input.sourceJson' is of type 'unknown'.
server/services/intelligenceFabric/registryPersistence.ts(213,98): error TS18046: 'input.sourceJson' is of type 'unknown'.
server/services/intelligenceFabric/registryPersistence.ts(214,20): error TS18046: 'input.sourceJson' is of type 'unknown'.
server/services/intelligenceFabric/researchAdmission.ts(169,17): error TS2352: Conversion of type '{ existingSourceMatchIds?: string[] | undefined; authenticationHints?: string[] | undefined; likelyGeography?: string[] | undefined; likelyCapabilities: string[]; discoveredByResearchRunIds: string[]; }' to type 'SourceCandidate' may be a mistake because neither type sufficiently overlaps with the other. If this was intentional, convert the expression to 'unknown' first.
  Type '{ existingSourceMatchIds?: string[] | undefined; authenticationHints?: string[] | undefined; likelyGeography?: string[] | undefined; likelyCapabilities: string[]; discoveredByResearchRunIds: string[]; }' is missing the following properties from type 'SourceCandidate': sourceCandidateId, proposedSourceName, rightsStatus, status
server/services/intelligenceFabric/researchAdmission.ts(206,29): error TS2352: Conversion of type '{ geometry?: GeoJSONGeometry | undefined; lineageRefs: string[]; }' to type 'EvidenceCandidate' may be a mistake because neither type sufficiently overlaps with the other. If this was intentional, convert the expression to 'unknown' first.
  Type '{ geometry?: GeoJSONGeometry | undefined; lineageRefs: string[]; }' is missing the following properties from type 'EvidenceCandidate': evidenceCandidateId, researchRunId, fetchedAt, evidenceClass, and 2 more.
server/services/intelligenceFabric/researchAdmission.ts(217,29): error TS2352: Conversion of type '{ limitations: string[]; parentClaimRefs?: string[] | undefined; parentEvidenceRefs: string[]; }' to type 'DerivedKnowledgeClaim' may be a mistake because neither type sufficiently overlaps with the other. If this was intentional, convert the expression to 'unknown' first.
  Type '{ limitations: string[]; parentClaimRefs?: string[] | undefined; parentEvidenceRefs: string[]; }' is missing the following properties from type 'DerivedKnowledgeClaim': knowledgeClaimId, researchRunId, statement, methodRef, and 2 more.
server/services/intelligenceFabric/researchAdmission.ts(229,29): error TS2352: Conversion of type '{ contentHash: string; sourceRefs: string[]; }' to type 'ResearchArtifact' may be a mistake because neither type sufficiently overlaps with the other. If this was intentional, convert the expression to 'unknown' first.
  Type '{ contentHash: string; sourceRefs: string[]; }' is missing the following properties from type 'ResearchArtifact': artifactId, researchRunId, mediaType, storageRef, and 3 more.
server/services/intelligenceFabric/researchAdmission.ts(251,29): error TS2352: Conversion of type '{ changedRequirementRefs: string[]; admittedEvidenceRefs: string[]; candidateRefs: string[]; }' to type 'ResearchWatchChangeNotice' may be a mistake because neither type sufficiently overlaps with the other. If this was intentional, convert the expression to 'unknown' first.
  Type '{ changedRequirementRefs: string[]; admittedEvidenceRefs: string[]; candidateRefs: string[]; }' is missing the following properties from type 'ResearchWatchChangeNotice': contractVersion, changeId, idempotencyKey, watchRef, and 6 more.
server/services/intelligenceFabric/resolver.ts(262,68): error TS2339: Property 'credits' does not exist on type '{ readonly kind: "zero"; } | { readonly kind: "known"; readonly credits: number; } | { readonly kind: "estimated"; readonly credits: number; }'.
  Property 'credits' does not exist on type '{ readonly kind: "zero"; }'.
server/services/intelligenceFabric/sourceHealth.ts(84,41): error TS18046: 'input.dimensions' is of type 'unknown'.
server/services/intelligenceFabric/sourceHealth.ts(84,97): error TS18046: 'input.dimensions' is of type 'unknown'.
server/services/intelligenceFabric/sourceHealth.ts(105,69): error TS7053: Element implicitly has an 'any' type because expression of type 'any' can't be used to index type 'Readonly<Record<SourceHealthDimension, SourceHealthState>>'.
server/services/jobControlPlane.ts(727,23): error TS2304: Cannot find name 'gt'.
server/services/jobControlPlane.ts(3509,47): error TS2339: Property 'findJob' does not exist on type 'JobControlPlaneRepository'.
server/services/jobControlPlane.ts(3510,28): error TS2339: Property 'findJob' does not exist on type 'JobControlPlaneRepository'.
server/services/jobControlPlane.ts(3566,44): error TS2339: Property 'findJob' does not exist on type 'JobControlPlaneRepository'.
server/services/jobControlPlane.ts(3567,28): error TS2339: Property 'findJob' does not exist on type 'JobControlPlaneRepository'.
server/services/jobControlPlane.ts(3828,45): error TS2304: Cannot find name 'buildRunnerCancellationCommand'.
server/services/jobControlPlane.ts(3830,26): error TS2304: Cannot find name 'buildRunnerCancellationCommand'.
server/services/jobControlPlane.ts(4128,21): error TS2339: Property 'statusReason' does not exist on type '{ jobId: string; tenantId: string; jobType: string; executionClass: string; contractVersion: string; status: string; compatibilityStatus: string; attempt: number; maxAttempts: number; nextRetryAt: string | null; ... 8 more ...; terminal: boolean; }'.
server/services/jobControlPlane.ts(4150,21): error TS2339: Property 'statusReason' does not exist on type '{ jobId: string; tenantId: string; jobType: string; executionClass: string; contractVersion: string; status: string; compatibilityStatus: string; attempt: number; maxAttempts: number; nextRetryAt: string | null; ... 8 more ...; terminal: boolean; }'.
server/services/jobControlPlane.ts(4156,46): error TS2339: Property 'findJob' does not exist on type 'JobControlPlaneRepository'.
server/services/jobControlPlane.ts(4157,28): error TS2339: Property 'findJob' does not exist on type 'JobControlPlaneRepository'.
server/services/jobControlPlane.ts(4618,13): error TS2322: Type '"recover_review"' is not assignable to type '"cancel" | "recover_checkpoint" | "force_fail" | "requeue"'.
server/services/jobControlPlane.ts(5402,26): error TS18048: 'progress.externalWait' is possibly 'undefined'.
server/services/jobControlPlaneGateway.ts(81,48): error TS18048: 'context.actorId' is possibly 'undefined'.
server/services/jobControlPlaneMonitor.ts(118,19): error TS7006: Parameter 'row' implicitly has an 'any' type.
server/services/jobControlPlaneMonitor.ts(348,28): error TS7006: Parameter 'row' implicitly has an 'any' type.
server/services/jobControlPlaneMonitor.ts(351,37): error TS7006: Parameter 'row' implicitly has an 'any' type.
server/services/jobControlPlaneMonitor.ts(396,18): error TS2345: Argument of type '{}' is not assignable to parameter of type 'number'.
server/services/jobControlPlaneMonitor.ts(419,7): error TS2322: Type '{}' is not assignable to type 'number'.
server/services/jobControlPlaneMonitor.ts(487,31): error TS7006: Parameter 'job' implicitly has an 'any' type.
server/services/jobControlPlaneMonitor.ts(500,32): error TS7006: Parameter 'job' implicitly has an 'any' type.
server/services/jobExecutorRegistry.ts(162,61): error TS2345: Argument of type '{ tenantId: string; researchRequestId: string; canonicalJobId: string; lease: LeaseContext; reporter: JobReporter; }' is not assignable to parameter of type '{ readonly tenantId: string; readonly researchRequestId: string; readonly canonicalJobId: string; readonly lease: LeaseContext; readonly reporter: JobReporter; readonly signal: AbortSignal; }'.
  Property 'signal' is missing in type '{ tenantId: string; researchRequestId: string; canonicalJobId: string; lease: LeaseContext; reporter: JobReporter; }' but required in type '{ readonly tenantId: string; readonly researchRequestId: string; readonly canonicalJobId: string; readonly lease: LeaseContext; readonly reporter: JobReporter; readonly signal: AbortSignal; }'.
server/services/jobExecutorRegistry.ts(441,3): error TS2322: Type '({ context, lease, reporter }: { context: { jobId: string; tenantId: string; requestedByUserId: number | null; jobType: string; executionClass: string; contractVersion: string; input: Record<string, unknown>; instructions: Record<...>; ... 10 more ...; statusReason: string | null; }; lease: LeaseContext; reporter: J...' is not assignable to type 'JobExecutor'.
  Type 'Promise<{ responseMessageId: string | null; }>' is not assignable to type 'Promise<JobResult>'.
    Type '{ responseMessageId: string | null; }' has no properties in common with type 'JobResult'.
server/services/jobExecutorRegistry.ts(548,3): error TS2322: Type '({ reporter, lease }: { context: { jobId: string; tenantId: string; requestedByUserId: number | null; jobType: string; executionClass: string; contractVersion: string; input: Record<string, unknown>; instructions: Record<...>; ... 10 more ...; statusReason: string | null; }; lease: LeaseContext; reporter: JobReporte...' is not assignable to type 'JobExecutor'.
  Type 'Promise<WorkerHeartbeatRetentionResult>' is not assignable to type 'Promise<JobResult>'.
    Type 'WorkerHeartbeatRetentionResult' has no properties in common with type 'JobResult'.
server/services/jobExecutorRegistry.ts(906,9): error TS2345: Argument of type 'unknown' is not assignable to parameter of type 'string'.
server/services/jobExecutorRegistry.ts(939,9): error TS2345: Argument of type 'unknown' is not assignable to parameter of type 'string'.
server/services/jobExecutorRegistry.ts(973,9): error TS2345: Argument of type 'unknown' is not assignable to parameter of type 'string'.
server/services/jobExecutorRegistry.ts(1269,3): error TS2322: Type '({ lease, reporter }: { context: { jobId: string; tenantId: string; requestedByUserId: number | null; jobType: string; executionClass: string; contractVersion: string; input: Record<string, unknown>; instructions: Record<...>; ... 10 more ...; statusReason: string | null; }; lease: LeaseContext; reporter: JobReporte...' is not assignable to type 'JobExecutor'.
  Type 'Promise<{ inspected: number; completed: number; expired: number; cleaned: number; busy: number; failed: number; }>' is not assignable to type 'Promise<JobResult>'.
    Type '{ inspected: number; completed: number; expired: number; cleaned: number; busy: number; failed: number; }' has no properties in common with type 'JobResult'.
server/services/jobReconciler.ts(173,13): error TS7006: Parameter 'row' implicitly has an 'any' type.
server/services/jobReconciler.ts(174,10): error TS7006: Parameter 'row' implicitly has an 'any' type.
server/services/jobReconciler.ts(175,14): error TS7006: Parameter 'value' implicitly has an 'any' type.
server/services/jobReconciler.ts(181,58): error TS7006: Parameter 'row' implicitly has an 'any' type.
server/services/jobReconciler.ts(217,11): error TS2353: Object literal may only specify known properties, and 'operatorReviewRequired' does not exist in type '{ jobId: string; action: string; reasonCode: string; explanation: string; evidence?: Record<string, unknown> | undefined; }'.
server/services/jobReconciler.ts(245,11): error TS2353: Object literal may only specify known properties, and 'operatorReviewRequired' does not exist in type '{ jobId: string; action: string; reasonCode: string; explanation: string; evidence?: Record<string, unknown> | undefined; }'.
server/services/jobReconciler.ts(292,11): error TS2353: Object literal may only specify known properties, and 'operatorReviewRequired' does not exist in type '{ jobId: string; action: string; reasonCode: string; explanation: string; evidence?: Record<string, unknown> | undefined; }'.
server/services/jobReconciler.ts(304,7): error TS2322: Type '{} | null' is not assignable to type 'string | null'.
  Type '{}' is not assignable to type 'string'.
server/services/jobReconciler.ts(420,43): error TS2345: Argument of type '{ approvalRef: any; tenantId: any; jobId: any; operationId: any; deliveryId: any; payloadDigest: any; receipt: { deliveryId: any; payloadDigest: any; result: any; acknowledgedAt: string; }; }' is not assignable to parameter of type 'ApprovalLookupScope & { approvalRef: string; deliveryId: string; payloadDigest: string; leaseOwner: string; leaseEpoch: number; receipt: Record<string, unknown>; }'.
  Type '{ approvalRef: any; tenantId: any; jobId: any; operationId: any; deliveryId: any; payloadDigest: any; receipt: { deliveryId: any; payloadDigest: any; result: any; acknowledgedAt: string; }; }' is missing the following properties from type '{ approvalRef: string; deliveryId: string; payloadDigest: string; leaseOwner: string; leaseEpoch: number; receipt: Record<string, unknown>; }': leaseOwner, leaseEpoch
server/services/llmRoutesHandler.ts(205,39): error TS2339: Property 'execution' does not exist on type 'PolicyRoutedInferenceResult'.
  Property 'execution' does not exist on type '{ status: "not_executable"; planning: { status: "planning_blocked"; reason: "SOURCE_UNAVAILABLE" | "AUTHORITY_INVALID"; } | { status: "no_route"; reason: "consent_required" | "no_eligible_route" | "invalid_authority"; } | { ...; } | { ...; } | { ...; }; }'.
server/services/llmRoutesHandler.ts(211,44): error TS2339: Property 'planning' does not exist on type 'PolicyRoutedInferenceResult'.
  Property 'planning' does not exist on type '{ status: "not_executable"; reason: "INVALID_CALL_CONTEXT" | "INCOMPLETE_WORKER_JOB_OWNERSHIP"; }'.
server/services/llmRoutesHandler.ts(212,41): error TS2339: Property 'planning' does not exist on type 'PolicyRoutedInferenceResult'.
  Property 'planning' does not exist on type '{ status: "not_executable"; reason: "INVALID_CALL_CONTEXT" | "INCOMPLETE_WORKER_JOB_OWNERSHIP"; }'.
server/services/llmRoutesHandler.ts(474,32): error TS2339: Property 'execution' does not exist on type 'PolicyRoutedInferenceResult'.
  Property 'execution' does not exist on type '{ status: "not_executable"; planning: { status: "planning_blocked"; reason: "SOURCE_UNAVAILABLE" | "AUTHORITY_INVALID"; } | { status: "no_route"; reason: "consent_required" | "no_eligible_route" | "invalid_authority"; } | { ...; } | { ...; } | { ...; }; }'.
server/services/llmRoutesHandler.ts(475,41): error TS2339: Property 'execution' does not exist on type 'PolicyRoutedInferenceResult'.
  Property 'execution' does not exist on type '{ status: "not_executable"; planning: { status: "planning_blocked"; reason: "SOURCE_UNAVAILABLE" | "AUTHORITY_INVALID"; } | { status: "no_route"; reason: "consent_required" | "no_eligible_route" | "invalid_authority"; } | { ...; } | { ...; } | { ...; }; }'.
server/services/llmRoutesHandler.ts(524,42): error TS2339: Property 'planning' does not exist on type 'PolicyRoutedInferenceResult'.
  Property 'planning' does not exist on type '{ status: "not_executable"; reason: "INVALID_CALL_CONTEXT" | "INCOMPLETE_WORKER_JOB_OWNERSHIP"; }'.
server/services/llmRoutesHandler.ts(525,39): error TS2339: Property 'planning' does not exist on type 'PolicyRoutedInferenceResult'.
  Property 'planning' does not exist on type '{ status: "not_executable"; reason: "INVALID_CALL_CONTEXT" | "INCOMPLETE_WORKER_JOB_OWNERSHIP"; }'.
server/services/llmRoutesHandler.ts(544,32): error TS2339: Property 'execution' does not exist on type 'PolicyRoutedInferenceResult'.
  Property 'execution' does not exist on type '{ status: "not_executable"; planning: { status: "planning_blocked"; reason: "SOURCE_UNAVAILABLE" | "AUTHORITY_INVALID"; } | { status: "no_route"; reason: "consent_required" | "no_eligible_route" | "invalid_authority"; } | { ...; } | { ...; } | { ...; }; }'.
server/services/llmRoutesHandler.ts(544,115): error TS2339: Property 'execution' does not exist on type 'PolicyRoutedInferenceResult'.
  Property 'execution' does not exist on type '{ status: "not_executable"; planning: { status: "planning_blocked"; reason: "SOURCE_UNAVAILABLE" | "AUTHORITY_INVALID"; } | { status: "no_route"; reason: "consent_required" | "no_eligible_route" | "invalid_authority"; } | { ...; } | { ...; } | { ...; }; }'.
server/services/llmRoutesHandler.ts(548,36): error TS2339: Property 'execution' does not exist on type 'PolicyRoutedInferenceResult'.
  Property 'execution' does not exist on type '{ status: "not_executable"; planning: { status: "planning_blocked"; reason: "SOURCE_UNAVAILABLE" | "AUTHORITY_INVALID"; } | { status: "no_route"; reason: "consent_required" | "no_eligible_route" | "invalid_authority"; } | { ...; } | { ...; } | { ...; }; }'.
server/services/llmRoutesHandler.ts(549,40): error TS2339: Property 'execution' does not exist on type 'PolicyRoutedInferenceResult'.
  Property 'execution' does not exist on type '{ status: "not_executable"; planning: { status: "planning_blocked"; reason: "SOURCE_UNAVAILABLE" | "AUTHORITY_INVALID"; } | { status: "no_route"; reason: "consent_required" | "no_eligible_route" | "invalid_authority"; } | { ...; } | { ...; } | { ...; }; }'.
server/services/llmRoutesHandler.ts(551,32): error TS2339: Property 'execution' does not exist on type 'PolicyRoutedInferenceResult'.
  Property 'execution' does not exist on type '{ status: "not_executable"; planning: { status: "planning_blocked"; reason: "SOURCE_UNAVAILABLE" | "AUTHORITY_INVALID"; } | { status: "no_route"; reason: "consent_required" | "no_eligible_route" | "invalid_authority"; } | { ...; } | { ...; } | { ...; }; }'.
server/services/llmRoutesHandler.ts(556,36): error TS2339: Property 'execution' does not exist on type 'PolicyRoutedInferenceResult'.
  Property 'execution' does not exist on type '{ status: "not_executable"; planning: { status: "planning_blocked"; reason: "SOURCE_UNAVAILABLE" | "AUTHORITY_INVALID"; } | { status: "no_route"; reason: "consent_required" | "no_eligible_route" | "invalid_authority"; } | { ...; } | { ...; } | { ...; }; }'.
server/services/llmRoutesHandler.ts(557,40): error TS2339: Property 'execution' does not exist on type 'PolicyRoutedInferenceResult'.
  Property 'execution' does not exist on type '{ status: "not_executable"; planning: { status: "planning_blocked"; reason: "SOURCE_UNAVAILABLE" | "AUTHORITY_INVALID"; } | { status: "no_route"; reason: "consent_required" | "no_eligible_route" | "invalid_authority"; } | { ...; } | { ...; } | { ...; }; }'.
server/services/llmRoutesHandler.ts(560,130): error TS2339: Property 'execution' does not exist on type 'PolicyRoutedInferenceResult'.
  Property 'execution' does not exist on type '{ status: "not_executable"; planning: { status: "planning_blocked"; reason: "SOURCE_UNAVAILABLE" | "AUTHORITY_INVALID"; } | { status: "no_route"; reason: "consent_required" | "no_eligible_route" | "invalid_authority"; } | { ...; } | { ...; } | { ...; }; }'.
server/services/llmRoutesHandler.ts(560,174): error TS2339: Property 'execution' does not exist on type 'PolicyRoutedInferenceResult'.
  Property 'execution' does not exist on type '{ status: "not_executable"; planning: { status: "planning_blocked"; reason: "SOURCE_UNAVAILABLE" | "AUTHORITY_INVALID"; } | { status: "no_route"; reason: "consent_required" | "no_eligible_route" | "invalid_authority"; } | { ...; } | { ...; } | { ...; }; }'.
server/services/marketplaceAutoReviewService.ts(14417,62): error TS2339: Property 'from' does not exist on type '{ type: "worker_job"; jobId: string; providerName: "worker_app"; } | { type: "fallback_required"; from: ProviderCandidate; to: ProviderCandidate; estimatedCredits: number; }'.
  Property 'from' does not exist on type '{ type: "worker_job"; jobId: string; providerName: "worker_app"; }'.
server/services/marketplaceAutoReviewService.ts(14417,96): error TS2339: Property 'to' does not exist on type '{ type: "worker_job"; jobId: string; providerName: "worker_app"; } | { type: "fallback_required"; from: ProviderCandidate; to: ProviderCandidate; estimatedCredits: number; }'.
  Property 'to' does not exist on type '{ type: "worker_job"; jobId: string; providerName: "worker_app"; }'.
server/services/marketplaceAutoReviewService.ts(23760,28): error TS2345: Argument of type '{ userId: number; tenantId?: string | null | undefined; }' is not assignable to parameter of type 'AuthContext'.
  Types of property 'tenantId' are incompatible.
    Type 'string | null | undefined' is not assignable to type 'string | undefined'.
      Type 'null' is not assignable to type 'string | undefined'.
server/services/marketplaceAutoReviewService.ts(23776,28): error TS2345: Argument of type '{ userId: number; tenantId?: string | null | undefined; }' is not assignable to parameter of type 'AuthContext'.
  Types of property 'tenantId' are incompatible.
    Type 'string | null | undefined' is not assignable to type 'string | undefined'.
      Type 'null' is not assignable to type 'string | undefined'.
server/services/marketplaceAutoReviewService.ts(32928,9): error TS2322: Type 'string | undefined' is not assignable to type 'string'.
  Type 'undefined' is not assignable to type 'string'.
server/services/mcpPostgresState.ts(32,3): error TS2322: Type '{} | null' is not assignable to type 'McpToolSession | null'.
  Type '{}' is missing the following properties from type 'McpToolSession': state, authMode, tenantId, userId, and 3 more.
server/services/mcpPostgresState.ts(91,3): error TS2322: Type '{} | null' is not assignable to type 'Record<string, unknown> | null'.
  Type '{}' is not assignable to type 'Record<string, unknown>'.
    Index signature for type 'string' is missing in type '{}'.
server/services/mediaAssetService.ts(75,20): error TS2367: This comparison appears to be unintentional because the types '"audio" | "video"' and '"image"' have no overlap.
server/services/mediaAssetService.ts(202,7): error TS18047: 'dataMediaMatch' is possibly 'null'.
server/services/orcaAdmissionService.ts(111,5): error TS2345: Argument of type '{ decision: string; reasonCode: string; intent: EconomicIntent; reservation: EconomicHoldState; }' is not assignable to parameter of type 'OrcaAdmissionResult'.
  Types of property 'decision' are incompatible.
    Type 'string' is not assignable to type '"approved" | "approval_required"'.
server/services/orcaAdmissionService.ts(113,3): error TS2322: Type '{ decision: string; reasonCode: string; intent: EconomicIntent; reservation: EconomicHoldState; }' is not assignable to type 'OrcaAdmissionResult'.
  Types of property 'decision' are incompatible.
    Type 'string' is not assignable to type '"approved" | "approval_required"'.
server/services/platformOperations.ts(223,43): error TS7006: Parameter 'row' implicitly has an 'any' type.
server/services/postgresCreditReservationStore.ts(16,3): error TS2739: Type 'Record<string, unknown>' is missing the following properties from type 'StoredReservation': payload, status
server/services/postgresCreditReservationStore.ts(26,24): error TS2322: Type 'unknown' is not assignable to type 'ReservationStatus'.
server/services/postgresCreditReservationStore.ts(26,50): error TS2322: Type 'unknown' is not assignable to type 'Date'.
server/services/postgresCreditReservationStore.ts(94,3): error TS2322: Type 'unknown' is not assignable to type 'Record<string, unknown> | null'.
server/services/postgresEphemeralStore.ts(14,3): error TS2322: Type '{} | null' is not assignable to type 'T | null'.
  Type '{}' is not assignable to type 'T'.
    'T' could be instantiated with an arbitrary type which could be unrelated to '{}'.
server/services/postgresEphemeralStore.ts(31,3): error TS2322: Type 'unknown[]' is not assignable to type 'T[]'.
  Type 'unknown' is not assignable to type 'T'.
    'T' could be instantiated with an arbitrary type which could be unrelated to 'unknown'.
server/services/postgresEphemeralStore.ts(71,18): error TS2322: Type 'unknown' is not assignable to type 'T'.
  'T' could be instantiated with an arbitrary type which could be unrelated to 'unknown'.
server/services/postgresEphemeralStore.ts(71,36): error TS2322: Type 'unknown' is not assignable to type 'number'.
server/services/postgresIdempotencyStore.ts(42,46): error TS2322: Type 'unknown' is not assignable to type 'string'.
server/services/postgresIdempotencyStore.ts(49,78): error TS2739: Type '{}' is missing the following properties from type 'IdempotencyResponse': statusCode, body
server/services/postgresProviderSchedulerRepository.ts(359,85): error TS2345: Argument of type 'string | null' is not assignable to parameter of type 'string'.
  Type 'null' is not assignable to type 'string'.
server/services/postgresRateLimitStore.ts(46,56): error TS2769: No overload matches this call.
  Overload 1 of 4, '(value: string | number | Date): Date', gave the following error.
    Argument of type '{}' is not assignable to parameter of type 'string | number | Date'.
  Overload 2 of 4, '(value: string | number): Date', gave the following error.
    Argument of type '{}' is not assignable to parameter of type 'string | number'.
server/services/postgresRateLimitStore.ts(95,3): error TS2322: Type '{ namespace: unknown; count: number; }[]' is not assignable to type '{ namespace: string; count: number; }[]'.
  Type '{ namespace: unknown; count: number; }' is not assignable to type '{ namespace: string; count: number; }'.
    Types of property 'namespace' are incompatible.
      Type 'unknown' is not assignable to type 'string'.
server/services/postgresRateLimitStore.ts(107,47): error TS2769: No overload matches this call.
  Overload 1 of 4, '(value: string | number | Date): Date', gave the following error.
    Argument of type '{}' is not assignable to parameter of type 'string | number | Date'.
  Overload 2 of 4, '(value: string | number): Date', gave the following error.
    Argument of type '{}' is not assignable to parameter of type 'string | number'.
server/services/postgresRateLimitStore.ts(149,3): error TS2322: Type 'unknown[]' is not assignable to type 'string[]'.
  Type 'unknown' is not assignable to type 'string'.
server/services/postgresVoiceSessionStore.ts(56,3): error TS2322: Type '{} | null' is not assignable to type 'VoiceSessionToken | null'.
  Type '{}' is missing the following properties from type 'VoiceSessionToken': userId, tenantId
server/services/presentationArticleGenerator.ts(3519,33): error TS2339: Property 'jobId' does not exist on type 'SkillExecutionResult'.
server/services/presentationArticleGenerator.ts(3522,40): error TS2339: Property 'jobId' does not exist on type 'SkillExecutionResult'.
server/services/presentationArticleGenerator.ts(3526,49): error TS2554: Expected 0 arguments, but got 1.
server/services/presentationArticleGenerator.ts(3552,17): error TS18046: 'error' is of type 'unknown'.
server/services/presentationArticleGenerator.ts(3553,20): error TS18046: 'error' is of type 'unknown'.
server/services/presentationArticleGenerator.ts(3554,18): error TS18046: 'error' is of type 'unknown'.
server/services/presentationArticleGenerator.ts(3560,62): error TS18046: 'error' is of type 'unknown'.
server/services/presentationArticleGenerator.ts(3561,15): error TS18046: 'error' is of type 'unknown'.
server/services/presentationArticleGenerator.ts(3580,13): error TS2322: Type 'string | null' is not assignable to type 'string'.
  Type 'null' is not assignable to type 'string'.
server/services/presentationArticleGenerator.ts(3586,62): error TS18046: 'error' is of type 'unknown'.
server/services/presentationArticleGenerator.ts(3587,15): error TS18046: 'error' is of type 'unknown'.
server/services/productReferenceStoryboardSkillRunner.ts(1632,52): error TS2339: Property 'from' does not exist on type '{ type: "worker_job"; jobId: string; providerName: "worker_app"; } | { type: "fallback_required"; from: ProviderCandidate; to: ProviderCandidate; estimatedCredits: number; }'.
  Property 'from' does not exist on type '{ type: "worker_job"; jobId: string; providerName: "worker_app"; }'.
server/services/productReferenceStoryboardSkillRunner.ts(1632,83): error TS2339: Property 'to' does not exist on type '{ type: "worker_job"; jobId: string; providerName: "worker_app"; } | { type: "fallback_required"; from: ProviderCandidate; to: ProviderCandidate; estimatedCredits: number; }'.
  Property 'to' does not exist on type '{ type: "worker_job"; jobId: string; providerName: "worker_app"; }'.
server/services/productReferenceStoryboardSkillRunner.ts(1952,60): error TS2339: Property 'from' does not exist on type '{ type: "worker_job"; jobId: string; providerName: "worker_app"; } | { type: "fallback_required"; from: ProviderCandidate; to: ProviderCandidate; estimatedCredits: number; }'.
  Property 'from' does not exist on type '{ type: "worker_job"; jobId: string; providerName: "worker_app"; }'.
server/services/productReferenceStoryboardSkillRunner.ts(1952,94): error TS2339: Property 'to' does not exist on type '{ type: "worker_job"; jobId: string; providerName: "worker_app"; } | { type: "fallback_required"; from: ProviderCandidate; to: ProviderCandidate; estimatedCredits: number; }'.
  Property 'to' does not exist on type '{ type: "worker_job"; jobId: string; providerName: "worker_app"; }'.
server/services/productReviewSequentialStoryboardSkillRunner.ts(2143,60): error TS2339: Property 'from' does not exist on type '{ type: "worker_job"; jobId: string; providerName: "worker_app"; } | { type: "fallback_required"; from: ProviderCandidate; to: ProviderCandidate; estimatedCredits: number; }'.
  Property 'from' does not exist on type '{ type: "worker_job"; jobId: string; providerName: "worker_app"; }'.
server/services/productReviewSequentialStoryboardSkillRunner.ts(2143,94): error TS2339: Property 'to' does not exist on type '{ type: "worker_job"; jobId: string; providerName: "worker_app"; } | { type: "fallback_required"; from: ProviderCandidate; to: ProviderCandidate; estimatedCredits: number; }'.
  Property 'to' does not exist on type '{ type: "worker_job"; jobId: string; providerName: "worker_app"; }'.
server/services/productReviewSequentialStoryboardSkillRunner.ts(3297,64): error TS2339: Property 'from' does not exist on type '{ type: "worker_job"; jobId: string; providerName: "worker_app"; } | { type: "fallback_required"; from: ProviderCandidate; to: ProviderCandidate; estimatedCredits: number; }'.
  Property 'from' does not exist on type '{ type: "worker_job"; jobId: string; providerName: "worker_app"; }'.
server/services/productReviewSequentialStoryboardSkillRunner.ts(3297,98): error TS2339: Property 'to' does not exist on type '{ type: "worker_job"; jobId: string; providerName: "worker_app"; } | { type: "fallback_required"; from: ProviderCandidate; to: ProviderCandidate; estimatedCredits: number; }'.
  Property 'to' does not exist on type '{ type: "worker_job"; jobId: string; providerName: "worker_app"; }'.
server/services/providerSchedulerService.ts(142,36): error TS2339: Property 'businessAttempt' does not exist on type 'FairnessCandidate'.
server/services/providerSchedulerService.ts(144,37): error TS2339: Property 'logicalOperation' does not exist on type 'FairnessCandidate'.
server/services/providerSchedulerService.ts(147,9): error TS2322: Type 'FairnessCandidate' is not assignable to type 'ProviderQueueCandidate'.
  Type 'FairnessCandidate' is missing the following properties from type '{ tenantId: string; businessAttempt: number; provider: string; providerPoolKey: string; logicalOperation: string; }': tenantId, businessAttempt, provider, providerPoolKey, logicalOperation
server/services/providerSchedulerService.ts(163,49): error TS2322: Type 'FairnessCandidate' is not assignable to type 'ProviderQueueCandidate'.
  Type 'FairnessCandidate' is missing the following properties from type '{ tenantId: string; businessAttempt: number; provider: string; providerPoolKey: string; logicalOperation: string; }': tenantId, businessAttempt, provider, providerPoolKey, logicalOperation
server/services/providerSchedulerService.ts(175,51): error TS2322: Type 'FairnessCandidate' is not assignable to type 'ProviderQueueCandidate'.
  Type 'FairnessCandidate' is missing the following properties from type '{ tenantId: string; businessAttempt: number; provider: string; providerPoolKey: string; logicalOperation: string; }': tenantId, businessAttempt, provider, providerPoolKey, logicalOperation
server/services/remotionPostPassArgs.ts(139,31): error TS7006: Parameter 'code' implicitly has an 'any' type.
server/services/remotionPostPassArgs.ts(139,37): error TS7006: Parameter 'index' implicitly has an 'any' type.
server/services/remotionRuntimeAdapter.ts(56,45): error TS2307: Cannot find module '@smartspec/remotion-render/render-video-job' or its corresponding type declarations.
server/services/runnerAuthService.ts(721,34): error TS2339: Property 'runnerSessionId' does not exist on type 'TokenClaims'.
server/services/runnerAuthService.ts(722,21): error TS2339: Property 'runnerSessionId' does not exist on type 'TokenClaims'.
server/services/runnerCancellationCommand.ts(6,8): error TS2459: Module '"./runnerJobCommandContracts"' declares 'RunnerJobCommand' locally, but it is not exported.
server/services/runnerExecutionAuthorityGrantService.ts(151,5): error TS18048: 'input.session.authorityEpoch' is possibly 'undefined'.
server/services/runnerExecutionAuthorityGrantService.ts(152,5): error TS18048: 'input.session.placementEpoch' is possibly 'undefined'.
server/services/runnerExecutionAuthorityGrantService.ts(168,5): error TS2322: Type 'number | undefined' is not assignable to type 'number'.
  Type 'undefined' is not assignable to type 'number'.
server/services/runnerExecutionAuthorityGrantService.ts(169,5): error TS2322: Type 'number | undefined' is not assignable to type 'number'.
  Type 'undefined' is not assignable to type 'number'.
server/services/runnerJobCommandClient.ts(8,8): error TS2459: Module '"./runnerJobCommandContracts"' declares 'RunnerJobCommand' locally, but it is not exported.
server/services/skillExecutor.ts(325,4): error TS2304: Cannot find name 'PythonSkillPaths'.
server/services/skillJobExecutor.ts(70,19): error TS2352: Conversion of type 'SkillDefinition' to type '{ knowledgebase: string; }' may be a mistake because neither type sufficiently overlaps with the other. If this was intentional, convert the expression to 'unknown' first.
  Property 'knowledgebase' is missing in type 'SkillDefinition' but required in type '{ knowledgebase: string; }'.
server/services/skillStudioService.ts(896,12): error TS7006: Parameter 'result' implicitly has an 'any' type.
server/services/skillStudioService.ts(1015,5): error TS2554: Expected 4-5 arguments, but got 6.
server/services/spec224ApprovalContinuation.ts(260,39): error TS2339: Property 'leaseOwner' does not exist on type '{ event?: Record<string, unknown> | undefined; canonicalPayload?: string | undefined; payloadDigest?: string | undefined; state?: string | undefined; receipt?: Record<string, unknown> | null | undefined; }'.
server/services/spec224ApprovalContinuation.ts(260,74): error TS2339: Property 'leaseOwner' does not exist on type '{ event?: Record<string, unknown> | undefined; canonicalPayload?: string | undefined; payloadDigest?: string | undefined; state?: string | undefined; receipt?: Record<string, unknown> | null | undefined; }'.
server/services/spec224ApprovalContinuation.ts(261,53): error TS2339: Property 'leaseEpoch' does not exist on type '{ event?: Record<string, unknown> | undefined; canonicalPayload?: string | undefined; payloadDigest?: string | undefined; state?: string | undefined; receipt?: Record<string, unknown> | null | undefined; }'.
server/services/spec224ApprovalContinuation.ts(261,83): error TS2339: Property 'leaseEpoch' does not exist on type '{ event?: Record<string, unknown> | undefined; canonicalPayload?: string | undefined; payloadDigest?: string | undefined; state?: string | undefined; receipt?: Record<string, unknown> | null | undefined; }'.
server/services/spec224ApprovalContinuation.ts(262,43): error TS2339: Property 'leaseExpiresAt' does not exist on type '{ event?: Record<string, unknown> | undefined; canonicalPayload?: string | undefined; payloadDigest?: string | undefined; state?: string | undefined; receipt?: Record<string, unknown> | null | undefined; }'.
server/services/spec224ApprovalContinuation.ts(262,82): error TS2339: Property 'leaseExpiresAt' does not exist on type '{ event?: Record<string, unknown> | undefined; canonicalPayload?: string | undefined; payloadDigest?: string | undefined; state?: string | undefined; receipt?: Record<string, unknown> | null | undefined; }'.
server/services/spec224ApprovalContinuation.ts(442,11): error TS2322: Type 'number | undefined' is not assignable to type 'number'.
  Type 'undefined' is not assignable to type 'number'.
server/services/spec224ApprovalContinuation.ts(534,11): error TS2322: Type 'number | null | undefined' is not assignable to type 'number'.
  Type 'undefined' is not assignable to type 'number'.
server/services/spec224ApprovalContinuation.ts(590,9): error TS2322: Type 'number | undefined' is not assignable to type 'number'.
  Type 'undefined' is not assignable to type 'number'.
server/services/spec224AuthorizationService.ts(284,21): error TS7006: Parameter 'candidate' implicitly has an 'any' type.
server/services/spec224AuthorizationService.ts(423,5): error TS2741: Property 'createdAt' is missing in type '{ intentId: `${string}-${string}-${string}-${string}-${string}`; tenantId: string; actorId: string; actorType: "user"; jobId: string; attemptId: string; idempotencyKey: string; effectType: "provider_charge"; resourceRef: string; amount: { ...; }; policyVersion: string; }' but required in type 'EconomicIntent'.
server/services/spec224AuthorizationService.ts(687,9): error TS2345: Argument of type '{ readonly instance: PostgresJsDatabase<Record<string, unknown>> & { $client: postgres.Sql<{}>; }; select: (...args: any[]) => any; insert: (table: PgTable<TableConfig>) => PgInsertBuilder<...>; update: (table: PgTable<...>) => PgUpdateBuilder<...>; delete: (table: PgTable<...>) => PgDeleteBase<...>; transaction: <T...' is not assignable to parameter of type 'PostgresJsDatabase<Record<string, unknown>> & { $client: Sql<{}>; }'.
  Type '{ readonly instance: PostgresJsDatabase<Record<string, unknown>> & { $client: Sql<{}>; }; select: (...args: any[]) => any; insert: (table: PgTable<TableConfig>) => PgInsertBuilder<...>; update: (table: PgTable<...>) => PgUpdateBuilder<...>; delete: (table: PgTable<...>) => PgDeleteBase<...>; transaction: <T>(fn: (tx...' is missing the following properties from type 'PostgresJsDatabase<Record<string, unknown>>': _, query, $with, $count, and 6 more.
server/services/spec224AuthorizationService.ts(779,33): error TS2345: Argument of type '{ readonly instance: PostgresJsDatabase<Record<string, unknown>> & { $client: postgres.Sql<{}>; }; select: (...args: any[]) => any; insert: (table: PgTable<TableConfig>) => PgInsertBuilder<...>; update: (table: PgTable<...>) => PgUpdateBuilder<...>; delete: (table: PgTable<...>) => PgDeleteBase<...>; transaction: <T...' is not assignable to parameter of type 'PostgresJsDatabase<Record<string, unknown>> & { $client: Sql<{}>; }'.
  Type '{ readonly instance: PostgresJsDatabase<Record<string, unknown>> & { $client: Sql<{}>; }; select: (...args: any[]) => any; insert: (table: PgTable<TableConfig>) => PgInsertBuilder<...>; update: (table: PgTable<...>) => PgUpdateBuilder<...>; delete: (table: PgTable<...>) => PgDeleteBase<...>; transaction: <T>(fn: (tx...' is missing the following properties from type 'PostgresJsDatabase<Record<string, unknown>>': _, query, $with, $count, and 6 more.
server/services/spec224AuthorizationService.ts(846,9): error TS2339: Property 'releaseAuthorizationHold' does not exist on type '{ getContext(jobId: string, scope?: JobMutationScope | undefined): Promise<{ jobId: string; tenantId: string; requestedByUserId: number | null; jobType: string; executionClass: string; ... 13 more ...; statusReason: string | null; } | null>; ... 40 more ...; assertActive(lease: LeaseContext): Promise<...>; }'.
server/services/spec224DevelopmentRunContracts.ts(551,33): error TS2353: Object literal may only specify known properties, and 'run' does not exist in type '{ jobRef: JobRef; manifest: AgentTaskManifest; definition: JobDefinition; }'.
server/services/spec224DevelopmentRunPersistence.ts(1361,26): error TS7006: Parameter 'work' implicitly has an 'any' type.
server/services/spec224PhaseController.ts(276,22): error TS2339: Property 'created' does not exist on type 'never'.
server/services/spec224PhaseController.ts(279,21): error TS2339: Property 'jobId' does not exist on type 'never'.
server/services/spec224RecoveryGrantBinding.ts(543,3): error TS2322: Type '{ grantId: string; scopeDigest: string | null; grantVersion: number | null; replayed: true; } | { grantId: string; scopeDigest: string | null; grantVersion: number | null; replayed: false; }' is not assignable to type '{ grantId: string; scopeDigest: string; grantVersion: number; replayed: boolean; }'.
  Type '{ grantId: string; scopeDigest: string | null; grantVersion: number | null; replayed: true; }' is not assignable to type '{ grantId: string; scopeDigest: string; grantVersion: number; replayed: boolean; }'.
    Types of property 'scopeDigest' are incompatible.
      Type 'string | null' is not assignable to type 'string'.
        Type 'null' is not assignable to type 'string'.
server/services/spec224RemoteBundleStorage.ts(15,3): error TS2305: Module '"../storage"' has no exported member 'storageHeadContentAddressedWithClient'.
server/services/spec224RemoteBundleStorage.ts(16,3): error TS2305: Module '"../storage"' has no exported member 'storagePutContentAddressedIfAbsentWithClient'.
server/services/spec224RemoteBundleStorage.ts(17,3): error TS2305: Module '"../storage"' has no exported member 'storageReadBufferWithClient'.
server/services/spec224RuntimeAdmission.ts(858,38): error TS2345: Argument of type '(tx: DrizzleDB) => Promise<void>' is not assignable to parameter of type '(tx: PgTransaction<PostgresJsQueryResultHKT, Record<string, unknown>, ExtractTablesWithRelations<Record<string, unknown>>>) => Promise<...>'.
  Types of parameters 'tx' and 'tx' are incompatible.
    Type 'PgTransaction<PostgresJsQueryResultHKT, Record<string, unknown>, ExtractTablesWithRelations<Record<string, unknown>>>' is not assignable to type 'PostgresJsDatabase<Record<string, unknown>> & { $client: Sql<{}>; }'.
      Property '$client' is missing in type 'PgTransaction<PostgresJsQueryResultHKT, Record<string, unknown>, ExtractTablesWithRelations<Record<string, unknown>>>' but required in type '{ $client: Sql<{}>; }'.
server/services/spec224RuntimeAdmission.ts(969,48): error TS2345: Argument of type 'PgTransaction<PostgresJsQueryResultHKT, Record<string, unknown>, ExtractTablesWithRelations<Record<string, unknown>>>' is not assignable to parameter of type 'PostgresJsDatabase<Record<string, unknown>> & { $client: Sql<{}>; }'.
  Property '$client' is missing in type 'PgTransaction<PostgresJsQueryResultHKT, Record<string, unknown>, ExtractTablesWithRelations<Record<string, unknown>>>' but required in type '{ $client: Sql<{}>; }'.
server/services/spec224RuntimeAdmission.ts(973,77): error TS2345: Argument of type 'PgTransaction<PostgresJsQueryResultHKT, Record<string, unknown>, ExtractTablesWithRelations<Record<string, unknown>>>' is not assignable to parameter of type 'PostgresJsDatabase<Record<string, unknown>> & { $client: Sql<{}>; }'.
  Property '$client' is missing in type 'PgTransaction<PostgresJsQueryResultHKT, Record<string, unknown>, ExtractTablesWithRelations<Record<string, unknown>>>' but required in type '{ $client: Sql<{}>; }'.
server/services/spec224RuntimeAdmission.ts(982,13): error TS2322: Type 'PgTransaction<PostgresJsQueryResultHKT, Record<string, unknown>, ExtractTablesWithRelations<Record<string, unknown>>>' is not assignable to type 'PostgresJsDatabase<Record<string, unknown>> & { $client: Sql<{}>; }'.
  Property '$client' is missing in type 'PgTransaction<PostgresJsQueryResultHKT, Record<string, unknown>, ExtractTablesWithRelations<Record<string, unknown>>>' but required in type '{ $client: Sql<{}>; }'.
server/services/spec224RuntimeAdmission.ts(986,54): error TS2345: Argument of type 'PgTransaction<PostgresJsQueryResultHKT, Record<string, unknown>, ExtractTablesWithRelations<Record<string, unknown>>>' is not assignable to parameter of type 'PostgresJsDatabase<Record<string, unknown>> & { $client: Sql<{}>; }'.
  Property '$client' is missing in type 'PgTransaction<PostgresJsQueryResultHKT, Record<string, unknown>, ExtractTablesWithRelations<Record<string, unknown>>>' but required in type '{ $client: Sql<{}>; }'.
server/services/spec224RuntimeAdmission.ts(1026,5): error TS2322: Type '{ outcome: "DENIED"; reason: Spec224AdmissionDenialReason; operationId?: undefined; eventIdempotencyKey?: undefined; authorizedCommandId?: undefined; eventSequence?: undefined; } | { ...; } | { ...; }' is not assignable to type 'Spec224ProtectedExecutionStartResult'.
  Type '{ outcome: "ALREADY_STARTED"; operationId: string; eventIdempotencyKey: string; authorizedCommandId: unknown; eventSequence: number; reason?: undefined; }' is not assignable to type 'Spec224ProtectedExecutionStartResult'.
    Type '{ outcome: "ALREADY_STARTED"; operationId: string; eventIdempotencyKey: string; authorizedCommandId: unknown; eventSequence: number; reason?: undefined; }' is not assignable to type '{ outcome: "STARTED" | "ALREADY_STARTED"; operationId: string; eventIdempotencyKey: string; authorizedCommandId: string; eventSequence: number; }'.
      Types of property 'authorizedCommandId' are incompatible.
        Type 'unknown' is not assignable to type 'string'.
server/services/spec224RuntimeAdmission.ts(1027,46): error TS2345: Argument of type 'PgTransaction<PostgresJsQueryResultHKT, Record<string, unknown>, ExtractTablesWithRelations<Record<string, unknown>>>' is not assignable to parameter of type 'PostgresJsDatabase<Record<string, unknown>> & { $client: Sql<{}>; }'.
  Property '$client' is missing in type 'PgTransaction<PostgresJsQueryResultHKT, Record<string, unknown>, ExtractTablesWithRelations<Record<string, unknown>>>' but required in type '{ $client: Sql<{}>; }'.
server/services/spec224RuntimeAdmission.ts(1032,73): error TS2345: Argument of type 'PgTransaction<PostgresJsQueryResultHKT, Record<string, unknown>, ExtractTablesWithRelations<Record<string, unknown>>>' is not assignable to parameter of type 'PostgresJsDatabase<Record<string, unknown>> & { $client: Sql<{}>; }'.
  Property '$client' is missing in type 'PgTransaction<PostgresJsQueryResultHKT, Record<string, unknown>, ExtractTablesWithRelations<Record<string, unknown>>>' but required in type '{ $client: Sql<{}>; }'.
server/services/spec224RuntimeAdmission.ts(1045,69): error TS2345: Argument of type 'PgTransaction<PostgresJsQueryResultHKT, Record<string, unknown>, ExtractTablesWithRelations<Record<string, unknown>>>' is not assignable to parameter of type 'PostgresJsDatabase<Record<string, unknown>> & { $client: Sql<{}>; }'.
  Property '$client' is missing in type 'PgTransaction<PostgresJsQueryResultHKT, Record<string, unknown>, ExtractTablesWithRelations<Record<string, unknown>>>' but required in type '{ $client: Sql<{}>; }'.
server/services/spec224RuntimeAdmission.ts(1050,69): error TS2345: Argument of type 'PgTransaction<PostgresJsQueryResultHKT, Record<string, unknown>, ExtractTablesWithRelations<Record<string, unknown>>>' is not assignable to parameter of type 'PostgresJsDatabase<Record<string, unknown>> & { $client: Sql<{}>; }'.
  Property '$client' is missing in type 'PgTransaction<PostgresJsQueryResultHKT, Record<string, unknown>, ExtractTablesWithRelations<Record<string, unknown>>>' but required in type '{ $client: Sql<{}>; }'.
server/services/spec224RuntimeAdmission.ts(1301,7): error TS2345: Argument of type '{ lease: { jobId: string; attemptId: string; fencingVersion: number; }; tenantId: string; workerJobId: string; command: RunnerJobCommand; dispatch: () => Promise<T>; }' is not assignable to parameter of type '{ tenantId: string; workerJobId: string; lease: Omit<LeaseContext, "leaseToken"> & Partial<Pick<LeaseContext, "leaseToken">>; }'.
  Types of property 'lease' are incompatible.
    Type '{ jobId: string; attemptId: string; fencingVersion: number; }' is not assignable to type 'Omit<LeaseContext, "leaseToken"> & Partial<Pick<LeaseContext, "leaseToken">>'.
      Property 'expiresAt' is missing in type '{ jobId: string; attemptId: string; fencingVersion: number; }' but required in type 'Omit<LeaseContext, "leaseToken">'.
server/services/spec224RuntimeAdmission.ts(1310,46): error TS2345: Argument of type 'PgTransaction<PostgresJsQueryResultHKT, Record<string, unknown>, ExtractTablesWithRelations<Record<string, unknown>>>' is not assignable to parameter of type 'PostgresJsDatabase<Record<string, unknown>> & { $client: Sql<{}>; }'.
  Property '$client' is missing in type 'PgTransaction<PostgresJsQueryResultHKT, Record<string, unknown>, ExtractTablesWithRelations<Record<string, unknown>>>' but required in type '{ $client: Sql<{}>; }'.
server/services/spec224RuntimeAdmission.ts(1319,9): error TS2345: Argument of type '{ lease: { jobId: string; attemptId: string; fencingVersion: number; }; tenantId: string; workerJobId: string; command: RunnerJobCommand; dispatch: () => Promise<T>; }' is not assignable to parameter of type '{ tenantId: string; workerJobId: string; lease: Omit<LeaseContext, "leaseToken"> & Partial<Pick<LeaseContext, "leaseToken">>; }'.
  Types of property 'lease' are incompatible.
    Type '{ jobId: string; attemptId: string; fencingVersion: number; }' is not assignable to type 'Omit<LeaseContext, "leaseToken"> & Partial<Pick<LeaseContext, "leaseToken">>'.
      Property 'expiresAt' is missing in type '{ jobId: string; attemptId: string; fencingVersion: number; }' but required in type 'Omit<LeaseContext, "leaseToken">'.
server/services/spec224RuntimeAdmission.ts(1329,9): error TS2345: Argument of type '{ lease: { jobId: string; attemptId: string; fencingVersion: number; }; tenantId: string; workerJobId: string; command: RunnerJobCommand; dispatch: () => Promise<T>; }' is not assignable to parameter of type '{ tenantId: string; workerJobId: string; lease: Omit<LeaseContext, "leaseToken"> & Partial<Pick<LeaseContext, "leaseToken">>; }'.
  Types of property 'lease' are incompatible.
    Type '{ jobId: string; attemptId: string; fencingVersion: number; }' is not assignable to type 'Omit<LeaseContext, "leaseToken"> & Partial<Pick<LeaseContext, "leaseToken">>'.
      Property 'expiresAt' is missing in type '{ jobId: string; attemptId: string; fencingVersion: number; }' but required in type 'Omit<LeaseContext, "leaseToken">'.
server/services/spec224RuntimeAdmission.ts(1335,69): error TS2345: Argument of type 'PgTransaction<PostgresJsQueryResultHKT, Record<string, unknown>, ExtractTablesWithRelations<Record<string, unknown>>>' is not assignable to parameter of type 'PostgresJsDatabase<Record<string, unknown>> & { $client: Sql<{}>; }'.
  Property '$client' is missing in type 'PgTransaction<PostgresJsQueryResultHKT, Record<string, unknown>, ExtractTablesWithRelations<Record<string, unknown>>>' but required in type '{ $client: Sql<{}>; }'.
server/services/spec224SourceBundle.ts(1016,15): error TS2454: Variable 'entries' is used before being assigned.
server/services/spec224SourceBundle.ts(1223,20): error TS2339: Property 'parseDiagnostics' does not exist on type 'SourceFile'.
server/services/spec224SourceBundle.ts(1912,44): error TS2345: Argument of type 'string | { [k: string]: string[]; }' is not assignable to parameter of type 'string'.
  Type '{ [k: string]: string[]; }' is not assignable to type 'string'.
server/services/spec224SourceClosureProfile.ts(20,58): error TS2339: Property 'selectedPackageScripts' does not exist on type 'SourceClosureInput'.
server/services/spec224SourceClosureProfile.ts(193,5): error TS2353: Object literal may only specify known properties, and 'selectedPackageScripts' does not exist in type 'SourceClosureInput'.
server/services/spec224SourceClosureProfile.ts(243,67): error TS2367: This comparison appears to be unintentional because the types '"unresolved" | "resolved-local" | "verified-external-artifact" | "optional-dependency-excluded" | "profile-dependency-excluded" | "external-package"' and '"runtime-builtin"' have no overlap.
server/services/spec224VerificationResourceControl.ts(208,26): error TS2339: Property 'reason' does not exist on type 'VerificationAdmission'.
server/services/spec226DevelopmentControlBridge.ts(148,27): error TS7006: Parameter 'row' implicitly has an 'any' type.
server/services/storyboardSkillFrameworkProjection.ts(109,5): error TS2322: Type '{ image: { effectiveModelId?: string | null | undefined; requestedModelId: string; }; video: { requestedModelId: string; }; }' is not assignable to type '{ image: { requestedModelId: string; effectiveModelId?: string | undefined; }; video: { requestedModelId: string; }; }'.
  The types of 'image.effectiveModelId' are incompatible between these types.
    Type 'string | null | undefined' is not assignable to type 'string | undefined'.
      Type 'null' is not assignable to type 'string | undefined'.
server/services/storyboardSkillFrameworkProjection.ts(110,5): error TS2322: Type '{ id: string; shotNumber: number; prompt: string; url: string | null; videoPrompt: string | null; durationSeconds: 10; mediaType: "image"; type: "image"; status: "queued" | "completed"; source: "generated"; model: string; modelProvenance: { ...; }; generationExtraParams: { ...; }; storyboardContext: { ...; }; }[]' is not assignable to type 'StoryboardFrameworkProjectionShot[]'.
  Type '{ id: string; shotNumber: number; prompt: string; url: string | null; videoPrompt: string | null; durationSeconds: 10; mediaType: "image"; type: "image"; status: "queued" | "completed"; source: "generated"; model: string; modelProvenance: { ...; }; generationExtraParams: { ...; }; storyboardContext: { ...; }; }' is not assignable to type 'StoryboardFrameworkProjectionShot'.
    The types of 'modelProvenance.image.effectiveModelId' are incompatible between these types.
      Type 'string | null | undefined' is not assignable to type 'string | undefined'.
        Type 'null' is not assignable to type 'string | undefined'.
server/services/storyboardSkillFrameworkService.ts(1775,35): error TS7006: Parameter 'shot' implicitly has an 'any' type.
server/services/storyboardSkillFrameworkService.ts(1777,7): error TS7006: Parameter 'shot' implicitly has an 'any' type.
server/services/storyboardSkillFrameworkService.ts(1787,33): error TS7006: Parameter 'shot' implicitly has an 'any' type.
server/services/storyboardSkillFrameworkService.ts(1788,33): error TS7006: Parameter 'shot' implicitly has an 'any' type.
server/services/storyboardSkillFrameworkService.ts(1794,39): error TS7006: Parameter 'shot' implicitly has an 'any' type.
server/services/storyboardSkillFrameworkService.ts(1796,25): error TS7006: Parameter 'shot' implicitly has an 'any' type.
server/services/storyboardSkillFrameworkService.ts(2043,41): error TS2339: Property 'status' does not exist on type '{ reviewId: any; candidateHistory: any; normalizedSnapshot: Record<string, unknown>; skillSnapshot: Record<string, unknown>; modelSnapshot: Record<string, unknown>; error: Record<string, unknown> | null; controlPlaneJob: { ...; } | null; controlPlaneEvents: { ...; }[]; shots: { ...; }[]; }'.
server/services/storyboardSkillFrameworkService.ts(2045,11): error TS2339: Property 'status' does not exist on type '{ reviewId: any; candidateHistory: any; normalizedSnapshot: Record<string, unknown>; skillSnapshot: Record<string, unknown>; modelSnapshot: Record<string, unknown>; error: Record<string, unknown> | null; controlPlaneJob: { ...; } | null; controlPlaneEvents: { ...; }[]; shots: { ...; }[]; }'.
server/services/storyboardSkillFrameworkService.ts(2064,28): error TS2339: Property 'workerJobId' does not exist on type '{ reviewId: any; candidateHistory: any; normalizedSnapshot: Record<string, unknown>; skillSnapshot: Record<string, unknown>; modelSnapshot: Record<string, unknown>; error: Record<string, unknown> | null; controlPlaneJob: { ...; } | null; controlPlaneEvents: { ...; }[]; shots: { ...; }[]; }'.
server/services/storyboardSkillFrameworkService.ts(2065,29): error TS2339: Property 'workerJobId' does not exist on type '{ reviewId: any; candidateHistory: any; normalizedSnapshot: Record<string, unknown>; skillSnapshot: Record<string, unknown>; modelSnapshot: Record<string, unknown>; error: Record<string, unknown> | null; controlPlaneJob: { ...; } | null; controlPlaneEvents: { ...; }[]; shots: { ...; }[]; }'.
server/services/storyboardSkillFrameworkService.ts(2066,41): error TS2339: Property 'workerJobId' does not exist on type '{ reviewId: any; candidateHistory: any; normalizedSnapshot: Record<string, unknown>; skillSnapshot: Record<string, unknown>; modelSnapshot: Record<string, unknown>; error: Record<string, unknown> | null; controlPlaneJob: { ...; } | null; controlPlaneEvents: { ...; }[]; shots: { ...; }[]; }'.
server/services/storyboardSkillFrameworkService.ts(2090,24): error TS2339: Property 'workerJobId' does not exist on type '{ reviewId: any; candidateHistory: any; normalizedSnapshot: Record<string, unknown>; skillSnapshot: Record<string, unknown>; modelSnapshot: Record<string, unknown>; error: Record<string, unknown> | null; controlPlaneJob: { ...; } | null; controlPlaneEvents: { ...; }[]; shots: { ...; }[]; }'.
server/services/storyboardSkillFrameworkService.ts(2091,36): error TS2339: Property 'id' does not exist on type '{ reviewId: any; candidateHistory: any; normalizedSnapshot: Record<string, unknown>; skillSnapshot: Record<string, unknown>; modelSnapshot: Record<string, unknown>; error: Record<string, unknown> | null; controlPlaneJob: { ...; } | null; controlPlaneEvents: { ...; }[]; shots: { ...; }[]; }'.
server/services/storyboardSkillFrameworkService.ts(2099,9): error TS2339: Property 'workerJobId' does not exist on type '{ reviewId: any; candidateHistory: any; normalizedSnapshot: Record<string, unknown>; skillSnapshot: Record<string, unknown>; modelSnapshot: Record<string, unknown>; error: Record<string, unknown> | null; controlPlaneJob: { ...; } | null; controlPlaneEvents: { ...; }[]; shots: { ...; }[]; }'.
server/services/storyboardSkillFrameworkService.ts(2106,11): error TS2339: Property 'workerJobId' does not exist on type '{ reviewId: any; candidateHistory: any; normalizedSnapshot: Record<string, unknown>; skillSnapshot: Record<string, unknown>; modelSnapshot: Record<string, unknown>; error: Record<string, unknown> | null; controlPlaneJob: { ...; } | null; controlPlaneEvents: { ...; }[]; shots: { ...; }[]; }'.
server/services/storyboardSkillFrameworkService.ts(2213,11): error TS2339: Property 'workerJobId' does not exist on type '{ reviewId: any; candidateHistory: any; normalizedSnapshot: Record<string, unknown>; skillSnapshot: Record<string, unknown>; modelSnapshot: Record<string, unknown>; error: Record<string, unknown> | null; controlPlaneJob: { ...; } | null; controlPlaneEvents: { ...; }[]; shots: { ...; }[]; }'.
server/services/storyboardSkillFrameworkService.ts(2216,13): error TS2339: Property 'workerJobId' does not exist on type '{ reviewId: any; candidateHistory: any; normalizedSnapshot: Record<string, unknown>; skillSnapshot: Record<string, unknown>; modelSnapshot: Record<string, unknown>; error: Record<string, unknown> | null; controlPlaneJob: { ...; } | null; controlPlaneEvents: { ...; }[]; shots: { ...; }[]; }'.
server/services/storyboardSkillFrameworkService.ts(2220,22): error TS2339: Property 'id' does not exist on type '{ reviewId: any; candidateHistory: any; normalizedSnapshot: Record<string, unknown>; skillSnapshot: Record<string, unknown>; modelSnapshot: Record<string, unknown>; error: Record<string, unknown> | null; controlPlaneJob: { ...; } | null; controlPlaneEvents: { ...; }[]; shots: { ...; }[]; }'.
server/services/storyboardSkillFrameworkService.ts(2225,13): error TS2339: Property 'workerJobId' does not exist on type '{ reviewId: any; candidateHistory: any; normalizedSnapshot: Record<string, unknown>; skillSnapshot: Record<string, unknown>; modelSnapshot: Record<string, unknown>; error: Record<string, unknown> | null; controlPlaneJob: { ...; } | null; controlPlaneEvents: { ...; }[]; shots: { ...; }[]; }'.
server/services/storyboardSkillFrameworkService.ts(2239,58): error TS2339: Property 'workerJobId' does not exist on type '{ reviewId: any; candidateHistory: any; normalizedSnapshot: Record<string, unknown>; skillSnapshot: Record<string, unknown>; modelSnapshot: Record<string, unknown>; error: Record<string, unknown> | null; controlPlaneJob: { ...; } | null; controlPlaneEvents: { ...; }[]; shots: { ...; }[]; }'.
server/services/storyboardSkillFrameworkService.ts(2242,15): error TS2339: Property 'workerJobId' does not exist on type '{ reviewId: any; candidateHistory: any; normalizedSnapshot: Record<string, unknown>; skillSnapshot: Record<string, unknown>; modelSnapshot: Record<string, unknown>; error: Record<string, unknown> | null; controlPlaneJob: { ...; } | null; controlPlaneEvents: { ...; }[]; shots: { ...; }[]; }'.
server/services/storyboardSkillFrameworkService.ts(2246,25): error TS2339: Property 'id' does not exist on type '{ reviewId: any; candidateHistory: any; normalizedSnapshot: Record<string, unknown>; skillSnapshot: Record<string, unknown>; modelSnapshot: Record<string, unknown>; error: Record<string, unknown> | null; controlPlaneJob: { ...; } | null; controlPlaneEvents: { ...; }[]; shots: { ...; }[]; }'.
server/services/storyboardSkillFrameworkService.ts(2252,11): error TS2339: Property 'workerJobId' does not exist on type '{ reviewId: any; candidateHistory: any; normalizedSnapshot: Record<string, unknown>; skillSnapshot: Record<string, unknown>; modelSnapshot: Record<string, unknown>; error: Record<string, unknown> | null; controlPlaneJob: { ...; } | null; controlPlaneEvents: { ...; }[]; shots: { ...; }[]; }'.
server/services/storyboardSkillFrameworkService.ts(2257,18): error TS2339: Property 'id' does not exist on type '{ reviewId: any; candidateHistory: any; normalizedSnapshot: Record<string, unknown>; skillSnapshot: Record<string, unknown>; modelSnapshot: Record<string, unknown>; error: Record<string, unknown> | null; controlPlaneJob: { ...; } | null; controlPlaneEvents: { ...; }[]; shots: { ...; }[]; }'.
server/services/storyboardSkillFrameworkService.ts(2451,44): error TS2339: Property 'projectId' does not exist on type '{ reviewId: any; candidateHistory: any; normalizedSnapshot: Record<string, unknown>; skillSnapshot: Record<string, unknown>; modelSnapshot: Record<string, unknown>; error: Record<string, unknown> | null; controlPlaneJob: { ...; } | null; controlPlaneEvents: { ...; }[]; shots: { ...; }[]; }'.
server/services/storyboardSkillFrameworkService.ts(2479,18): error TS2339: Property 'id' does not exist on type '{ reviewId: any; candidateHistory: any; normalizedSnapshot: Record<string, unknown>; skillSnapshot: Record<string, unknown>; modelSnapshot: Record<string, unknown>; error: Record<string, unknown> | null; controlPlaneJob: { ...; } | null; controlPlaneEvents: { ...; }[]; shots: { ...; }[]; }'.
server/services/storyboardSkillFrameworkService.ts(2486,16): error TS2339: Property 'id' does not exist on type '{ reviewId: any; candidateHistory: any; normalizedSnapshot: Record<string, unknown>; skillSnapshot: Record<string, unknown>; modelSnapshot: Record<string, unknown>; error: Record<string, unknown> | null; controlPlaneJob: { ...; } | null; controlPlaneEvents: { ...; }[]; shots: { ...; }[]; }'.
server/services/storyboardSkillFrameworkService.ts(2580,16): error TS2339: Property 'id' does not exist on type '{ reviewId: any; candidateHistory: any; normalizedSnapshot: Record<string, unknown>; skillSnapshot: Record<string, unknown>; modelSnapshot: Record<string, unknown>; error: Record<string, unknown> | null; controlPlaneJob: { ...; } | null; controlPlaneEvents: { ...; }[]; shots: { ...; }[]; }'.
server/services/storyboardSkillFrameworkService.ts(3450,13): error TS2769: No overload matches this call.
  Overload 1 of 3, '(left: PgColumn<{ name: "id"; tableName: "media_assets"; dataType: "number"; columnType: "PgBigSerial53"; data: number; driverParam: number; notNull: true; hasDefault: true; isPrimaryKey: true; isAutoincrement: false; ... 4 more ...; generated: undefined; }, {}, {}>, right: number | SQLWrapper): SQL<...>', gave the following error.
    Argument of type 'number | null' is not assignable to parameter of type 'number | SQLWrapper'.
      Type 'null' is not assignable to type 'number | SQLWrapper'.
  Overload 2 of 3, '(left: Aliased<number | null>, right: number | SQLWrapper | null): SQL<unknown>', gave the following error.
    Argument of type 'PgColumn<{ name: "id"; tableName: "media_assets"; dataType: "number"; columnType: "PgBigSerial53"; data: number; driverParam: number; notNull: true; hasDefault: true; isPrimaryKey: true; isAutoincrement: false; ... 4 more ...; generated: undefined; }, {}, {}>' is not assignable to parameter of type 'Aliased<number | null>'.
      Type 'PgColumn<{ name: "id"; tableName: "media_assets"; dataType: "number"; columnType: "PgBigSerial53"; data: number; driverParam: number; notNull: true; hasDefault: true; isPrimaryKey: true; isAutoincrement: false; ... 4 more ...; generated: undefined; }, {}, {}>' is missing the following properties from type 'Aliased<number | null>': sql, fieldAlias
  Overload 3 of 3, '(left: never, right: unknown): SQL<unknown>', gave the following error.
    Argument of type 'PgColumn<{ name: "id"; tableName: "media_assets"; dataType: "number"; columnType: "PgBigSerial53"; data: number; driverParam: number; notNull: true; hasDefault: true; isPrimaryKey: true; isAutoincrement: false; ... 4 more ...; generated: undefined; }, {}, {}>' is not assignable to parameter of type 'never'.
server/services/storyboardSkillFrameworkWorker.ts(199,3): error TS2322: Type '(string | null)[]' is not assignable to type 'string[]'.
  Type 'string | null' is not assignable to type 'string'.
    Type 'null' is not assignable to type 'string'.
server/services/storyboardSkillFrameworkWorker.ts(685,5): error TS18047: 'input.context.requestedByUserId' is possibly 'null'.
server/services/storyboardSkillFrameworkWorker.ts(691,5): error TS2322: Type 'number | null' is not assignable to type 'number'.
  Type 'null' is not assignable to type 'number'.
server/services/storyboardSkillFrameworkWorker.ts(1147,9): error TS2322: Type '"unknown" | "policy" | "permanent"' is not assignable to type '"unknown" | "retryable" | "permanent"'.
  Type '"policy"' is not assignable to type '"unknown" | "retryable" | "permanent"'.
server/services/storyboardSkillRegistry.ts(302,45): error TS2339: Property 'enum' does not exist on type 'object'.
server/services/storyboardSkillRegistry.ts(302,60): error TS2339: Property 'enum' does not exist on type 'object'.
server/services/storyboardSkillRegistry.ts(305,40): error TS2339: Property 'type' does not exist on type 'object'.
server/services/storyboardSkillRegistry.ts(306,16): error TS2339: Property 'type' does not exist on type 'object'.
server/services/storyboardSkillRegistry.ts(306,29): error TS7006: Parameter 'type' implicitly has an 'any' type.
server/services/storyboardSkillRegistry.ts(307,23): error TS2339: Property 'type' does not exist on type 'object'.
server/services/storyboardSkillRegistry.ts(308,19): error TS2339: Property 'type' does not exist on type 'object'.
server/services/storyboardSkillRegistry.ts(319,21): error TS2339: Property 'maxItems' does not exist on type 'object'.
server/services/storyboardSkillRegistry.ts(320,13): error TS2339: Property 'length' does not exist on type '{}'.
server/services/storyboardSkillRegistry.ts(320,29): error TS2339: Property 'maxItems' does not exist on type 'object'.
server/services/storyboardSkillRegistry.ts(325,21): error TS2339: Property 'maxLength' does not exist on type 'object'.
server/services/storyboardSkillRegistry.ts(326,29): error TS2339: Property 'maxLength' does not exist on type 'object'.
server/services/storyboardSkillRegistry.ts(331,21): error TS2339: Property 'minimum' does not exist on type 'object'.
server/services/storyboardSkillRegistry.ts(332,22): error TS2339: Property 'minimum' does not exist on type 'object'.
server/services/storyboardSkillRegistry.ts(337,21): error TS2339: Property 'maximum' does not exist on type 'object'.
server/services/storyboardSkillRegistry.ts(338,22): error TS2339: Property 'maximum' does not exist on type 'object'.
server/services/tenantCapabilityGatewayContracts.ts(211,35): error TS18047: 'limit' is possibly 'null'.
server/services/tenantCapabilityGatewayContracts.ts(211,35): error TS2365: Operator '<' cannot be applied to types '{}' and 'number'.
server/services/tenantCapabilityGatewayContracts.ts(211,48): error TS18047: 'limit' is possibly 'null'.
server/services/tenantCapabilityGatewayContracts.ts(211,48): error TS2365: Operator '>' cannot be applied to types '{}' and 'number'.
server/services/tenantCapabilityGatewayContracts.ts(215,5): error TS2322: Type '{} | null' is not assignable to type 'number'.
  Type 'null' is not assignable to type 'number'.
server/services/tenantDataTransfer.ts(571,936): error TS2339: Property 'conflictKey' does not exist on type '{ id: string; previewId: string; tenantId: string; sourceUserId: number; targetUserId: number; resourceKind: string; sourceResourceId: string; handlerVersion: string; dependencyOrder: number; ... 7 more ...; createdAt: Date; }'.
server/services/tenantIdentityService.ts(191,36): error TS7006: Parameter 'job' implicitly has an 'any' type.
server/services/tenantIdentityService.ts(198,34): error TS7006: Parameter 'job' implicitly has an 'any' type.
server/services/tenantIdentityService.ts(202,35): error TS2322: Type 'TenantMoveResult | undefined' is not assignable to type 'TenantMoveResult'.
  Type 'undefined' is not assignable to type 'TenantMoveResult'.
server/services/tenantIdentityService.ts(242,24): error TS7006: Parameter 'job' implicitly has an 'any' type.
server/services/tenantProductIdentityContracts.ts(147,3): error TS2741: Property 'brandTenantId' is missing in type '{ productId: string; tenantId: string; slug: string; brandRef: string; releaseChannel: "production" | "draft" | "staging"; }' but required in type 'ProductDefinition'.
server/services/unifiedAudioVoiceService.ts(128,35): error TS2322: Type '"TRAINING_MODEL_UNAVAILABLE"' is not assignable to type '"FORBIDDEN" | "PARSE_ERROR" | "BAD_REQUEST" | "INTERNAL_SERVER_ERROR" | "NOT_IMPLEMENTED" | "BAD_GATEWAY" | "SERVICE_UNAVAILABLE" | "GATEWAY_TIMEOUT" | "UNAUTHORIZED" | "PAYMENT_REQUIRED" | ... 10 more ... | "CLIENT_CLOSED_REQUEST"'.
server/services/unifiedAudioVoiceService.ts(395,44): error TS2322: Type '"project" | "series"' is not assignable to type '"series"'.
  Type '"project"' is not assignable to type '"series"'.
server/services/vectorProvider.ts(1233,5): error TS2366: Function lacks ending return statement and return type does not include 'undefined'.
server/services/vectorize-indexing.ts(88,7): error TS2353: Object literal may only specify known properties, and 'namespace' does not exist in type 'VectorEntry'.
server/services/vectorizeContract.ts(15,45): error TS1355: A 'const' assertions can only be applied to references to enum members, or string, number, boolean, array, or object literals.
server/services/vectorizeContract.ts(19,43): error TS1355: A 'const' assertions can only be applied to references to enum members, or string, number, boolean, array, or object literals.
server/services/verticalDramaArtifactVersionService.ts(120,3): error TS2740: Type '{ [x: string]: unknown; }' is missing the following properties from type '{ id: string; status: string; tenantId: string; storageRef: string; createdAt: Date; durationSeconds: number | null; updatedAt: Date; ownerUserId: number; errorMessage: string | null; ... 12 more ...; availableAt: Date | null; }': id, status, tenantId, storageRef, and 18 more.
server/services/verticalDramaArtifactVersionService.ts(141,12): error TS7006: Parameter 'left' implicitly has an 'any' type.
server/services/verticalDramaArtifactVersionService.ts(141,18): error TS7006: Parameter 'right' implicitly has an 'any' type.
server/services/verticalDramaArtifactVersionService.ts(142,10): error TS7006: Parameter 'row' implicitly has an 'any' type.
server/services/verticalDramaAssuranceBilling.ts(89,5): error TS2322: Type 'unknown' is not assignable to type 'Record<string, unknown> | undefined'.
server/services/verticalDramaAssuranceBilling.ts(175,148): error TS2698: Spread types may only be created from object types.
server/services/verticalDramaAssuranceBilling.ts(183,111): error TS2698: Spread types may only be created from object types.
server/services/verticalDramaAudioPipelineCoordinator.ts(142,33): error TS7006: Parameter 'job' implicitly has an 'any' type.
server/services/verticalDramaAudioPipelineCoordinator.ts(176,50): error TS7006: Parameter 'artifact' implicitly has an 'any' type.
server/services/verticalDramaAudioPipelineCoordinator.ts(179,44): error TS2339: Property 'metadataJson' does not exist on type '{}'.
server/services/verticalDramaAudioPipelineCoordinator.ts(180,46): error TS2339: Property 'metadataJson' does not exist on type '{}'.
server/services/verticalDramaAudioPipelineCoordinator.ts(184,44): error TS2339: Property 'id' does not exist on type '{}'.
server/services/verticalDramaAudioPipelineCoordinator.ts(184,130): error TS2339: Property 'storageRef' does not exist on type '{}'.
server/services/verticalDramaAudioPipelineCoordinator.ts(185,46): error TS2339: Property 'id' does not exist on type '{}'.
server/services/verticalDramaAudioPipelineCoordinator.ts(185,132): error TS2339: Property 'storageRef' does not exist on type '{}'.
server/services/verticalDramaAudioPipelineCoordinator.ts(189,35): error TS7006: Parameter 'job' implicitly has an 'any' type.
server/services/verticalDramaAudioPipelineCoordinator.ts(225,27): error TS7006: Parameter 'job' implicitly has an 'any' type.
server/services/verticalDramaAudioPipelineCoordinator.ts(229,20): error TS7006: Parameter 'job' implicitly has an 'any' type.
server/services/verticalDramaAudioPipelineCoordinator.ts(230,30): error TS7006: Parameter 'artifact' implicitly has an 'any' type.
server/services/verticalDramaAudioPipelineCoordinator.ts(231,142): error TS7006: Parameter 'job' implicitly has an 'any' type.
server/services/verticalDramaAudioPipelineCoordinator.ts(232,35): error TS7006: Parameter 'job' implicitly has an 'any' type.
server/services/verticalDramaAudioPipelineCoordinator.ts(232,149): error TS7006: Parameter 'job' implicitly has an 'any' type.
server/services/verticalDramaAudioPipelineCoordinator.ts(266,7): error TS2769: No overload matches this call.
  Overload 1 of 3, '(column: Aliased<string>, values: SQLWrapper | (string | Placeholder<string, any>)[]): SQL<unknown>', gave the following error.
    Argument of type 'PgColumn<{ name: "status"; tableName: "worker_jobs"; dataType: "string"; columnType: "PgEnumColumn"; data: "queued" | "completed" | "failed" | "cancelled" | "pending" | "succeeded" | "expired" | ... 9 more ... | "publishing"; ... 9 more ...; generated: undefined; }, {}, {}>' is not assignable to parameter of type 'Aliased<string>'.
      Type 'PgColumn<{ name: "status"; tableName: "worker_jobs"; dataType: "string"; columnType: "PgEnumColumn"; data: "queued" | "completed" | "failed" | "cancelled" | "pending" | "succeeded" | "expired" | ... 9 more ... | "publishing"; ... 9 more ...; generated: undefined; }, {}, {}>' is missing the following properties from type 'Aliased<string>': sql, fieldAlias
  Overload 2 of 3, '(column: PgColumn<{ name: "status"; tableName: "worker_jobs"; dataType: "string"; columnType: "PgEnumColumn"; data: "queued" | "completed" | "failed" | "cancelled" | "pending" | "succeeded" | "expired" | ... 9 more ... | "publishing"; ... 9 more ...; generated: undefined; }, {}, {}>, values: SQLWrapper | readonly ("queued" | ... 16 more ... | Placeholder<...>)[]): SQL<...>', gave the following error.
    Type '"published"' is not assignable to type '"queued" | "completed" | "failed" | "cancelled" | "pending" | "succeeded" | "expired" | "running" | "indexing" | "canceled" | "retry_scheduled" | "leased" | "claimed" | "preparing" | "waiting_external" | "uploading" | "publishing" | Placeholder<...>'.
  Overload 3 of 3, '(column: never, values: readonly unknown[] | SQLWrapper): SQL<unknown>', gave the following error.
    Argument of type 'PgColumn<{ name: "status"; tableName: "worker_jobs"; dataType: "string"; columnType: "PgEnumColumn"; data: "queued" | "completed" | "failed" | "cancelled" | "pending" | "succeeded" | "expired" | ... 9 more ... | "publishing"; ... 9 more ...; generated: undefined; }, {}, {}>' is not assignable to parameter of type 'never'.
server/services/verticalDramaAudioPipelineCoordinator.ts(270,22): error TS7006: Parameter 'row' implicitly has an 'any' type.
server/services/verticalDramaAudioPipelineCoordinator.ts(301,23): error TS7006: Parameter 'row' implicitly has an 'any' type.
server/services/verticalDramaCharacterLookDeletion.ts(11,38): error TS2322: Type 'readonly string[] | undefined' is not assignable to type 'string[] | undefined'.
  The type 'readonly string[]' is 'readonly' and cannot be assigned to the mutable type 'string[]'.
server/services/verticalDramaCharacterLookDesigner.ts(262,32): error TS2339: Property 'variant_type' does not exist on type '{ outfit: { [x: string]: unknown; }; }'.
server/services/verticalDramaCharacterLookDesigner.ts(263,37): error TS2339: Property 'age_stage' does not exist on type '{ outfit: { [x: string]: unknown; }; }'.
server/services/verticalDramaCharacterLookDesigner.ts(264,37): error TS2339: Property 'age_stage_description' does not exist on type '{ outfit: { [x: string]: unknown; }; }'.
server/services/verticalDramaCharacterPromptJobs.ts(180,25): error TS2345: Argument of type '{ jobId: string; tenantId: string; requestedByUserId: number | null; jobType: string; status: string; input: Record<string, unknown>; progress: Record<string, unknown>; output: Record<string, unknown> | null; errorCode: string | null; errorMessage: string | null; createdAt: string; updatedAt: string; } | null' is not assignable to parameter of type '{ jobId: string; tenantId: string; requestedByUserId: number | null; jobType: string; status: string; input: Record<string, unknown>; progress: Record<string, unknown>; output: Record<string, unknown> | null; ... 5 more ...; updatedAt: string; } | null'.
  Type '{ jobId: string; tenantId: string; requestedByUserId: number | null; jobType: string; status: string; input: Record<string, unknown>; progress: Record<string, unknown>; output: Record<string, unknown> | null; errorCode: string | null; errorMessage: string | null; createdAt: string; updatedAt: string; }' is missing the following properties from type '{ jobId: string; tenantId: string; requestedByUserId: number | null; jobType: string; status: string; input: Record<string, unknown>; progress: Record<string, unknown>; output: Record<string, unknown> | null; ... 5 more ...; updatedAt: string; }': attempt, maxAttempts
server/services/verticalDramaEnhancedVideoPrompt.ts(806,5): error TS2769: No overload matches this call.
  Overload 1 of 4, '(iterable?: Iterable<readonly [unknown, unknown]> | null | undefined): Map<unknown, unknown>', gave the following error.
    Argument of type 'any[][]' is not assignable to parameter of type 'Iterable<readonly [unknown, unknown]>'.
      The types returned by '[Symbol.iterator]().next(...)' are incompatible between these types.
        Type 'IteratorResult<any[], undefined>' is not assignable to type 'IteratorResult<readonly [unknown, unknown], any>'.
          Type 'IteratorYieldResult<any[]>' is not assignable to type 'IteratorResult<readonly [unknown, unknown], any>'.
            Type 'IteratorYieldResult<any[]>' is not assignable to type 'IteratorYieldResult<readonly [unknown, unknown]>'.
              Type 'any[]' is not assignable to type 'readonly [unknown, unknown]'.
                Target requires 2 element(s) but source may have fewer.
  Overload 2 of 4, '(entries?: readonly (readonly [unknown, unknown])[] | null | undefined): Map<unknown, unknown>', gave the following error.
    Argument of type 'any[][]' is not assignable to parameter of type 'readonly (readonly [unknown, unknown])[]'.
      Type 'any[]' is not assignable to type 'readonly [unknown, unknown]'.
        Target requires 2 element(s) but source may have fewer.
server/services/verticalDramaEnhancedVideoPrompt.ts(808,63): error TS18046: 'description' is of type 'unknown'.
server/services/verticalDramaEpisodePipeline.ts(5122,7): error TS2345: Argument of type 'Map<unknown, unknown>' is not assignable to parameter of type 'ReadonlyMap<number, { min: number; max: number; source?: string | undefined; } | null | undefined>'.
  Types of property 'forEach' are incompatible.
    Type '(callbackfn: (value: unknown, key: unknown, map: Map<unknown, unknown>) => void, thisArg?: any) => void' is not assignable to type '(callbackfn: (value: { min: number; max: number; source?: string | undefined; } | null | undefined, key: number, map: ReadonlyMap<number, { min: number; max: number; source?: string | undefined; } | null | undefined>) => void, thisArg?: any) => void'.
      Types of parameters 'callbackfn' and 'callbackfn' are incompatible.
        Types of parameters 'value' and 'value' are incompatible.
          Type 'unknown' is not assignable to type '{ min: number; max: number; source?: string | undefined; } | null | undefined'.
server/services/verticalDramaInteractiveJobs.ts(120,7): error TS2552: Cannot find name 'deleteEphemeralValueIfOwned'. Did you mean 'deleteEphemeralValue'?
server/services/verticalDramaMediaJobService.ts(83,32): error TS18046: 'payload.binding' is of type 'unknown'.
server/services/verticalDramaMediaJobService.ts(112,5): error TS2322: Type 'unknown' is not assignable to type '"shot_video_generation" | "episode_audio_analyze" | "minimax_music3_generate" | "episode_score_mix" | "audio_transcribe" | "audio_align" | "media_ingest" | "broll_preprocess" | "footage_probe_analyze" | "footage_prepare" | "footage_broll_render"'.
server/services/verticalDramaMediaJobService.ts(113,5): error TS2322: Type 'unknown' is not assignable to type 'string'.
server/services/verticalDramaObjectReferences.ts(183,22): error TS7006: Parameter 'object' implicitly has an 'any' type.
server/services/verticalDramaObjectReferences.ts(187,15): error TS7006: Parameter 'asset' implicitly has an 'any' type.
server/services/verticalDramaObjectReferences.ts(188,12): error TS7006: Parameter 'asset' implicitly has an 'any' type.
server/services/verticalDramaObjectReferences.ts(248,25): error TS2339: Property 'mediaAssetUrl' does not exist on type '{ id: string | number; }'.
server/services/verticalDramaObjectReferences.ts(301,13): error TS2552: Cannot find name 'verticalDramaObjectReferencePromptRuns'. Did you mean 'verticalDramaObjectReferenceProjections'?
server/services/verticalDramaObjectReferences.ts(318,11): error TS2552: Cannot find name 'verticalDramaObjectReferencePromptRuns'. Did you mean 'verticalDramaObjectReferenceProjections'?
server/services/verticalDramaObjectReferences.ts(321,12): error TS2552: Cannot find name 'verticalDramaObjectReferencePromptRuns'. Did you mean 'verticalDramaObjectReferenceProjections'?
server/services/verticalDramaObjectReferences.ts(323,11): error TS2552: Cannot find name 'verticalDramaObjectReferencePromptRuns'. Did you mean 'verticalDramaObjectReferenceProjections'?
server/services/verticalDramaObjectReferences.ts(677,38): error TS7006: Parameter 'asset' implicitly has an 'any' type.
server/services/verticalDramaObjectReferences.ts(746,25): error TS7006: Parameter 'projection' implicitly has an 'any' type.
server/services/verticalDramaObjectReferences.ts(757,25): error TS7006: Parameter 'projection' implicitly has an 'any' type.
server/services/verticalDramaObjectReferences.ts(791,19): error TS7006: Parameter 'asset' implicitly has an 'any' type.
server/services/verticalDramaObjectReferences.ts(1160,19): error TS7006: Parameter 'row' implicitly has an 'any' type.
server/services/verticalDramaObjectReferences.ts(1318,51): error TS2339: Property 'seriesId' does not exist on type '{ id: string; }'.
server/services/verticalDramaObjectReferences.ts(1330,24): error TS2339: Property 'seriesId' does not exist on type '{ id: string; }'.
server/services/verticalDramaObjectReferences.ts(1543,19): error TS7006: Parameter 'alias' implicitly has an 'any' type.
server/services/verticalDramaObjectReferences.ts(1544,16): error TS7006: Parameter 'alias' implicitly has an 'any' type.
server/services/verticalDramaPortraitCandidateSettlement.ts(268,23): error TS7006: Parameter 'row' implicitly has an 'any' type.
server/services/verticalDramaSeasonCarryOver.ts(254,24): error TS2339: Property 'seriesId' does not exist on type 'SynthesizeSeasonCarryOverParams'.
server/services/verticalDramaShotImageAction.ts(314,25): error TS2339: Property 'episodeId' does not exist on type 'GenerateShotImageActionParams'.
server/services/verticalDramaShotPromptJobs.ts(476,32): error TS2345: Argument of type 'VerticalDramaShotPromptJobRecord | null' is not assignable to parameter of type 'VerticalDramaShotPromptJobRecord'.
  Type 'null' is not assignable to type 'VerticalDramaShotPromptJobRecord'.
server/services/verticalDramaShotPromptJobs.ts(477,38): error TS2345: Argument of type 'VerticalDramaShotPromptJobRecord | null' is not assignable to parameter of type 'VerticalDramaShotPromptJobRecord'.
  Type 'null' is not assignable to type 'VerticalDramaShotPromptJobRecord'.
server/services/verticalDramaShotPromptJobs.ts(495,35): error TS2345: Argument of type 'string | null' is not assignable to parameter of type 'string'.
  Type 'null' is not assignable to type 'string'.
server/services/verticalDramaShotPromptJobs.ts(496,32): error TS2345: Argument of type 'VerticalDramaShotPromptJobRecord | null' is not assignable to parameter of type 'VerticalDramaShotPromptJobRecord'.
  Type 'null' is not assignable to type 'VerticalDramaShotPromptJobRecord'.
server/services/verticalDramaShotPromptJobs.ts(496,60): error TS18047: 'record' is possibly 'null'.
server/services/verticalDramaShotPromptJobs.ts(497,45): error TS2345: Argument of type 'string | null' is not assignable to parameter of type 'string'.
  Type 'null' is not assignable to type 'string'.
server/services/verticalDramaShotPromptJobs.ts(510,38): error TS2345: Argument of type 'string | undefined' is not assignable to parameter of type 'string'.
  Type 'undefined' is not assignable to type 'string'.
server/services/verticalDramaShotPromptJobs.ts(514,45): error TS2345: Argument of type 'string | null' is not assignable to parameter of type 'string'.
  Type 'null' is not assignable to type 'string'.
server/services/verticalDramaShotPromptJobs.ts(516,38): error TS2345: Argument of type 'string | null' is not assignable to parameter of type 'string'.
  Type 'null' is not assignable to type 'string'.
server/services/verticalDramaShotPromptJobs.ts(517,33): error TS2345: Argument of type 'VerticalDramaShotPromptJobRecord | null' is not assignable to parameter of type 'VerticalDramaShotPromptJobRecord'.
  Type 'null' is not assignable to type 'VerticalDramaShotPromptJobRecord'.
server/services/verticalDramaShotPromptJobs.ts(518,25): error TS18047: 'prior' is possibly 'null'.
server/services/verticalDramaShotPromptJobs.ts(518,46): error TS18047: 'prior' is possibly 'null'.
server/services/verticalDramaShotPromptJobs.ts(520,38): error TS2345: Argument of type 'string | null' is not assignable to parameter of type 'string'.
  Type 'null' is not assignable to type 'string'.
server/services/verticalDramaShotPromptJobs.ts(528,41): error TS2345: Argument of type 'string | null' is not assignable to parameter of type 'string'.
  Type 'null' is not assignable to type 'string'.
server/services/verticalDramaShotPromptJobs.ts(529,36): error TS2345: Argument of type 'VerticalDramaShotPromptJobRecord | null' is not assignable to parameter of type 'VerticalDramaShotPromptJobRecord'.
  Type 'null' is not assignable to type 'VerticalDramaShotPromptJobRecord'.
server/services/verticalDramaShotPromptJobs.ts(529,67): error TS18047: 'existing' is possibly 'null'.
server/services/verticalDramaShotPromptJobs.ts(530,25): error TS18047: 'existing' is possibly 'null'.
server/services/verticalDramaShotPromptJobs.ts(530,49): error TS18047: 'existing' is possibly 'null'.
server/services/verticalDramaShotPromptJobs.ts(532,53): error TS2345: Argument of type 'string | null' is not assignable to parameter of type 'string'.
  Type 'null' is not assignable to type 'string'.
server/services/verticalDramaShotPromptJobs.ts(557,11): error TS2345: Argument of type 'string | null' is not assignable to parameter of type 'string'.
  Type 'null' is not assignable to type 'string'.
server/services/verticalDramaShotPromptJobs.ts(595,46): error TS2345: Argument of type 'string | null' is not assignable to parameter of type 'string'.
  Type 'null' is not assignable to type 'string'.
server/services/verticalDramaShotPromptJobs.ts(596,30): error TS2345: Argument of type 'VerticalDramaShotPromptJobRecord | null' is not assignable to parameter of type 'VerticalDramaShotPromptJobRecord'.
  Type 'null' is not assignable to type 'VerticalDramaShotPromptJobRecord'.
server/services/verticalDramaShotPromptJobs.ts(596,59): error TS18047: 'winner' is possibly 'null'.
server/services/verticalDramaShotPromptJobs.ts(597,21): error TS18047: 'winner' is possibly 'null'.
server/services/verticalDramaShotPromptJobs.ts(597,43): error TS18047: 'winner' is possibly 'null'.
server/services/verticalDramaShotVideoPromptJobs.ts(687,38): error TS2345: Argument of type 'VerticalDramaShotVideoPromptJobRecord | null' is not assignable to parameter of type 'VerticalDramaShotVideoPromptJobRecord'.
  Type 'null' is not assignable to type 'VerticalDramaShotVideoPromptJobRecord'.
server/services/verticalDramaShotVideoPromptJobs.ts(691,65): error TS2345: Argument of type 'VerticalDramaShotVideoPromptJobRecord | null' is not assignable to parameter of type 'VerticalDramaShotVideoPromptJobRecord'.
  Type 'null' is not assignable to type 'VerticalDramaShotVideoPromptJobRecord'.
server/services/verticalDramaShotVideoPromptJobs.ts(723,37): error TS2345: Argument of type 'string | null' is not assignable to parameter of type 'string'.
  Type 'null' is not assignable to type 'string'.
server/services/verticalDramaShotVideoPromptJobs.ts(726,20): error TS2345: Argument of type 'VerticalDramaShotVideoPromptJobRecord | null' is not assignable to parameter of type 'VerticalDramaShotVideoPromptJobRecord'.
  Type 'null' is not assignable to type 'VerticalDramaShotVideoPromptJobRecord'.
server/services/verticalDramaShotVideoPromptJobs.ts(728,21): error TS18047: 'record' is possibly 'null'.
server/services/verticalDramaShotVideoPromptJobs.ts(729,36): error TS2345: Argument of type 'VerticalDramaShotVideoPromptJobRecord | null' is not assignable to parameter of type 'VerticalDramaShotVideoPromptJobRecord'.
  Type 'null' is not assignable to type 'VerticalDramaShotVideoPromptJobRecord'.
server/services/verticalDramaShotVideoPromptJobs.ts(731,16): error TS18047: 'record' is possibly 'null'.
server/services/verticalDramaShotVideoPromptJobs.ts(733,26): error TS2345: Argument of type 'VerticalDramaShotVideoPromptJobRecord | null' is not assignable to parameter of type 'VerticalDramaShotVideoPromptJobRecord'.
  Type 'null' is not assignable to type 'VerticalDramaShotVideoPromptJobRecord'.
server/services/verticalDramaShotVideoPromptJobs.ts(741,33): error TS2722: Cannot invoke an object which is possibly 'undefined'.
server/services/verticalDramaShotVideoPromptJobs.ts(790,41): error TS2345: Argument of type 'string | null' is not assignable to parameter of type 'string'.
  Type 'null' is not assignable to type 'string'.
server/services/verticalDramaShotVideoPromptJobs.ts(792,20): error TS2345: Argument of type 'VerticalDramaShotVideoPromptJobRecord | null' is not assignable to parameter of type 'VerticalDramaShotVideoPromptJobRecord'.
  Type 'null' is not assignable to type 'VerticalDramaShotVideoPromptJobRecord'.
server/services/verticalDramaShotVideoPromptJobs.ts(792,73): error TS2345: Argument of type 'VerticalDramaShotVideoPromptJobRecord | null' is not assignable to parameter of type 'VerticalDramaShotVideoPromptJobRecord'.
  Type 'null' is not assignable to type 'VerticalDramaShotVideoPromptJobRecord'.
server/services/verticalDramaShotVideoPromptJobs.ts(794,47): error TS18047: 'legacyRecord' is possibly 'null'.
server/services/verticalDramaShotVideoPromptJobs.ts(796,57): error TS2345: Argument of type 'string | null' is not assignable to parameter of type 'string'.
  Type 'null' is not assignable to type 'string'.
server/services/verticalDramaShotVideoPromptJobs.ts(801,55): error TS2345: Argument of type 'VerticalDramaShotVideoPromptJobRecord | null' is not assignable to parameter of type 'VerticalDramaShotVideoPromptJobRecord'.
  Type 'null' is not assignable to type 'VerticalDramaShotVideoPromptJobRecord'.
server/services/verticalDramaShotVideoPromptJobs.ts(803,11): error TS2345: Argument of type 'string | null' is not assignable to parameter of type 'string'.
  Type 'null' is not assignable to type 'string'.
server/services/verticalDramaShotVideoPromptJobs.ts(809,20): error TS2345: Argument of type 'VerticalDramaShotVideoPromptJobRecord | null' is not assignable to parameter of type 'VerticalDramaShotVideoPromptJobRecord'.
  Type 'null' is not assignable to type 'VerticalDramaShotVideoPromptJobRecord'.
server/services/verticalDramaShotVideoPromptJobs.ts(820,38): error TS2345: Argument of type 'string | undefined' is not assignable to parameter of type 'string'.
  Type 'undefined' is not assignable to type 'string'.
server/services/verticalDramaShotVideoPromptJobs.ts(824,45): error TS2345: Argument of type 'string | null' is not assignable to parameter of type 'string'.
  Type 'null' is not assignable to type 'string'.
server/services/verticalDramaShotVideoPromptJobs.ts(826,38): error TS2345: Argument of type 'string | null' is not assignable to parameter of type 'string'.
  Type 'null' is not assignable to type 'string'.
server/services/verticalDramaShotVideoPromptJobs.ts(827,33): error TS2345: Argument of type 'VerticalDramaShotVideoPromptJobRecord | null' is not assignable to parameter of type 'VerticalDramaShotVideoPromptJobRecord'.
  Type 'null' is not assignable to type 'VerticalDramaShotVideoPromptJobRecord'.
server/services/verticalDramaShotVideoPromptJobs.ts(828,38): error TS2345: Argument of type 'VerticalDramaShotVideoPromptJobRecord | null' is not assignable to parameter of type 'VerticalDramaShotVideoPromptJobRecord'.
  Type 'null' is not assignable to type 'VerticalDramaShotVideoPromptJobRecord'.
server/services/verticalDramaShotVideoPromptJobs.ts(831,24): error TS2345: Argument of type 'string | null' is not assignable to parameter of type 'string'.
  Type 'null' is not assignable to type 'string'.
server/services/verticalDramaShotVideoPromptJobs.ts(848,39): error TS2345: Argument of type 'string | null' is not assignable to parameter of type 'string'.
  Type 'null' is not assignable to type 'string'.
server/services/verticalDramaShotVideoPromptJobs.ts(849,30): error TS18047: 'existing' is possibly 'null'.
server/services/verticalDramaShotVideoPromptJobs.ts(850,25): error TS2345: Argument of type 'VerticalDramaShotVideoPromptJobRecord | null' is not assignable to parameter of type 'VerticalDramaShotVideoPromptJobRecord'.
  Type 'null' is not assignable to type 'VerticalDramaShotVideoPromptJobRecord'.
server/services/verticalDramaShotVideoPromptJobs.ts(850,47): error TS18047: 'existing' is possibly 'null'.
server/services/verticalDramaShotVideoPromptJobs.ts(853,36): error TS2345: Argument of type 'VerticalDramaShotVideoPromptJobRecord | null' is not assignable to parameter of type 'VerticalDramaShotVideoPromptJobRecord'.
  Type 'null' is not assignable to type 'VerticalDramaShotVideoPromptJobRecord'.
server/services/verticalDramaShotVideoPromptJobs.ts(855,54): error TS2345: Argument of type 'string | null' is not assignable to parameter of type 'string'.
  Type 'null' is not assignable to type 'string'.
server/services/verticalDramaShotVideoPromptJobs.ts(882,48): error TS2345: Argument of type 'string | null' is not assignable to parameter of type 'string'.
  Type 'null' is not assignable to type 'string'.
server/services/verticalDramaShotVideoPromptJobs.ts(884,28): error TS18047: 'winner' is possibly 'null'.
server/services/verticalDramaShotVideoPromptJobs.ts(885,25): error TS2345: Argument of type 'VerticalDramaShotVideoPromptJobRecord | null' is not assignable to parameter of type 'VerticalDramaShotVideoPromptJobRecord'.
  Type 'null' is not assignable to type 'VerticalDramaShotVideoPromptJobRecord'.
server/services/verticalDramaShotVideoPromptJobs.ts(885,45): error TS18047: 'winner' is possibly 'null'.
server/services/verticalDramaShotVideoPromptJobs.ts(888,36): error TS2345: Argument of type 'VerticalDramaShotVideoPromptJobRecord | null' is not assignable to parameter of type 'VerticalDramaShotVideoPromptJobRecord'.
  Type 'null' is not assignable to type 'VerticalDramaShotVideoPromptJobRecord'.
server/services/verticalDramaShotVideoPromptJobs.ts(900,26): error TS2345: Argument of type 'string | null' is not assignable to parameter of type 'string'.
  Type 'null' is not assignable to type 'string'.
server/services/verticalDramaSourcePackService.ts(955,23): error TS2339: Property 'managed' does not exist on type '{}'.
server/services/verticalDramaSourcePackService.ts(965,27): error TS2339: Property 'storageKey' does not exist on type '{}'.
server/services/verticalDramaSourcePackService.ts(966,24): error TS2339: Property 'storageKey' does not exist on type '{}'.
server/services/verticalDramaSourcePackService.ts(967,31): error TS2339: Property 'uploadedUrl' does not exist on type '{}'.
server/services/verticalDramaSourcePackService.ts(968,26): error TS2339: Property 'uploadedUrl' does not exist on type '{}'.
server/services/verticalDramaSourcePackService.ts(969,26): error TS2339: Property 'uploadedUrl' does not exist on type '{}'.
server/services/verticalDramaSourcePackService.ts(1003,5): error TS2322: Type '{ id: number; title: string; mediaAssetId: number | null; provenance: unknown; rightsStatus: string; disclosureStatus: string; }[]' is not assignable to type '{ id: number; title: string; mediaAssetId: number | null; provenance: Record<string, unknown> | null; rightsStatus: string; disclosureStatus: string; }[]'.
  Type '{ id: number; title: string; mediaAssetId: number | null; provenance: unknown; rightsStatus: string; disclosureStatus: string; }' is not assignable to type '{ id: number; title: string; mediaAssetId: number | null; provenance: Record<string, unknown> | null; rightsStatus: string; disclosureStatus: string; }'.
    Types of property 'provenance' are incompatible.
      Type 'unknown' is not assignable to type 'Record<string, unknown> | null'.
server/services/verticalDramaSpecialEdition.ts(281,24): error TS2339: Property 'seriesId' does not exist on type 'SynthesizeSpecialEditionBriefParams'.
server/services/verticalDramaSpecialReferences.ts(290,25): error TS7006: Parameter 'character' implicitly has an 'any' type.
server/services/verticalDramaSpecialReferences.ts(352,36): error TS7006: Parameter 'row' implicitly has an 'any' type.
server/services/verticalDramaSpecialReferences.ts(361,14): error TS2339: Property 'status' does not exist on type '{}'.
server/services/verticalDramaSpecialReferences.ts(362,14): error TS2339: Property 'storageKey' does not exist on type '{}'.
server/services/verticalDramaSpecialReferences.ts(363,13): error TS2339: Property 'mimeType' does not exist on type '{}'.
server/services/verticalDramaSpecialReferences.ts(368,31): error TS2339: Property 'status' does not exist on type '{}'.
server/services/verticalDramaSpecialReferences.ts(373,29): error TS2339: Property 'id' does not exist on type '{}'.
server/services/verticalDramaSpecialReferences.ts(374,27): error TS2339: Property 'storageKey' does not exist on type '{}'.
server/services/verticalDramaSpecialReferences.ts(376,25): error TS2339: Property 'mimeType' does not exist on type '{}'.
server/services/verticalDramaSpecialReferences.ts(377,23): error TS2339: Property 'status' does not exist on type '{}'.
server/services/verticalDramaSpecialReferences.ts(378,28): error TS2339: Property 'originalUrl' does not exist on type '{}'.
server/services/verticalDramaSpecialReferences.ts(392,16): error TS2339: Property 'status' does not exist on type '{}'.
server/services/verticalDramaSpecialReferences.ts(393,16): error TS2339: Property 'originalUrl' does not exist on type '{}'.
server/services/verticalDramaSpecialReferences.ts(394,16): error TS2339: Property 'mimeType' does not exist on type '{}'.
server/services/verticalDramaSpecialReferences.ts(446,25): error TS2339: Property 'mimeType' does not exist on type '{ url: string; id: string; productId: string; captureAssetId: string | null; type: "main" | "review" | "description" | "related_excluded"; storageKey: string | null; originalSourceUrl: string | null; ... 4 more ...; createdAt: Date; }'.
server/services/verticalDramaSpecialReferences.ts(469,26): error TS2339: Property 'accessType' does not exist on type '{ product: { affiliateUrl: string | null; accessType: "group" | "owner"; groupShare: { groupId: number; sharedByUserId: number; permission: string; } | null; id: string; captureId: string | null; ... 27 more ...; updatedAt: Date; }; images: { ...; }[]; history: { ...; }[]; shares: { ...; }[]; health: { ...; }; }'.
server/services/verticalDramaSpecialReferences.ts(579,33): error TS7006: Parameter 'row' implicitly has an 'any' type.
server/services/verticalDramaSpecialReferences.ts(584,11): error TS2339: Property 'status' does not exist on type '{}'.
server/services/verticalDramaSpecialReferences.ts(585,13): error TS2339: Property 'originalUrl' does not exist on type '{}'.
server/services/verticalDramaSpecialReferences.ts(585,33): error TS2339: Property 'storageKey' does not exist on type '{}'.
server/services/verticalDramaSpecialReferences.ts(591,31): error TS2339: Property 'storageKey' does not exist on type '{}'.
server/services/verticalDramaSpecialReferences.ts(592,45): error TS2339: Property 'storageKey' does not exist on type '{}'.
server/services/verticalDramaSpecialReferences.ts(593,13): error TS2339: Property 'originalUrl' does not exist on type '{}'.
server/services/verticalDramaSpecialTieInFootageService.ts(290,152): error TS2322: Type 'unknown' is not assignable to type 'string'.
server/services/verticalDramaSpecialTieInFootageService.ts(490,203): error TS2339: Property 'durationMs' does not exist on type 'PgTableWithColumns<{ name: "media_assets"; schema: undefined; columns: { id: PgColumn<{ name: "id"; tableName: "media_assets"; dataType: "number"; columnType: "PgBigSerial53"; data: number; driverParam: number; notNull: true; ... 7 more ...; generated: undefined; }, {}, {}>; ... 17 more ...; updatedAt: PgColumn<...>...'.
server/services/videoEditorCapabilityAdmission.ts(57,45): error TS2345: Argument of type 'string | undefined' is not assignable to parameter of type 'string'.
  Type 'undefined' is not assignable to type 'string'.
server/services/workAutomationExecutionService.ts(276,5): error TS2322: Type '"manual" | "agency" | "skill" | "work_os" | "browser" | "document_management" | "media_studio" | "video_editor"' is not assignable to type 'WorkAutomationSurface'.
  Type '"agency"' is not assignable to type 'WorkAutomationSurface'.
server/services/workAutomationFabricService.ts(938,5): error TS2322: Type '"manual" | "agency" | "skill" | "work_os" | "browser" | "document_management" | "media_studio" | "video_editor" | null' is not assignable to type 'WorkAutomationSurface | null | undefined'.
  Type '"agency"' is not assignable to type 'WorkAutomationSurface | null | undefined'.
server/services/workAutomationFabricService.ts(1104,5): error TS2322: Type '"manual" | "agency" | "skill" | "work_os" | "browser" | "document_management" | "media_studio" | "video_editor"' is not assignable to type 'WorkAutomationSurface | null | undefined'.
  Type '"agency"' is not assignable to type 'WorkAutomationSurface | null | undefined'.
server/services/workOrchestratorPlanningService.ts(56,13): error TS2367: This comparison appears to be unintentional because the types 'WorkAutomationSurface' and '"agency"' have no overlap.
server/services/workerJobDeadlinePolicy.ts(266,16): error TS2783: 'family' is specified more than once, so this usage will be overwritten.
server/services/workerJobMonitorService.ts(130,11): error TS2339: Property 'statusReason' does not exist on type 'Pick<WorkerJobRow, "status" | "errorCode" | "jobType" | "failureReason" | "operatorReviewRequired" | "operatorReviewReason">'.
server/services/workerJobMonitorService.ts(158,25): error TS2339: Property 'errorMessage' does not exist on type 'Pick<WorkerJobRow, "status" | "errorCode" | "jobType" | "failureReason" | "operatorReviewRequired" | "operatorReviewReason">'.
server/services/workerJobMonitorService.ts(168,43): error TS2345: Argument of type 'Pick<WorkerJobRow, "status" | "errorCode" | "jobType" | "failureReason" | "operatorReviewRequired" | "operatorReviewReason">' is not assignable to parameter of type 'Pick<WorkerJobRow, "status" | "errorMessage" | "errorCode" | "jobType" | "statusReason" | "failureReason">'.
  Type 'Pick<WorkerJobRow, "status" | "errorCode" | "jobType" | "failureReason" | "operatorReviewRequired" | "operatorReviewReason">' is missing the following properties from type 'Pick<WorkerJobRow, "status" | "errorMessage" | "errorCode" | "jobType" | "statusReason" | "failureReason">': errorMessage, statusReason
server/services/workerJobMonitorService.ts(795,5): error TS2322: Type 'string | null | undefined' is not assignable to type 'string | null'.
  Type 'undefined' is not assignable to type 'string | null'.
server/services/workerJobMonitorService.ts(796,5): error TS2322: Type 'string | null | undefined' is not assignable to type 'string | null'.
  Type 'undefined' is not assignable to type 'string | null'.
server/services/workerJobMonitorService.ts(1232,12): error TS2352: Conversion of type 'WorkerJobRow & { worker: WorkerSummaryRow | null; }' to type '{ id: string; status: "queued" | "completed" | "failed" | "cancelled" | "pending" | "succeeded" | "expired" | "running" | "indexing" | "canceled" | "retry_scheduled" | "leased" | ... 4 more ... | "publishing"; ... 43 more ...; operatorReviewReason: string | null; }' may be a mistake because neither type sufficiently overlaps with the other. If this was intentional, convert the expression to 'unknown' first.
  Type 'WorkerJobRow & { worker: WorkerSummaryRow | null; }' is missing the following properties from type '{ id: string; status: "queued" | "completed" | "failed" | "cancelled" | "pending" | "succeeded" | "expired" | "running" | "indexing" | "canceled" | "retry_scheduled" | "leased" | ... 4 more ... | "publishing"; ... 43 more ...; operatorReviewReason: string | null; }': priority, teamId, contractVersion, idempotencyKey, and 20 more.
server/services/workerLocalLlmService.ts(287,45): error TS2769: No overload matches this call.
  Overload 1 of 2, '(value: { tenantId: string | SQL<unknown> | Placeholder<string, any>; ownerUserId: number | SQL<unknown> | Placeholder<string, any>; workerId: string | SQL<...> | Placeholder<...>; ... 6 more ...; lastAcceptedRevision?: number | ... 2 more ... | undefined; }): PgInsertBase<...>', gave the following error.
    Type 'number | null' is not assignable to type 'number | SQL<unknown> | Placeholder<string, any>'.
      Type 'null' is not assignable to type 'number | SQL<unknown> | Placeholder<string, any>'.
  Overload 2 of 2, '(values: { tenantId: string | SQL<unknown> | Placeholder<string, any>; ownerUserId: number | SQL<unknown> | Placeholder<string, any>; workerId: string | SQL<...> | Placeholder<...>; ... 6 more ...; lastAcceptedRevision?: number | ... 2 more ... | undefined; }[]): PgInsertBase<...>', gave the following error.
    Object literal may only specify known properties, and 'tenantId' does not exist in type '{ tenantId: string | SQL<unknown> | Placeholder<string, any>; ownerUserId: number | SQL<unknown> | Placeholder<string, any>; workerId: string | SQL<unknown> | Placeholder<...>; ... 6 more ...; lastAcceptedRevision?: number | ... 2 more ... | undefined; }[]'.
server/services/workerLocalLlmService.ts(299,9): error TS2322: Type 'number | null' is not assignable to type 'number | SQL<unknown> | PgColumn<ColumnBaseConfig<ColumnDataType, string>, {}, {}> | undefined'.
  Type 'null' is not assignable to type 'number | SQL<unknown> | PgColumn<ColumnBaseConfig<ColumnDataType, string>, {}, {}> | undefined'.
server/services/workerLocalLlmService.ts(400,25): error TS2552: Cannot find name 'workerLlmInvokeSchema'. Did you mean 'workerLlmInventorySchema'?
server/services/workerLocalLlmService.ts(404,52): error TS2769: No overload matches this call.
  Overload 1 of 2, '(value: { tenantId: string | SQL<unknown> | Placeholder<string, any>; jobType: string | SQL<unknown> | Placeholder<string, any>; runtimeType: SQL<unknown> | ... 9 more ... | Placeholder<...>; ... 42 more ...; operatorReviewReason?: string | ... 3 more ... | undefined; }): PgInsertBase<...>', gave the following error.
    Argument of type '{ tenantId: string; workerId: string; runtimeType: "openclaw_gateway" | "desktop_zeroclaw_managed" | "nemoclaw_sandbox" | "hiclaw_cluster" | "hermes_agent_gateway" | "remotion_executor" | "local_llm_worker" | "node_job_worker" | "python_job_worker"; ... 7 more ...; idempotencyKey: string; }' is not assignable to parameter of type '{ tenantId: string | SQL<unknown> | Placeholder<string, any>; jobType: string | SQL<unknown> | Placeholder<string, any>; runtimeType: SQL<unknown> | "openclaw_gateway" | ... 8 more ... | Placeholder<...>; ... 42 more ...; operatorReviewReason?: string | ... 3 more ... | undefined; }'.
      Types of property 'resourceProfile' are incompatible.
        Type 'string' is not assignable to type 'SQL<unknown> | "cpu_light" | "cpu_heavy" | "gpu_required" | "large_disk_temp" | "network_heavy" | "long_running" | "sandbox_required" | "human_observable" | Placeholder<string, any> | undefined'.
  Overload 2 of 2, '(values: { tenantId: string | SQL<unknown> | Placeholder<string, any>; jobType: string | SQL<unknown> | Placeholder<string, any>; runtimeType: SQL<unknown> | ... 9 more ... | Placeholder<...>; ... 42 more ...; operatorReviewReason?: string | ... 3 more ... | undefined; }[]): PgInsertBase<...>', gave the following error.
    Argument of type '{ tenantId: string; workerId: string; runtimeType: "openclaw_gateway" | "desktop_zeroclaw_managed" | "nemoclaw_sandbox" | "hiclaw_cluster" | "hermes_agent_gateway" | "remotion_executor" | "local_llm_worker" | "node_job_worker" | "python_job_worker"; ... 7 more ...; idempotencyKey: string; }' is not assignable to parameter of type '{ tenantId: string | SQL<unknown> | Placeholder<string, any>; jobType: string | SQL<unknown> | Placeholder<string, any>; runtimeType: SQL<unknown> | "openclaw_gateway" | ... 8 more ... | Placeholder<...>; ... 42 more ...; operatorReviewReason?: string | ... 3 more ... | undefined; }[]'.
      Type '{ tenantId: string; workerId: string; runtimeType: "openclaw_gateway" | "desktop_zeroclaw_managed" | "nemoclaw_sandbox" | "hiclaw_cluster" | "hermes_agent_gateway" | "remotion_executor" | "local_llm_worker" | "node_job_worker" | "python_job_worker"; ... 7 more ...; idempotencyKey: string; }' is missing the following properties from type '{ tenantId: string | SQL<unknown> | Placeholder<string, any>; jobType: string | SQL<unknown> | Placeholder<string, any>; runtimeType: SQL<unknown> | "openclaw_gateway" | ... 8 more ... | Placeholder<...>; ... 42 more ...; operatorReviewReason?: string | ... 3 more ... | undefined; }[]': length, pop, push, concat, and 35 more.
server/services/workerRegistryService.ts(291,7): error TS2353: Object literal may only specify known properties, and 'provider' does not exist in type '{ tenantId?: string | SQL<unknown> | PgColumn<ColumnBaseConfig<ColumnDataType, string>, {}, {}> | undefined; idempotencyKey?: string | SQL<...> | PgColumn<...> | undefined; ... 32 more ...; protectedAt?: Date | ... 3 more ... | undefined; }'.
server/services/workerRegistryService.ts(1211,7): error TS2741: Property 'pending' is missing in type '{ queued: "claimed"[]; claimed: ("failed" | "running" | "canceled" | "preparing")[]; preparing: ("failed" | "running" | "canceled" | "uploading")[]; running: ("completed" | "failed" | "indexing" | "canceled" | "uploading" | "publishing")[]; ... 6 more ...; expired: never[]; }' but required in type 'Record<"queued" | "completed" | "failed" | "pending" | "expired" | "running" | "indexing" | "canceled" | "claimed" | "preparing" | "uploading" | "publishing", ("queued" | "completed" | ... 9 more ... | "publishing")[]>'.
server/services/workerRegistryService.ts(1281,9): error TS2322: Type 'string | null' is not assignable to type 'string | undefined'.
  Type 'null' is not assignable to type 'string | undefined'.
server/services/workerRegistryService.ts(2223,43): error TS2345: Argument of type '"queued" | "completed" | "failed" | "cancelled" | "pending" | "succeeded" | "expired" | "running" | "indexing" | "canceled" | "retry_scheduled" | "leased" | "claimed" | "preparing" | "waiting_external" | "uploading" | "publishing"' is not assignable to parameter of type '"queued" | "completed" | "failed" | "pending" | "expired" | "running" | "indexing" | "canceled" | "claimed" | "preparing" | "uploading" | "publishing"'.
  Type '"cancelled"' is not assignable to type '"queued" | "completed" | "failed" | "pending" | "expired" | "running" | "indexing" | "canceled" | "claimed" | "preparing" | "uploading" | "publishing"'. Did you mean '"canceled"'?
server/services/workerRegistryService.ts(2928,78): error TS2345: Argument of type 'WorkerJobRecord' is not assignable to parameter of type 'Pick<WorkerJobRecord, "inputJson" | "instructionsJson">'.
  Type 'WorkerJobRecord' is missing the following properties from type 'Pick<WorkerJobRecord, "inputJson" | "instructionsJson">': inputJson, instructionsJson
server/services/workerRuntimeReleaseService.ts(970,7): error TS2345: Argument of type 'unknown' is not assignable to parameter of type 'string'.
server/services/workerRuntimeRunnerArtifactService.ts(321,15): error TS2339: Property 'fileSha256' does not exist on type '{ upload: { fileSizeBytes: number; contentType: string; fileName: string; } & { storageKey: string; fileSha256?: string | undefined; }; uploadedByUserId: number; }'.
server/services/workerRuntimeRunnerArtifactService.ts(321,35): error TS2339: Property 'fileSha256' does not exist on type '{ upload: { fileSizeBytes: number; contentType: string; fileName: string; } & { storageKey: string; fileSha256?: string | undefined; }; uploadedByUserId: number; }'.
server/services/workerSchedulerService.ts(448,41): error TS2345: Argument of type 'Record<string, unknown>' is not assignable to parameter of type '{ jobType: string; runtimeType?: string | undefined; executionClass?: string | undefined; inputJson?: Record<string, unknown> | undefined; timeoutSeconds?: number | undefined; retryPolicyJson?: Record<...> | undefined; }'.
  Property 'jobType' is missing in type 'Record<string, unknown>' but required in type '{ jobType: string; runtimeType?: string | undefined; executionClass?: string | undefined; inputJson?: Record<string, unknown> | undefined; timeoutSeconds?: number | undefined; retryPolicyJson?: Record<...> | undefined; }'.
server/services/workerSchedulerService.ts(1534,14): error TS2339: Property 'verticalDramaSeries' does not exist on type 'WorkerSchedulerFeatureFlags'.
server/services/workerSchedulerService.ts(1534,43): error TS2339: Property 'verticalDramaSeriesVoiceChain' does not exist on type 'WorkerSchedulerFeatureFlags'.
server/services/workerSchedulerService.ts(2545,8): error TS7006: Parameter 'sum' implicitly has an 'any' type.
server/services/workerSchedulerService.ts(2545,13): error TS7006: Parameter 'delayMs' implicitly has an 'any' type.
server/services/workerSchedulerService.ts(2796,11): error TS7006: Parameter 'ms' implicitly has an 'any' type.
server/services/workflowBuilderCompiler.ts(65,55): error TS2345: Argument of type '`Unknown canonical node type ${string}`' is not assignable to parameter of type '"INTENT_REQUIRED" | "NO_READY_OPTION" | "CAPABILITY_GAP" | "CANDIDATE_INVALID" | undefined'.
server/services/workflowBuilderCompiler.ts(68,66): error TS2345: Argument of type '`No ready binding option for ${string}`' is not assignable to parameter of type '"INTENT_REQUIRED" | "NO_READY_OPTION" | "CAPABILITY_GAP" | "CANDIDATE_INVALID" | undefined'.
server/services/workflowBuilderCompiler.ts(72,55): error TS2345: Argument of type '`No concrete compatible binding for ${string}`' is not assignable to parameter of type '"INTENT_REQUIRED" | "NO_READY_OPTION" | "CAPABILITY_GAP" | "CANDIDATE_INVALID" | undefined'.
server/services/workflowBuilderCompiler.ts(75,55): error TS2345: Argument of type '"Capability binding is unavailable or not authorable"' is not assignable to parameter of type '"INTENT_REQUIRED" | "NO_READY_OPTION" | "CAPABILITY_GAP" | "CANDIDATE_INVALID" | undefined'.
server/services/workflowBuilderCompiler.ts(167,58): error TS2345: Argument of type 'string' is not assignable to parameter of type '"INTENT_REQUIRED" | "NO_READY_OPTION" | "CAPABILITY_GAP" | "CANDIDATE_INVALID" | undefined'.
server/services/workflowCompilerRuntimeContracts.ts(343,48): error TS2339: Property 'kind' does not exist on type 'never'.
server/services/workflowCompilerRuntimeContracts.ts(343,84): error TS2339: Property 'kind' does not exist on type 'never'.
server/services/workflowCompilerRuntimeContracts.ts(344,14): error TS2339: Property 'kind' does not exist on type 'never'.
server/services/workflowCompilerRuntimeContracts.ts(344,43): error TS2339: Property 'kind' does not exist on type 'never'.
server/services/workflowCompilerRuntimeContracts.ts(344,72): error TS2339: Property 'kind' does not exist on type 'never'.
server/services/workflowCompilerRuntimeContracts.ts(375,3): error TS2775: Assertions require every name in the call target to be declared with an explicit type annotation.
server/services/workflowCompilerRuntimeContracts.ts(376,3): error TS2775: Assertions require every name in the call target to be declared with an explicit type annotation.
server/services/workflowCompilerRuntimeContracts.ts(377,3): error TS2775: Assertions require every name in the call target to be declared with an explicit type annotation.
server/services/workflowNodeAdapterRegistry.ts(117,47): error TS2345: Argument of type '{ signal?: AbortSignal | undefined; node: CompiledNode; executionPrincipal: { actorUserId?: number | null | undefined; tenantId: string; }; inputArtifactRefs: string[]; payload: Record<...>; }' is not assignable to parameter of type 'WorkflowNodeAdapterContext'.
  The types of 'executionPrincipal.actorUserId' are incompatible between these types.
    Type 'number | null | undefined' is not assignable to type 'number | undefined'.
      Type 'null' is not assignable to type 'number | undefined'.
server/services/workflowNodeAdapterRegistry.ts(124,42): error TS2345: Argument of type '{ signal?: AbortSignal | undefined; node: CompiledNode; executionPrincipal: { actorUserId?: number | null | undefined; tenantId: string; }; inputArtifactRefs: string[]; payload: Record<...>; }' is not assignable to parameter of type 'WorkflowNodeAdapterContext'.
  The types of 'executionPrincipal.actorUserId' are incompatible between these types.
    Type 'number | null | undefined' is not assignable to type 'number | undefined'.
      Type 'null' is not assignable to type 'number | undefined'.
server/services/workflowNodeContracts.ts(566,56): error TS2339: Property 'mutation' does not exist on type 'EffectDeclaration'.
server/services/workflowNodeContracts.ts(567,56): error TS2339: Property 'boundary' does not exist on type 'EffectDeclaration'.
server/services/workflowNodeContracts.ts(1010,35): error TS2339: Property 'reversible' does not exist on type 'EffectDeclaration'.
  Property 'reversible' does not exist on type '{ mode: "derived"; conservative: EffectContract; resolverRef: string; resolveAt: "compile" | "runtime-preflight"; }'.
server/services/workflowNodeContracts.ts(1010,97): error TS2339: Property 'reversible' does not exist on type 'EffectDeclaration'.
  Property 'reversible' does not exist on type '{ mode: "derived"; conservative: EffectContract; resolverRef: string; resolveAt: "compile" | "runtime-preflight"; }'.
server/services/workflowStudioContracts.ts(61,7): error TS2345: Argument of type '"LEGACY_DEFINITION_UNSUPPORTED"' is not assignable to parameter of type '"DEFINITION_INVALID" | "PUBLISHED_VERSION_IMMUTABLE" | "SECRET_IN_DEFINITION" | "DRAFT_REVISION_CONFLICT" | undefined'.
server/services/workflowStudioContracts.ts(70,57): error TS2345: Argument of type 'string' is not assignable to parameter of type '"DEFINITION_INVALID" | "PUBLISHED_VERSION_IMMUTABLE" | "SECRET_IN_DEFINITION" | "DRAFT_REVISION_CONFLICT" | undefined'.
server/services/workflowStudioJobExecutor.ts(204,5): error TS2740: Type '{ tenantId: string; requestedByUserId: number; input: { skillId: string; userId: number; tenantId: string; params: { prompt: string; extraParams: object; runId: string; }; runId: string; }; }' is missing the following properties from type '{ jobId: string; tenantId: string; requestedByUserId: number | null; jobType: string; executionClass: string; contractVersion: string; input: Record<string, unknown>; instructions: Record<string, unknown>; ... 10 more ...; statusReason: string | null; }': jobId, jobType, executionClass, contractVersion, and 12 more.
server/services/workflowStudioRuntime.ts(189,55): error TS2345: Argument of type '`WORKFLOW_INPUT_REQUIRED:${string}`' is not assignable to parameter of type '"INVALID_RUN_MODE" | "TARGET_NODE_REQUIRED" | "TARGET_NODE_INVALID" | "CHECKPOINT_REQUIRED" | "DEFINITION_INVALID" | "INPUT_INVALID" | undefined'.
server/services/workflowStudioRuntime.ts(194,55): error TS2345: Argument of type '`WORKFLOW_INPUT_SCHEMA_INVALID:${string}`' is not assignable to parameter of type '"INVALID_RUN_MODE" | "TARGET_NODE_REQUIRED" | "TARGET_NODE_INVALID" | "CHECKPOINT_REQUIRED" | "DEFINITION_INVALID" | "INPUT_INVALID" | undefined'.
server/services/workflowStudioRuntime.ts(198,53): error TS2345: Argument of type '"WORKFLOW_INPUT_UNKNOWN"' is not assignable to parameter of type '"INVALID_RUN_MODE" | "TARGET_NODE_REQUIRED" | "TARGET_NODE_INVALID" | "CHECKPOINT_REQUIRED" | "DEFINITION_INVALID" | "INPUT_INVALID" | undefined'.
server/services/workflowStudioRuntime.ts(210,69): error TS2345: Argument of type '"WORKFLOW_CYCLE_DETECTED"' is not assignable to parameter of type '"INVALID_RUN_MODE" | "TARGET_NODE_REQUIRED" | "TARGET_NODE_INVALID" | "CHECKPOINT_REQUIRED" | "DEFINITION_INVALID" | "INPUT_INVALID" | undefined'.
server/services/workflowStudioRuntime.ts(281,7): error TS2345: Argument of type 'string' is not assignable to parameter of type '"INVALID_RUN_MODE" | "TARGET_NODE_REQUIRED" | "TARGET_NODE_INVALID" | "CHECKPOINT_REQUIRED" | "DEFINITION_INVALID" | "INPUT_INVALID" | undefined'.
server/services/workflowStudioSettlement.ts(193,8): error TS2769: No overload matches this call.
  Overload 1 of 2, '(value: { tenantId: string | SQL<unknown> | Placeholder<string, any>; runId: string | SQL<unknown> | Placeholder<string, any>; idempotencyKey: string | SQL<...> | Placeholder<...>; ... 12 more ...; resultDigest?: string | ... 3 more ... | undefined; }): PgInsertBase<...>', gave the following error.
    Type 'string | undefined' is not assignable to type 'string | SQL<unknown> | Placeholder<string, any>'.
      Type 'undefined' is not assignable to type 'string | SQL<unknown> | Placeholder<string, any>'.
  Overload 2 of 2, '(values: { tenantId: string | SQL<unknown> | Placeholder<string, any>; runId: string | SQL<unknown> | Placeholder<string, any>; idempotencyKey: string | SQL<...> | Placeholder<...>; ... 12 more ...; resultDigest?: string | ... 3 more ... | undefined; }[]): PgInsertBase<...>', gave the following error.
    Object literal may only specify known properties, and 'tenantId' does not exist in type '{ tenantId: string | SQL<unknown> | Placeholder<string, any>; runId: string | SQL<unknown> | Placeholder<string, any>; idempotencyKey: string | SQL<unknown> | Placeholder<...>; ... 12 more ...; resultDigest?: string | ... 3 more ... | undefined; }[]'.
server/storage.ts(623,43): error TS2352: Conversion of type '{ method: string; headers: { "Content-Type": string; "Content-Length": string; } | { "Content-Type": string; "Content-Length": string; length: number; toString(): string; toLocaleString(): string; toLocaleString(locales: string | string[], options?: Intl.NumberFormatOptions & Intl.DateTimeFormatOptions): string; ......' to type 'RequestInit & { duplex: "half"; }' may be a mistake because neither type sufficiently overlaps with the other. If this was intentional, convert the expression to 'unknown' first.
  Type '{ method: string; headers: { "Content-Type": string; "Content-Length": string; } | { "Content-Type": string; "Content-Length": string; length: number; toString(): string; toLocaleString(): string; toLocaleString(locales: string | string[], options?: Intl.NumberFormatOptions & Intl.DateTimeFormatOptions): string; ......' is not comparable to type 'RequestInit'.
    Types of property 'body' are incompatible.
      Type 'Readable' is not comparable to type 'BodyInit | null | undefined'.
        Type 'Readable' is missing the following properties from type 'URLSearchParams': size, append, delete, get, and 8 more.
server/workers/hyperframesRenderWorker.ts(1737,8): error TS2307: Cannot find module '@smartspec/remotion-render/render-video-job' or its corresponding type declarations.
server/workers/hyperframesRenderWorker.ts(1799,14): error TS7006: Parameter 'renderInput' implicitly has an 'any' type.
server/workers/hyperframesRenderWorker.ts(1811,9): error TS7006: Parameter 'lines' implicitly has an 'any' type.
server/workers/hyperframesRenderWorker.ts(1811,16): error TS7006: Parameter 'presetId' implicitly has an 'any' type.
server/workers/hyperframesRenderWorker.ts(1811,26): error TS7006: Parameter 'opts' implicitly has an 'any' type.
shared/designComponentResolver.ts(124,14): error TS2322: Type '{ digest: string; snapshotId: string; componentVersion: "0.6.3"; compatibility: { minVersion: string; maxExclusiveVersion: string; }; components: ({ componentId: string; source: "astryx"; roles: string[]; ... 11 more ...; compatibility: { ...; }; } | { ...; } | { ...; } | { ...; })[]; }' is not assignable to type '{ compatibility: { minVersion: string; maxExclusiveVersion: string; }; digest: string; snapshotId: string; components: { source: "template" | "pattern" | "primitive" | "smartspec" | "astryx"; ... 13 more ...; supportsReducedMotion: boolean; }[]; componentVersion: string; }'.
  Types of property 'components' are incompatible.
    Type '({ componentId: string; source: "astryx"; roles: string[]; supportedProps: string[]; capabilities: string[]; locales: string[]; densities: ("compact" | "spacious" | "comfortable")[]; densityMappings: { ...; }; ... 6 more ...; compatibility: { ...; }; } | { ...; } | { ...; } | { ...; })[]' is not assignable to type '{ source: "template" | "pattern" | "primitive" | "smartspec" | "astryx"; compatibility: { minVersion: string; maxExclusiveVersion: string; }; capabilities: string[]; permissionScopes: ("public" | ... 1 more ... | "member")[]; ... 10 more ...; supportsReducedMotion: boolean; }[]'.
      Type '{ componentId: string; source: "astryx"; roles: string[]; supportedProps: string[]; capabilities: string[]; locales: string[]; densities: ("compact" | "spacious" | "comfortable")[]; densityMappings: { ...; }; ... 6 more ...; compatibility: { ...; }; } | { ...; } | { ...; } | { ...; }' is not assignable to type '{ source: "template" | "pattern" | "primitive" | "smartspec" | "astryx"; compatibility: { minVersion: string; maxExclusiveVersion: string; }; capabilities: string[]; permissionScopes: ("public" | ... 1 more ... | "member")[]; ... 10 more ...; supportsReducedMotion: boolean; }'.
        Type '{ componentId: string; source: "astryx"; roles: string[]; supportedProps: string[]; capabilities: string[]; locales: string[]; densities: ("compact" | "spacious" | "comfortable")[]; densityMappings: { ...; }; ... 6 more ...; compatibility: { ...; }; }' is not assignable to type '{ source: "template" | "pattern" | "primitive" | "smartspec" | "astryx"; compatibility: { minVersion: string; maxExclusiveVersion: string; }; capabilities: string[]; permissionScopes: ("public" | ... 1 more ... | "member")[]; ... 10 more ...; supportsReducedMotion: boolean; }'.
          The types of 'densityMappings.compact' are incompatible between these types.
            Type '{ size: string; density?: undefined; padding?: undefined; }' is not assignable to type 'Record<string, string | number | boolean>'.
              Property 'density' is incompatible with index signature.
                Type 'undefined' is not assignable to type 'string | number | boolean'.
shared/designComponentResolver.ts(126,38): error TS2345: Argument of type '{ snapshotId: string; componentVersion: "0.6.3"; compatibility: { minVersion: string; maxExclusiveVersion: string; }; components: ({ componentId: string; source: "astryx"; roles: string[]; supportedProps: string[]; ... 10 more ...; compatibility: { ...; }; } | { ...; } | { ...; } | { ...; })[]; }' is not assignable to parameter of type '{ compatibility: { minVersion: string; maxExclusiveVersion: string; }; digest: string; snapshotId: string; components: { source: "template" | "pattern" | "primitive" | "smartspec" | "astryx"; ... 13 more ...; supportsReducedMotion: boolean; }[]; componentVersion: string; } | Omit<...>'.
  Type '{ snapshotId: string; componentVersion: "0.6.3"; compatibility: { minVersion: string; maxExclusiveVersion: string; }; components: ({ componentId: string; source: "astryx"; roles: string[]; supportedProps: string[]; ... 10 more ...; compatibility: { ...; }; } | { ...; } | { ...; } | { ...; })[]; }' is not assignable to type 'Omit<{ compatibility: { minVersion: string; maxExclusiveVersion: string; }; digest: string; snapshotId: string; components: { source: "template" | "pattern" | "primitive" | "smartspec" | "astryx"; ... 13 more ...; supportsReducedMotion: boolean; }[]; componentVersion: string; }, "digest">'.
    Types of property 'components' are incompatible.
      Type '({ componentId: string; source: "astryx"; roles: string[]; supportedProps: string[]; capabilities: string[]; locales: string[]; densities: ("compact" | "spacious" | "comfortable")[]; densityMappings: { ...; }; ... 6 more ...; compatibility: { ...; }; } | { ...; } | { ...; } | { ...; })[]' is not assignable to type '{ source: "template" | "pattern" | "primitive" | "smartspec" | "astryx"; compatibility: { minVersion: string; maxExclusiveVersion: string; }; capabilities: string[]; permissionScopes: ("public" | ... 1 more ... | "member")[]; ... 10 more ...; supportsReducedMotion: boolean; }[]'.
        Type '{ componentId: string; source: "astryx"; roles: string[]; supportedProps: string[]; capabilities: string[]; locales: string[]; densities: ("compact" | "spacious" | "comfortable")[]; densityMappings: { ...; }; ... 6 more ...; compatibility: { ...; }; } | { ...; } | { ...; } | { ...; }' is not assignable to type '{ source: "template" | "pattern" | "primitive" | "smartspec" | "astryx"; compatibility: { minVersion: string; maxExclusiveVersion: string; }; capabilities: string[]; permissionScopes: ("public" | ... 1 more ... | "member")[]; ... 10 more ...; supportsReducedMotion: boolean; }'.
          Type '{ componentId: string; source: "astryx"; roles: string[]; supportedProps: string[]; capabilities: string[]; locales: string[]; densities: ("compact" | "spacious" | "comfortable")[]; densityMappings: { ...; }; ... 6 more ...; compatibility: { ...; }; }' is not assignable to type '{ source: "template" | "pattern" | "primitive" | "smartspec" | "astryx"; compatibility: { minVersion: string; maxExclusiveVersion: string; }; capabilities: string[]; permissionScopes: ("public" | ... 1 more ... | "member")[]; ... 10 more ...; supportsReducedMotion: boolean; }'.
            The types of 'densityMappings.compact' are incompatible between these types.
              Type '{ size: string; density?: undefined; padding?: undefined; }' is not assignable to type 'Record<string, string | number | boolean>'.
                Property 'density' is incompatible with index signature.
                  Type 'undefined' is not assignable to type 'string | number | boolean'.
shared/verticalDramaMedia/speakerAwareWorkflow.ts(136,3): error TS2322: Type '{ activeFaceTrackId: string | null; activePersonTrackId: string | null; visualConfidence: number; fusedConfidence: number; basis: string[]; conflict: "none" | "multiple_candidates" | "audio_visual_mismatch" | "missing_visual" | "missing_audio"; startMs: number; endMs: number; speakerId: string | null; speechConfiden...' is not assignable to type '{ conflict: "none" | "multiple_candidates" | "audio_visual_mismatch" | "missing_visual" | "missing_audio"; startMs: number; endMs: number; basis: ("manual" | "person" | "continuity" | "face" | "subtitle" | "vad" | "diarization")[]; ... 5 more ...; fusedConfidence: number; }[]'.
  Type '{ activeFaceTrackId: string | null; activePersonTrackId: string | null; visualConfidence: number; fusedConfidence: number; basis: string[]; conflict: "none" | "multiple_candidates" | "audio_visual_mismatch" | "missing_visual" | "missing_audio"; startMs: number; endMs: number; speakerId: string | null; speechConfiden...' is not assignable to type '{ conflict: "none" | "multiple_candidates" | "audio_visual_mismatch" | "missing_visual" | "missing_audio"; startMs: number; endMs: number; basis: ("manual" | "person" | "continuity" | "face" | "subtitle" | "vad" | "diarization")[]; ... 5 more ...; fusedConfidence: number; }'.
    Types of property 'basis' are incompatible.
      Type 'string[]' is not assignable to type '("manual" | "person" | "continuity" | "face" | "subtitle" | "vad" | "diarization")[]'.
        Type 'string' is not assignable to type '"manual" | "person" | "continuity" | "face" | "subtitle" | "vad" | "diarization"'.
shared/workerRuntime.ts(12,8): error TS2307: Cannot find module '@smartspec/remotion-render/render-video-schema' or its corresponding type declarations.
shared/workerRuntime.ts(809,7): error TS18046: 'registration.runtimeMetadataJson' is of type 'unknown'.
shared/workerRuntime.ts(810,7): error TS18046: 'registration.capabilitiesJson' is of type 'unknown'.
shared/workerRuntime.ts(819,9): error TS18046: 'registration.healthSummaryJson' is of type 'unknown'.
shared/workerRuntime.ts(2047,8): error TS2307: Cannot find module '@smartspec/remotion-render/render-video-schema' or its corresponding type declarations.
shared/workerRuntime.ts(2060,8): error TS2307: Cannot find module '@smartspec/remotion-render/render-video-schema' or its corresponding type declarations.
../../packages/shared/src/emergency/__tests__/alertGeometry.test.ts(1,38): error TS2307: Cannot find module 'vitest' or its corresponding type declarations.
../../packages/shared/src/emergency/__tests__/intelligenceClaims.test.ts(1,38): error TS2307: Cannot find module 'vitest' or its corresponding type declarations.
../../packages/shared/src/emergency/disclosureGrant.test.ts(1,38): error TS2307: Cannot find module 'vitest' or its corresponding type declarations.
../../packages/shared/src/emergency/evidenceIntegrity.test.ts(2,38): error TS2307: Cannot find module 'vitest' or its corresponding type declarations.
../../packages/shared/src/emergency/federation.test.ts(1,38): error TS2307: Cannot find module 'vitest' or its corresponding type declarations.
../../packages/shared/src/emergency/feedFocus.test.ts(1,38): error TS2307: Cannot find module 'vitest' or its corresponding type declarations.
../../packages/shared/src/emergency/feedSemantics.test.ts(1,38): error TS2307: Cannot find module 'vitest' or its corresponding type declarations.
../../packages/shared/src/emergency/helperAvailability.test.ts(1,38): error TS2307: Cannot find module 'vitest' or its corresponding type declarations.
../../packages/shared/src/emergency/hydroImpactGraph.test.ts(1,38): error TS2307: Cannot find module 'vitest' or its corresponding type declarations.
../../packages/shared/src/emergency/mapBounds.test.ts(1,38): error TS2307: Cannot find module 'vitest' or its corresponding type declarations.
../../packages/shared/src/emergency/mapContext.test.ts(1,38): error TS2307: Cannot find module 'vitest' or its corresponding type declarations.
../../packages/shared/src/emergency/needFulfillment.test.ts(1,38): error TS2307: Cannot find module 'vitest' or its corresponding type declarations.
../../packages/shared/src/emergency/protocolPacks.test.ts(1,38): error TS2307: Cannot find module 'vitest' or its corresponding type declarations.
../../packages/shared/src/emergency/publicLocation.test.ts(1,38): error TS2307: Cannot find module 'vitest' or its corresponding type declarations.
../../packages/shared/src/emergency/reviewQueue.test.ts(1,38): error TS2307: Cannot find module 'vitest' or its corresponding type declarations.
../../packages/shared/src/emergency/triage.test.ts(1,38): error TS2307: Cannot find module 'vitest' or its corresponding type declarations.
../../packages/shared/src/emergency/workflowTransitions.test.ts(1,38): error TS2307: Cannot find module 'vitest' or its corresponding type declarations.
../../packages/shared/src/emergencyRouteManifest.test.ts(1,38): error TS2307: Cannot find module 'vitest' or its corresponding type declarations.
../../packages/shared/src/geo/capabilityResolver.test.ts(1,38): error TS2307: Cannot find module 'vitest' or its corresponding type declarations.
../../packages/shared/src/geo/geographicCapabilities.test.ts(1,38): error TS2307: Cannot find module 'vitest' or its corresponding type declarations.
../../packages/shared/src/geo/geographicCapabilities.test.ts(77,60): error TS7006: Parameter '_name' implicitly has an 'any' type.
../../packages/shared/src/geo/geographicCapabilities.test.ts(77,67): error TS7006: Parameter 'source' implicitly has an 'any' type.
../../packages/shared/src/geo/geographicCapabilities.test.ts(77,75): error TS7006: Parameter 'status' implicitly has an 'any' type.
../../packages/shared/src/geo/geographicCapabilities.test.ts(77,83): error TS7006: Parameter 'reason' implicitly has an 'any' type.
../../packages/shared/src/geo/geographicCapabilities.test.ts(113,64): error TS7006: Parameter 'maxAgeMs' implicitly has an 'any' type.
../../packages/shared/src/geo/geographicCapabilities.test.ts(113,74): error TS7006: Parameter 'observedAt' implicitly has an 'any' type.
../../packages/shared/src/geo/providerResolver.test.ts(1,38): error TS2307: Cannot find module 'vitest' or its corresponding type declarations.
../../packages/shared/src/geospatial/compoundHazards.test.ts(1,38): error TS2307: Cannot find module 'vitest' or its corresponding type declarations.
../../packages/shared/src/geospatial/exposure.test.ts(1,38): error TS2307: Cannot find module 'vitest' or its corresponding type declarations.
../../packages/shared/src/geospatial/hydrologyContracts.test.ts(1,38): error TS2307: Cannot find module 'vitest' or its corresponding type declarations.
../../packages/shared/src/geospatial/hydrologyTrend.test.ts(1,38): error TS2307: Cannot find module 'vitest' or its corresponding type declarations.
../../packages/shared/src/geospatial/hydrologyUnits.test.ts(1,38): error TS2307: Cannot find module 'vitest' or its corresponding type declarations.
../../packages/shared/src/geospatial/routeExposure.test.ts(1,38): error TS2307: Cannot find module 'vitest' or its corresponding type declarations.
../../packages/shared/src/geospatial/waterQuality.test.ts(1,38): error TS2307: Cannot find module 'vitest' or its corresponding type declarations.
../../packages/shared/src/video-editor/__tests__/cameraEvidence.test.ts(1,38): error TS2307: Cannot find module 'vitest' or its corresponding type declarations.
../../packages/shared/src/video-editor/__tests__/silenceCutMap.test.ts(1,38): error TS2307: Cannot find module 'vitest' or its corresponding type declarations.
../../packages/ui/src/components/layouts/DashboardLayout.tsx(53,76): error TS7016: Could not find a declaration file for module 'react'. '/home/dev/.cache/codex/canonical-sources/f29801373bfd4154c0d8/b916f620475c70420df72c353a3eceb7537799bd-package/node_modules/.pnpm/react@19.2.7/node_modules/react/index.js' implicitly has an 'any' type.
  If the 'react' package actually exposes this module, consider sending a pull request to amend 'https://github.com/DefinitelyTyped/DefinitelyTyped/tree/master/types/react'
../../packages/ui/src/components/ui/accordion.tsx(1,24): error TS7016: Could not find a declaration file for module 'react'. '/home/dev/.cache/codex/canonical-sources/f29801373bfd4154c0d8/b916f620475c70420df72c353a3eceb7537799bd-package/node_modules/.pnpm/react@19.2.7/node_modules/react/index.js' implicitly has an 'any' type.
  If the 'react' package actually exposes this module, consider sending a pull request to amend 'https://github.com/DefinitelyTyped/DefinitelyTyped/tree/master/types/react'
../../packages/ui/src/components/ui/accordion.tsx(59,7): error TS7026: JSX element implicitly has type 'any' because no interface 'JSX.IntrinsicElements' exists.
../../packages/ui/src/components/ui/accordion.tsx(59,61): error TS7026: JSX element implicitly has type 'any' because no interface 'JSX.IntrinsicElements' exists.
../../packages/ui/src/components/ui/alert-dialog.tsx(1,24): error TS7016: Could not find a declaration file for module 'react'. '/home/dev/.cache/codex/canonical-sources/f29801373bfd4154c0d8/b916f620475c70420df72c353a3eceb7537799bd-package/node_modules/.pnpm/react@19.2.7/node_modules/react/index.js' implicitly has an 'any' type.
  If the 'react' package actually exposes this module, consider sending a pull request to amend 'https://github.com/DefinitelyTyped/DefinitelyTyped/tree/master/types/react'
../../packages/ui/src/components/ui/alert-dialog.tsx(52,7): error TS7026: JSX element implicitly has type 'any' because no interface 'JSX.IntrinsicElements' exists.
../../packages/ui/src/components/ui/alert-dialog.tsx(61,7): error TS7026: JSX element implicitly has type 'any' because no interface 'JSX.IntrinsicElements' exists.
../../packages/ui/src/components/ui/alert-dialog.tsx(71,5): error TS7026: JSX element implicitly has type 'any' because no interface 'JSX.IntrinsicElements' exists.
../../packages/ui/src/components/ui/alert-dialog.tsx(84,5): error TS7026: JSX element implicitly has type 'any' because no interface 'JSX.IntrinsicElements' exists.
../../packages/ui/src/components/ui/alert.tsx(1,24): error TS7016: Could not find a declaration file for module 'react'. '/home/dev/.cache/codex/canonical-sources/f29801373bfd4154c0d8/b916f620475c70420df72c353a3eceb7537799bd-package/node_modules/.pnpm/react@19.2.7/node_modules/react/index.js' implicitly has an 'any' type.
  If the 'react' package actually exposes this module, consider sending a pull request to amend 'https://github.com/DefinitelyTyped/DefinitelyTyped/tree/master/types/react'
../../packages/ui/src/components/ui/alert.tsx(28,5): error TS7026: JSX element implicitly has type 'any' because no interface 'JSX.IntrinsicElements' exists.
../../packages/ui/src/components/ui/alert.tsx(39,5): error TS7026: JSX element implicitly has type 'any' because no interface 'JSX.IntrinsicElements' exists.
../../packages/ui/src/components/ui/alert.tsx(55,5): error TS7026: JSX element implicitly has type 'any' because no interface 'JSX.IntrinsicElements' exists.
../../packages/ui/src/components/ui/avatar.tsx(1,24): error TS7016: Could not find a declaration file for module 'react'. '/home/dev/.cache/codex/canonical-sources/f29801373bfd4154c0d8/b916f620475c70420df72c353a3eceb7537799bd-package/node_modules/.pnpm/react@19.2.7/node_modules/react/index.js' implicitly has an 'any' type.
  If the 'react' package actually exposes this module, consider sending a pull request to amend 'https://github.com/DefinitelyTyped/DefinitelyTyped/tree/master/types/react'
../../packages/ui/src/components/ui/badge.tsx(1,24): error TS7016: Could not find a declaration file for module 'react'. '/home/dev/.cache/codex/canonical-sources/f29801373bfd4154c0d8/b916f620475c70420df72c353a3eceb7537799bd-package/node_modules/.pnpm/react@19.2.7/node_modules/react/index.js' implicitly has an 'any' type.
  If the 'react' package actually exposes this module, consider sending a pull request to amend 'https://github.com/DefinitelyTyped/DefinitelyTyped/tree/master/types/react'
../../packages/ui/src/components/ui/breadcrumb.tsx(1,24): error TS7016: Could not find a declaration file for module 'react'. '/home/dev/.cache/codex/canonical-sources/f29801373bfd4154c0d8/b916f620475c70420df72c353a3eceb7537799bd-package/node_modules/.pnpm/react@19.2.7/node_modules/react/index.js' implicitly has an 'any' type.
  If the 'react' package actually exposes this module, consider sending a pull request to amend 'https://github.com/DefinitelyTyped/DefinitelyTyped/tree/master/types/react'
../../packages/ui/src/components/ui/breadcrumb.tsx(8,10): error TS7026: JSX element implicitly has type 'any' because no interface 'JSX.IntrinsicElements' exists.
../../packages/ui/src/components/ui/breadcrumb.tsx(13,5): error TS7026: JSX element implicitly has type 'any' because no interface 'JSX.IntrinsicElements' exists.
../../packages/ui/src/components/ui/breadcrumb.tsx(26,5): error TS7026: JSX element implicitly has type 'any' because no interface 'JSX.IntrinsicElements' exists.
../../packages/ui/src/components/ui/breadcrumb.tsx(54,5): error TS7026: JSX element implicitly has type 'any' because no interface 'JSX.IntrinsicElements' exists.
../../packages/ui/src/components/ui/breadcrumb.tsx(71,5): error TS7026: JSX element implicitly has type 'any' because no interface 'JSX.IntrinsicElements' exists.
../../packages/ui/src/components/ui/breadcrumb.tsx(79,5): error TS7026: JSX element implicitly has type 'any' because no interface 'JSX.IntrinsicElements' exists.
../../packages/ui/src/components/ui/breadcrumb.tsx(88,5): error TS7026: JSX element implicitly has type 'any' because no interface 'JSX.IntrinsicElements' exists.
../../packages/ui/src/components/ui/breadcrumb.tsx(96,7): error TS7026: JSX element implicitly has type 'any' because no interface 'JSX.IntrinsicElements' exists.
../../packages/ui/src/components/ui/breadcrumb.tsx(96,37): error TS7026: JSX element implicitly has type 'any' because no interface 'JSX.IntrinsicElements' exists.
../../packages/ui/src/components/ui/breadcrumb.tsx(97,5): error TS7026: JSX element implicitly has type 'any' because no interface 'JSX.IntrinsicElements' exists.
../../packages/ui/src/components/ui/button.tsx(1,24): error TS7016: Could not find a declaration file for module 'react'. '/home/dev/.cache/codex/canonical-sources/f29801373bfd4154c0d8/b916f620475c70420df72c353a3eceb7537799bd-package/node_modules/.pnpm/react@19.2.7/node_modules/react/index.js' implicitly has an 'any' type.
  If the 'react' package actually exposes this module, consider sending a pull request to amend 'https://github.com/DefinitelyTyped/DefinitelyTyped/tree/master/types/react'
../../packages/ui/src/components/ui/calendar.tsx(1,24): error TS7016: Could not find a declaration file for module 'react'. '/home/dev/.cache/codex/canonical-sources/f29801373bfd4154c0d8/b916f620475c70420df72c353a3eceb7537799bd-package/node_modules/.pnpm/react@19.2.7/node_modules/react/index.js' implicitly has an 'any' type.
  If the 'react' package actually exposes this module, consider sending a pull request to amend 'https://github.com/DefinitelyTyped/DefinitelyTyped/tree/master/types/react'
../../packages/ui/src/components/ui/calendar.tsx(128,13): error TS7026: JSX element implicitly has type 'any' because no interface 'JSX.IntrinsicElements' exists.
../../packages/ui/src/components/ui/calendar.tsx(159,13): error TS7026: JSX element implicitly has type 'any' because no interface 'JSX.IntrinsicElements' exists.
../../packages/ui/src/components/ui/calendar.tsx(160,15): error TS7026: JSX element implicitly has type 'any' because no interface 'JSX.IntrinsicElements' exists.
../../packages/ui/src/components/ui/calendar.tsx(162,15): error TS7026: JSX element implicitly has type 'any' because no interface 'JSX.IntrinsicElements' exists.
../../packages/ui/src/components/ui/calendar.tsx(163,13): error TS7026: JSX element implicitly has type 'any' because no interface 'JSX.IntrinsicElements' exists.
../../packages/ui/src/components/ui/card.tsx(1,24): error TS7016: Could not find a declaration file for module 'react'. '/home/dev/.cache/codex/canonical-sources/f29801373bfd4154c0d8/b916f620475c70420df72c353a3eceb7537799bd-package/node_modules/.pnpm/react@19.2.7/node_modules/react/index.js' implicitly has an 'any' type.
  If the 'react' package actually exposes this module, consider sending a pull request to amend 'https://github.com/DefinitelyTyped/DefinitelyTyped/tree/master/types/react'
../../packages/ui/src/components/ui/card.tsx(7,5): error TS7026: JSX element implicitly has type 'any' because no interface 'JSX.IntrinsicElements' exists.
../../packages/ui/src/components/ui/card.tsx(20,5): error TS7026: JSX element implicitly has type 'any' because no interface 'JSX.IntrinsicElements' exists.
../../packages/ui/src/components/ui/card.tsx(33,5): error TS7026: JSX element implicitly has type 'any' because no interface 'JSX.IntrinsicElements' exists.
../../packages/ui/src/components/ui/card.tsx(43,5): error TS7026: JSX element implicitly has type 'any' because no interface 'JSX.IntrinsicElements' exists.
../../packages/ui/src/components/ui/card.tsx(53,5): error TS7026: JSX element implicitly has type 'any' because no interface 'JSX.IntrinsicElements' exists.
../../packages/ui/src/components/ui/card.tsx(66,5): error TS7026: JSX element implicitly has type 'any' because no interface 'JSX.IntrinsicElements' exists.
../../packages/ui/src/components/ui/card.tsx(76,5): error TS7026: JSX element implicitly has type 'any' because no interface 'JSX.IntrinsicElements' exists.
../../packages/ui/src/components/ui/carousel.tsx(1,24): error TS7016: Could not find a declaration file for module 'react'. '/home/dev/.cache/codex/canonical-sources/f29801373bfd4154c0d8/b916f620475c70420df72c353a3eceb7537799bd-package/node_modules/.pnpm/react@19.2.7/node_modules/react/index.js' implicitly has an 'any' type.
  If the 'react' package actually exposes this module, consider sending a pull request to amend 'https://github.com/DefinitelyTyped/DefinitelyTyped/tree/master/types/react'
../../packages/ui/src/components/ui/carousel.tsx(119,7): error TS7026: JSX element implicitly has type 'any' because no interface 'JSX.IntrinsicElements' exists.
../../packages/ui/src/components/ui/carousel.tsx(128,7): error TS7026: JSX element implicitly has type 'any' because no interface 'JSX.IntrinsicElements' exists.
../../packages/ui/src/components/ui/carousel.tsx(137,5): error TS7026: JSX element implicitly has type 'any' because no interface 'JSX.IntrinsicElements' exists.
../../packages/ui/src/components/ui/carousel.tsx(142,7): error TS7026: JSX element implicitly has type 'any' because no interface 'JSX.IntrinsicElements' exists.
../../packages/ui/src/components/ui/carousel.tsx(150,5): error TS7026: JSX element implicitly has type 'any' because no interface 'JSX.IntrinsicElements' exists.
../../packages/ui/src/components/ui/carousel.tsx(158,5): error TS7026: JSX element implicitly has type 'any' because no interface 'JSX.IntrinsicElements' exists.
../../packages/ui/src/components/ui/carousel.tsx(197,7): error TS7026: JSX element implicitly has type 'any' because no interface 'JSX.IntrinsicElements' exists.
../../packages/ui/src/components/ui/carousel.tsx(197,47): error TS7026: JSX element implicitly has type 'any' because no interface 'JSX.IntrinsicElements' exists.
../../packages/ui/src/components/ui/carousel.tsx(227,7): error TS7026: JSX element implicitly has type 'any' because no interface 'JSX.IntrinsicElements' exists.
../../packages/ui/src/components/ui/carousel.tsx(227,43): error TS7026: JSX element implicitly has type 'any' because no interface 'JSX.IntrinsicElements' exists.
../../packages/ui/src/components/ui/chart.tsx(1,24): error TS7016: Could not find a declaration file for module 'react'. '/home/dev/.cache/codex/canonical-sources/f29801373bfd4154c0d8/b916f620475c70420df72c353a3eceb7537799bd-package/node_modules/.pnpm/react@19.2.7/node_modules/react/index.js' implicitly has an 'any' type.
  If the 'react' package actually exposes this module, consider sending a pull request to amend 'https://github.com/DefinitelyTyped/DefinitelyTyped/tree/master/types/react'
../../packages/ui/src/components/ui/chart.tsx(52,7): error TS7026: JSX element implicitly has type 'any' because no interface 'JSX.IntrinsicElements' exists.
../../packages/ui/src/components/ui/chart.tsx(62,10): error TS2322: Type '{}' is not assignable to type 'Props & RefAttributes<HTMLDivElement | { current: HTMLDivElement; }>'.
  Property 'children' is missing in type '{}' but required in type 'Props'.
../../packages/ui/src/components/ui/chart.tsx(65,7): error TS7026: JSX element implicitly has type 'any' because no interface 'JSX.IntrinsicElements' exists.
../../packages/ui/src/components/ui/chart.tsx(80,5): error TS7026: JSX element implicitly has type 'any' because no interface 'JSX.IntrinsicElements' exists.
../../packages/ui/src/components/ui/chart.tsx(150,9): error TS7026: JSX element implicitly has type 'any' because no interface 'JSX.IntrinsicElements' exists.
../../packages/ui/src/components/ui/chart.tsx(152,9): error TS7026: JSX element implicitly has type 'any' because no interface 'JSX.IntrinsicElements' exists.
../../packages/ui/src/components/ui/chart.tsx(160,12): error TS7026: JSX element implicitly has type 'any' because no interface 'JSX.IntrinsicElements' exists.
../../packages/ui/src/components/ui/chart.tsx(160,70): error TS7026: JSX element implicitly has type 'any' because no interface 'JSX.IntrinsicElements' exists.
../../packages/ui/src/components/ui/chart.tsx(178,5): error TS7026: JSX element implicitly has type 'any' because no interface 'JSX.IntrinsicElements' exists.
../../packages/ui/src/components/ui/chart.tsx(185,7): error TS7026: JSX element implicitly has type 'any' because no interface 'JSX.IntrinsicElements' exists.
../../packages/ui/src/components/ui/chart.tsx(187,19): error TS7006: Parameter 'item' implicitly has an 'any' type.
../../packages/ui/src/components/ui/chart.tsx(188,17): error TS7006: Parameter 'item' implicitly has an 'any' type.
../../packages/ui/src/components/ui/chart.tsx(188,23): error TS7006: Parameter 'index' implicitly has an 'any' type.
../../packages/ui/src/components/ui/chart.tsx(194,15): error TS7026: JSX element implicitly has type 'any' because no interface 'JSX.IntrinsicElements' exists.
../../packages/ui/src/components/ui/chart.tsx(209,25): error TS7026: JSX element implicitly has type 'any' because no interface 'JSX.IntrinsicElements' exists.
../../packages/ui/src/components/ui/chart.tsx(229,21): error TS7026: JSX element implicitly has type 'any' because no interface 'JSX.IntrinsicElements' exists.
../../packages/ui/src/components/ui/chart.tsx(235,23): error TS7026: JSX element implicitly has type 'any' because no interface 'JSX.IntrinsicElements' exists.
../../packages/ui/src/components/ui/chart.tsx(237,25): error TS7026: JSX element implicitly has type 'any' because no interface 'JSX.IntrinsicElements' exists.
../../packages/ui/src/components/ui/chart.tsx(239,25): error TS7026: JSX element implicitly has type 'any' because no interface 'JSX.IntrinsicElements' exists.
../../packages/ui/src/components/ui/chart.tsx(240,23): error TS7026: JSX element implicitly has type 'any' because no interface 'JSX.IntrinsicElements' exists.
../../packages/ui/src/components/ui/chart.tsx(242,25): error TS7026: JSX element implicitly has type 'any' because no interface 'JSX.IntrinsicElements' exists.
../../packages/ui/src/components/ui/chart.tsx(244,25): error TS7026: JSX element implicitly has type 'any' because no interface 'JSX.IntrinsicElements' exists.
../../packages/ui/src/components/ui/chart.tsx(246,21): error TS7026: JSX element implicitly has type 'any' because no interface 'JSX.IntrinsicElements' exists.
../../packages/ui/src/components/ui/chart.tsx(249,15): error TS7026: JSX element implicitly has type 'any' because no interface 'JSX.IntrinsicElements' exists.
../../packages/ui/src/components/ui/chart.tsx(252,7): error TS7026: JSX element implicitly has type 'any' because no interface 'JSX.IntrinsicElements' exists.
../../packages/ui/src/components/ui/chart.tsx(253,5): error TS7026: JSX element implicitly has type 'any' because no interface 'JSX.IntrinsicElements' exists.
../../packages/ui/src/components/ui/chart.tsx(277,5): error TS7026: JSX element implicitly has type 'any' because no interface 'JSX.IntrinsicElements' exists.
../../packages/ui/src/components/ui/chart.tsx(285,17): error TS7006: Parameter 'item' implicitly has an 'any' type.
../../packages/ui/src/components/ui/chart.tsx(286,14): error TS7006: Parameter 'item' implicitly has an 'any' type.
../../packages/ui/src/components/ui/chart.tsx(291,13): error TS7026: JSX element implicitly has type 'any' because no interface 'JSX.IntrinsicElements' exists.
../../packages/ui/src/components/ui/chart.tsx(300,17): error TS7026: JSX element implicitly has type 'any' because no interface 'JSX.IntrinsicElements' exists.
../../packages/ui/src/components/ui/chart.tsx(308,13): error TS7026: JSX element implicitly has type 'any' because no interface 'JSX.IntrinsicElements' exists.
../../packages/ui/src/components/ui/chart.tsx(311,5): error TS7026: JSX element implicitly has type 'any' because no interface 'JSX.IntrinsicElements' exists.
../../packages/ui/src/components/ui/checkbox.tsx(1,24): error TS7016: Could not find a declaration file for module 'react'. '/home/dev/.cache/codex/canonical-sources/f29801373bfd4154c0d8/b916f620475c70420df72c353a3eceb7537799bd-package/node_modules/.pnpm/react@19.2.7/node_modules/react/index.js' implicitly has an 'any' type.
  If the 'react' package actually exposes this module, consider sending a pull request to amend 'https://github.com/DefinitelyTyped/DefinitelyTyped/tree/master/types/react'
../../packages/ui/src/components/ui/command.tsx(3,24): error TS7016: Could not find a declaration file for module 'react'. '/home/dev/.cache/codex/canonical-sources/f29801373bfd4154c0d8/b916f620475c70420df72c353a3eceb7537799bd-package/node_modules/.pnpm/react@19.2.7/node_modules/react/index.js' implicitly has an 'any' type.
  If the 'react' package actually exposes this module, consider sending a pull request to amend 'https://github.com/DefinitelyTyped/DefinitelyTyped/tree/master/types/react'
../../packages/ui/src/components/ui/command.tsx(68,5): error TS7026: JSX element implicitly has type 'any' because no interface 'JSX.IntrinsicElements' exists.
../../packages/ui/src/components/ui/command.tsx(81,5): error TS7026: JSX element implicitly has type 'any' because no interface 'JSX.IntrinsicElements' exists.
../../packages/ui/src/components/ui/command.tsx(178,5): error TS7026: JSX element implicitly has type 'any' because no interface 'JSX.IntrinsicElements' exists.
../../packages/ui/src/components/ui/context-menu.tsx(1,24): error TS7016: Could not find a declaration file for module 'react'. '/home/dev/.cache/codex/canonical-sources/f29801373bfd4154c0d8/b916f620475c70420df72c353a3eceb7537799bd-package/node_modules/.pnpm/react@19.2.7/node_modules/react/index.js' implicitly has an 'any' type.
  If the 'react' package actually exposes this module, consider sending a pull request to amend 'https://github.com/DefinitelyTyped/DefinitelyTyped/tree/master/types/react'
../../packages/ui/src/components/ui/context-menu.tsx(151,7): error TS7026: JSX element implicitly has type 'any' because no interface 'JSX.IntrinsicElements' exists.
../../packages/ui/src/components/ui/context-menu.tsx(155,7): error TS7026: JSX element implicitly has type 'any' because no interface 'JSX.IntrinsicElements' exists.
../../packages/ui/src/components/ui/context-menu.tsx(175,7): error TS7026: JSX element implicitly has type 'any' because no interface 'JSX.IntrinsicElements' exists.
../../packages/ui/src/components/ui/context-menu.tsx(179,7): error TS7026: JSX element implicitly has type 'any' because no interface 'JSX.IntrinsicElements' exists.
../../packages/ui/src/components/ui/context-menu.tsx(223,5): error TS7026: JSX element implicitly has type 'any' because no interface 'JSX.IntrinsicElements' exists.
../../packages/ui/src/components/ui/dialog.tsx(4,24): error TS7016: Could not find a declaration file for module 'react'. '/home/dev/.cache/codex/canonical-sources/f29801373bfd4154c0d8/b916f620475c70420df72c353a3eceb7537799bd-package/node_modules/.pnpm/react@19.2.7/node_modules/react/index.js' implicitly has an 'any' type.
  If the 'react' package actually exposes this module, consider sending a pull request to amend 'https://github.com/DefinitelyTyped/DefinitelyTyped/tree/master/types/react'
../../packages/ui/src/components/ui/dialog.tsx(132,7): error TS7026: JSX element implicitly has type 'any' because no interface 'JSX.IntrinsicElements' exists.
../../packages/ui/src/components/ui/dialog.tsx(147,13): error TS7026: JSX element implicitly has type 'any' because no interface 'JSX.IntrinsicElements' exists.
../../packages/ui/src/components/ui/dialog.tsx(147,44): error TS7026: JSX element implicitly has type 'any' because no interface 'JSX.IntrinsicElements' exists.
../../packages/ui/src/components/ui/dialog.tsx(150,7): error TS7026: JSX element implicitly has type 'any' because no interface 'JSX.IntrinsicElements' exists.
../../packages/ui/src/components/ui/dialog.tsx(162,7): error TS7026: JSX element implicitly has type 'any' because no interface 'JSX.IntrinsicElements' exists.
../../packages/ui/src/components/ui/dialog.tsx(189,15): error TS7026: JSX element implicitly has type 'any' because no interface 'JSX.IntrinsicElements' exists.
../../packages/ui/src/components/ui/dialog.tsx(189,46): error TS7026: JSX element implicitly has type 'any' because no interface 'JSX.IntrinsicElements' exists.
../../packages/ui/src/components/ui/dialog.tsx(193,7): error TS7026: JSX element implicitly has type 'any' because no interface 'JSX.IntrinsicElements' exists.
../../packages/ui/src/components/ui/dialog.tsx(200,5): error TS7026: JSX element implicitly has type 'any' because no interface 'JSX.IntrinsicElements' exists.
../../packages/ui/src/components/ui/dialog.tsx(210,5): error TS7026: JSX element implicitly has type 'any' because no interface 'JSX.IntrinsicElements' exists.
../../packages/ui/src/components/ui/drawer.tsx(1,24): error TS7016: Could not find a declaration file for module 'react'. '/home/dev/.cache/codex/canonical-sources/f29801373bfd4154c0d8/b916f620475c70420df72c353a3eceb7537799bd-package/node_modules/.pnpm/react@19.2.7/node_modules/react/index.js' implicitly has an 'any' type.
  If the 'react' package actually exposes this module, consider sending a pull request to amend 'https://github.com/DefinitelyTyped/DefinitelyTyped/tree/master/types/react'
../../packages/ui/src/components/ui/drawer.tsx(66,9): error TS7026: JSX element implicitly has type 'any' because no interface 'JSX.IntrinsicElements' exists.
../../packages/ui/src/components/ui/drawer.tsx(75,5): error TS7026: JSX element implicitly has type 'any' because no interface 'JSX.IntrinsicElements' exists.
../../packages/ui/src/components/ui/drawer.tsx(88,5): error TS7026: JSX element implicitly has type 'any' because no interface 'JSX.IntrinsicElements' exists.
../../packages/ui/src/components/ui/dropdown-menu.tsx(1,24): error TS7016: Could not find a declaration file for module 'react'. '/home/dev/.cache/codex/canonical-sources/f29801373bfd4154c0d8/b916f620475c70420df72c353a3eceb7537799bd-package/node_modules/.pnpm/react@19.2.7/node_modules/react/index.js' implicitly has an 'any' type.
  If the 'react' package actually exposes this module, consider sending a pull request to amend 'https://github.com/DefinitelyTyped/DefinitelyTyped/tree/master/types/react'
../../packages/ui/src/components/ui/dropdown-menu.tsx(99,7): error TS7026: JSX element implicitly has type 'any' because no interface 'JSX.IntrinsicElements' exists.
../../packages/ui/src/components/ui/dropdown-menu.tsx(103,7): error TS7026: JSX element implicitly has type 'any' because no interface 'JSX.IntrinsicElements' exists.
../../packages/ui/src/components/ui/dropdown-menu.tsx(134,7): error TS7026: JSX element implicitly has type 'any' because no interface 'JSX.IntrinsicElements' exists.
../../packages/ui/src/components/ui/dropdown-menu.tsx(138,7): error TS7026: JSX element implicitly has type 'any' because no interface 'JSX.IntrinsicElements' exists.
../../packages/ui/src/components/ui/dropdown-menu.tsx(182,5): error TS7026: JSX element implicitly has type 'any' because no interface 'JSX.IntrinsicElements' exists.
../../packages/ui/src/components/ui/field.tsx(1,25): error TS7016: Could not find a declaration file for module 'react'. '/home/dev/.cache/codex/canonical-sources/f29801373bfd4154c0d8/b916f620475c70420df72c353a3eceb7537799bd-package/node_modules/.pnpm/react@19.2.7/node_modules/react/index.js' implicitly has an 'any' type.
  If the 'react' package actually exposes this module, consider sending a pull request to amend 'https://github.com/DefinitelyTyped/DefinitelyTyped/tree/master/types/react'
../../packages/ui/src/components/ui/form.tsx(3,24): error TS7016: Could not find a declaration file for module 'react'. '/home/dev/.cache/codex/canonical-sources/f29801373bfd4154c0d8/b916f620475c70420df72c353a3eceb7537799bd-package/node_modules/.pnpm/react@19.2.7/node_modules/react/index.js' implicitly has an 'any' type.
  If the 'react' package actually exposes this module, consider sending a pull request to amend 'https://github.com/DefinitelyTyped/DefinitelyTyped/tree/master/types/react'
../../packages/ui/src/components/ui/form.tsx(81,7): error TS7026: JSX element implicitly has type 'any' because no interface 'JSX.IntrinsicElements' exists.
../../packages/ui/src/components/ui/form.tsx(130,5): error TS7026: JSX element implicitly has type 'any' because no interface 'JSX.IntrinsicElements' exists.
../../packages/ui/src/components/ui/form.tsx(148,5): error TS7026: JSX element implicitly has type 'any' because no interface 'JSX.IntrinsicElements' exists.
../../packages/ui/src/components/ui/form.tsx(155,5): error TS7026: JSX element implicitly has type 'any' because no interface 'JSX.IntrinsicElements' exists.
../../packages/ui/src/components/ui/hover-card.tsx(1,24): error TS7016: Could not find a declaration file for module 'react'. '/home/dev/.cache/codex/canonical-sources/f29801373bfd4154c0d8/b916f620475c70420df72c353a3eceb7537799bd-package/node_modules/.pnpm/react@19.2.7/node_modules/react/index.js' implicitly has an 'any' type.
  If the 'react' package actually exposes this module, consider sending a pull request to amend 'https://github.com/DefinitelyTyped/DefinitelyTyped/tree/master/types/react'
../../packages/ui/src/components/ui/input-group.tsx(1,24): error TS7016: Could not find a declaration file for module 'react'. '/home/dev/.cache/codex/canonical-sources/f29801373bfd4154c0d8/b916f620475c70420df72c353a3eceb7537799bd-package/node_modules/.pnpm/react@19.2.7/node_modules/react/index.js' implicitly has an 'any' type.
  If the 'react' package actually exposes this module, consider sending a pull request to amend 'https://github.com/DefinitelyTyped/DefinitelyTyped/tree/master/types/react'
../../packages/ui/src/components/ui/input-group.tsx(11,5): error TS7026: JSX element implicitly has type 'any' because no interface 'JSX.IntrinsicElements' exists.
../../packages/ui/src/components/ui/input-group.tsx(64,5): error TS7026: JSX element implicitly has type 'any' because no interface 'JSX.IntrinsicElements' exists.
../../packages/ui/src/components/ui/input-group.tsx(69,16): error TS7006: Parameter 'e' implicitly has an 'any' type.
../../packages/ui/src/components/ui/input-group.tsx(119,5): error TS7026: JSX element implicitly has type 'any' because no interface 'JSX.IntrinsicElements' exists.
../../packages/ui/src/components/ui/input-otp.tsx(1,24): error TS7016: Could not find a declaration file for module 'react'. '/home/dev/.cache/codex/canonical-sources/f29801373bfd4154c0d8/b916f620475c70420df72c353a3eceb7537799bd-package/node_modules/.pnpm/react@19.2.7/node_modules/react/index.js' implicitly has an 'any' type.
  If the 'react' package actually exposes this module, consider sending a pull request to amend 'https://github.com/DefinitelyTyped/DefinitelyTyped/tree/master/types/react'
../../packages/ui/src/components/ui/input-otp.tsx(29,5): error TS7026: JSX element implicitly has type 'any' because no interface 'JSX.IntrinsicElements' exists.
../../packages/ui/src/components/ui/input-otp.tsx(48,5): error TS7026: JSX element implicitly has type 'any' because no interface 'JSX.IntrinsicElements' exists.
../../packages/ui/src/components/ui/input-otp.tsx(59,9): error TS7026: JSX element implicitly has type 'any' because no interface 'JSX.IntrinsicElements' exists.
../../packages/ui/src/components/ui/input-otp.tsx(60,11): error TS7026: JSX element implicitly has type 'any' because no interface 'JSX.IntrinsicElements' exists.
../../packages/ui/src/components/ui/input-otp.tsx(61,9): error TS7026: JSX element implicitly has type 'any' because no interface 'JSX.IntrinsicElements' exists.
../../packages/ui/src/components/ui/input-otp.tsx(63,5): error TS7026: JSX element implicitly has type 'any' because no interface 'JSX.IntrinsicElements' exists.
../../packages/ui/src/components/ui/input-otp.tsx(69,5): error TS7026: JSX element implicitly has type 'any' because no interface 'JSX.IntrinsicElements' exists.
../../packages/ui/src/components/ui/input-otp.tsx(71,5): error TS7026: JSX element implicitly has type 'any' because no interface 'JSX.IntrinsicElements' exists.
../../packages/ui/src/components/ui/input.tsx(4,24): error TS7016: Could not find a declaration file for module 'react'. '/home/dev/.cache/codex/canonical-sources/f29801373bfd4154c0d8/b916f620475c70420df72c353a3eceb7537799bd-package/node_modules/.pnpm/react@19.2.7/node_modules/react/index.js' implicitly has an 'any' type.
  If the 'react' package actually exposes this module, consider sending a pull request to amend 'https://github.com/DefinitelyTyped/DefinitelyTyped/tree/master/types/react'
../../packages/ui/src/components/ui/input.tsx(53,5): error TS7026: JSX element implicitly has type 'any' because no interface 'JSX.IntrinsicElements' exists.
../../packages/ui/src/components/ui/item.tsx(1,24): error TS7016: Could not find a declaration file for module 'react'. '/home/dev/.cache/codex/canonical-sources/f29801373bfd4154c0d8/b916f620475c70420df72c353a3eceb7537799bd-package/node_modules/.pnpm/react@19.2.7/node_modules/react/index.js' implicitly has an 'any' type.
  If the 'react' package actually exposes this module, consider sending a pull request to amend 'https://github.com/DefinitelyTyped/DefinitelyTyped/tree/master/types/react'
../../packages/ui/src/components/ui/item.tsx(10,5): error TS7026: JSX element implicitly has type 'any' because no interface 'JSX.IntrinsicElements' exists.
../../packages/ui/src/components/ui/item.tsx(97,5): error TS7026: JSX element implicitly has type 'any' because no interface 'JSX.IntrinsicElements' exists.
../../packages/ui/src/components/ui/item.tsx(108,5): error TS7026: JSX element implicitly has type 'any' because no interface 'JSX.IntrinsicElements' exists.
../../packages/ui/src/components/ui/item.tsx(121,5): error TS7026: JSX element implicitly has type 'any' because no interface 'JSX.IntrinsicElements' exists.
../../packages/ui/src/components/ui/item.tsx(134,5): error TS7026: JSX element implicitly has type 'any' because no interface 'JSX.IntrinsicElements' exists.
../../packages/ui/src/components/ui/item.tsx(148,5): error TS7026: JSX element implicitly has type 'any' because no interface 'JSX.IntrinsicElements' exists.
../../packages/ui/src/components/ui/item.tsx(158,5): error TS7026: JSX element implicitly has type 'any' because no interface 'JSX.IntrinsicElements' exists.
../../packages/ui/src/components/ui/item.tsx(171,5): error TS7026: JSX element implicitly has type 'any' because no interface 'JSX.IntrinsicElements' exists.
../../packages/ui/src/components/ui/label.tsx(1,24): error TS7016: Could not find a declaration file for module 'react'. '/home/dev/.cache/codex/canonical-sources/f29801373bfd4154c0d8/b916f620475c70420df72c353a3eceb7537799bd-package/node_modules/.pnpm/react@19.2.7/node_modules/react/index.js' implicitly has an 'any' type.
  If the 'react' package actually exposes this module, consider sending a pull request to amend 'https://github.com/DefinitelyTyped/DefinitelyTyped/tree/master/types/react'
../../packages/ui/src/components/ui/menubar.tsx(1,24): error TS7016: Could not find a declaration file for module 'react'. '/home/dev/.cache/codex/canonical-sources/f29801373bfd4154c0d8/b916f620475c70420df72c353a3eceb7537799bd-package/node_modules/.pnpm/react@19.2.7/node_modules/react/index.js' implicitly has an 'any' type.
  If the 'react' package actually exposes this module, consider sending a pull request to amend 'https://github.com/DefinitelyTyped/DefinitelyTyped/tree/master/types/react'
../../packages/ui/src/components/ui/menubar.tsx(128,7): error TS7026: JSX element implicitly has type 'any' because no interface 'JSX.IntrinsicElements' exists.
../../packages/ui/src/components/ui/menubar.tsx(132,7): error TS7026: JSX element implicitly has type 'any' because no interface 'JSX.IntrinsicElements' exists.
../../packages/ui/src/components/ui/menubar.tsx(152,7): error TS7026: JSX element implicitly has type 'any' because no interface 'JSX.IntrinsicElements' exists.
../../packages/ui/src/components/ui/menubar.tsx(156,7): error TS7026: JSX element implicitly has type 'any' because no interface 'JSX.IntrinsicElements' exists.
../../packages/ui/src/components/ui/menubar.tsx(200,5): error TS7026: JSX element implicitly has type 'any' because no interface 'JSX.IntrinsicElements' exists.
../../packages/ui/src/components/ui/navigation-menu.tsx(1,24): error TS7016: Could not find a declaration file for module 'react'. '/home/dev/.cache/codex/canonical-sources/f29801373bfd4154c0d8/b916f620475c70420df72c353a3eceb7537799bd-package/node_modules/.pnpm/react@19.2.7/node_modules/react/index.js' implicitly has an 'any' type.
  If the 'react' package actually exposes this module, consider sending a pull request to amend 'https://github.com/DefinitelyTyped/DefinitelyTyped/tree/master/types/react'
../../packages/ui/src/components/ui/navigation-menu.tsx(107,5): error TS7026: JSX element implicitly has type 'any' because no interface 'JSX.IntrinsicElements' exists.
../../packages/ui/src/components/ui/navigation-menu.tsx(120,5): error TS7026: JSX element implicitly has type 'any' because no interface 'JSX.IntrinsicElements' exists.
../../packages/ui/src/components/ui/navigation-menu.tsx(153,7): error TS7026: JSX element implicitly has type 'any' because no interface 'JSX.IntrinsicElements' exists.
../../packages/ui/src/components/ui/pagination.tsx(1,24): error TS7016: Could not find a declaration file for module 'react'. '/home/dev/.cache/codex/canonical-sources/f29801373bfd4154c0d8/b916f620475c70420df72c353a3eceb7537799bd-package/node_modules/.pnpm/react@19.2.7/node_modules/react/index.js' implicitly has an 'any' type.
  If the 'react' package actually exposes this module, consider sending a pull request to amend 'https://github.com/DefinitelyTyped/DefinitelyTyped/tree/master/types/react'
../../packages/ui/src/components/ui/pagination.tsx(13,5): error TS7026: JSX element implicitly has type 'any' because no interface 'JSX.IntrinsicElements' exists.
../../packages/ui/src/components/ui/pagination.tsx(28,5): error TS7026: JSX element implicitly has type 'any' because no interface 'JSX.IntrinsicElements' exists.
../../packages/ui/src/components/ui/pagination.tsx(37,10): error TS7026: JSX element implicitly has type 'any' because no interface 'JSX.IntrinsicElements' exists.
../../packages/ui/src/components/ui/pagination.tsx(52,5): error TS7026: JSX element implicitly has type 'any' because no interface 'JSX.IntrinsicElements' exists.
../../packages/ui/src/components/ui/pagination.tsx(80,7): error TS7026: JSX element implicitly has type 'any' because no interface 'JSX.IntrinsicElements' exists.
../../packages/ui/src/components/ui/pagination.tsx(80,49): error TS7026: JSX element implicitly has type 'any' because no interface 'JSX.IntrinsicElements' exists.
../../packages/ui/src/components/ui/pagination.tsx(96,7): error TS7026: JSX element implicitly has type 'any' because no interface 'JSX.IntrinsicElements' exists.
../../packages/ui/src/components/ui/pagination.tsx(96,45): error TS7026: JSX element implicitly has type 'any' because no interface 'JSX.IntrinsicElements' exists.
../../packages/ui/src/components/ui/pagination.tsx(107,5): error TS7026: JSX element implicitly has type 'any' because no interface 'JSX.IntrinsicElements' exists.
../../packages/ui/src/components/ui/pagination.tsx(114,7): error TS7026: JSX element implicitly has type 'any' because no interface 'JSX.IntrinsicElements' exists.
../../packages/ui/src/components/ui/pagination.tsx(114,43): error TS7026: JSX element implicitly has type 'any' because no interface 'JSX.IntrinsicElements' exists.
../../packages/ui/src/components/ui/pagination.tsx(115,5): error TS7026: JSX element implicitly has type 'any' because no interface 'JSX.IntrinsicElements' exists.
../../packages/ui/src/components/ui/popover.tsx(1,24): error TS7016: Could not find a declaration file for module 'react'. '/home/dev/.cache/codex/canonical-sources/f29801373bfd4154c0d8/b916f620475c70420df72c353a3eceb7537799bd-package/node_modules/.pnpm/react@19.2.7/node_modules/react/index.js' implicitly has an 'any' type.
  If the 'react' package actually exposes this module, consider sending a pull request to amend 'https://github.com/DefinitelyTyped/DefinitelyTyped/tree/master/types/react'
../../packages/ui/src/components/ui/progress.tsx(1,24): error TS7016: Could not find a declaration file for module 'react'. '/home/dev/.cache/codex/canonical-sources/f29801373bfd4154c0d8/b916f620475c70420df72c353a3eceb7537799bd-package/node_modules/.pnpm/react@19.2.7/node_modules/react/index.js' implicitly has an 'any' type.
  If the 'react' package actually exposes this module, consider sending a pull request to amend 'https://github.com/DefinitelyTyped/DefinitelyTyped/tree/master/types/react'
../../packages/ui/src/components/ui/radio-group.tsx(1,24): error TS7016: Could not find a declaration file for module 'react'. '/home/dev/.cache/codex/canonical-sources/f29801373bfd4154c0d8/b916f620475c70420df72c353a3eceb7537799bd-package/node_modules/.pnpm/react@19.2.7/node_modules/react/index.js' implicitly has an 'any' type.
  If the 'react' package actually exposes this module, consider sending a pull request to amend 'https://github.com/DefinitelyTyped/DefinitelyTyped/tree/master/types/react'
../../packages/ui/src/components/ui/resizable.tsx(1,24): error TS7016: Could not find a declaration file for module 'react'. '/home/dev/.cache/codex/canonical-sources/f29801373bfd4154c0d8/b916f620475c70420df72c353a3eceb7537799bd-package/node_modules/.pnpm/react@19.2.7/node_modules/react/index.js' implicitly has an 'any' type.
  If the 'react' package actually exposes this module, consider sending a pull request to amend 'https://github.com/DefinitelyTyped/DefinitelyTyped/tree/master/types/react'
../../packages/ui/src/components/ui/resizable.tsx(46,9): error TS7026: JSX element implicitly has type 'any' because no interface 'JSX.IntrinsicElements' exists.
../../packages/ui/src/components/ui/resizable.tsx(48,9): error TS7026: JSX element implicitly has type 'any' because no interface 'JSX.IntrinsicElements' exists.
../../packages/ui/src/components/ui/scroll-area.tsx(1,24): error TS7016: Could not find a declaration file for module 'react'. '/home/dev/.cache/codex/canonical-sources/f29801373bfd4154c0d8/b916f620475c70420df72c353a3eceb7537799bd-package/node_modules/.pnpm/react@19.2.7/node_modules/react/index.js' implicitly has an 'any' type.
  If the 'react' package actually exposes this module, consider sending a pull request to amend 'https://github.com/DefinitelyTyped/DefinitelyTyped/tree/master/types/react'
../../packages/ui/src/components/ui/select.tsx(1,24): error TS7016: Could not find a declaration file for module 'react'. '/home/dev/.cache/codex/canonical-sources/f29801373bfd4154c0d8/b916f620475c70420df72c353a3eceb7537799bd-package/node_modules/.pnpm/react@19.2.7/node_modules/react/index.js' implicitly has an 'any' type.
  If the 'react' package actually exposes this module, consider sending a pull request to amend 'https://github.com/DefinitelyTyped/DefinitelyTyped/tree/master/types/react'
../../packages/ui/src/components/ui/select.tsx(115,7): error TS7026: JSX element implicitly has type 'any' because no interface 'JSX.IntrinsicElements' exists.
../../packages/ui/src/components/ui/select.tsx(119,7): error TS7026: JSX element implicitly has type 'any' because no interface 'JSX.IntrinsicElements' exists.
../../packages/ui/src/components/ui/separator.tsx(1,24): error TS7016: Could not find a declaration file for module 'react'. '/home/dev/.cache/codex/canonical-sources/f29801373bfd4154c0d8/b916f620475c70420df72c353a3eceb7537799bd-package/node_modules/.pnpm/react@19.2.7/node_modules/react/index.js' implicitly has an 'any' type.
  If the 'react' package actually exposes this module, consider sending a pull request to amend 'https://github.com/DefinitelyTyped/DefinitelyTyped/tree/master/types/react'
../../packages/ui/src/components/ui/sheet.tsx(3,24): error TS7016: Could not find a declaration file for module 'react'. '/home/dev/.cache/codex/canonical-sources/f29801373bfd4154c0d8/b916f620475c70420df72c353a3eceb7537799bd-package/node_modules/.pnpm/react@19.2.7/node_modules/react/index.js' implicitly has an 'any' type.
  If the 'react' package actually exposes this module, consider sending a pull request to amend 'https://github.com/DefinitelyTyped/DefinitelyTyped/tree/master/types/react'
../../packages/ui/src/components/ui/sheet.tsx(77,11): error TS7026: JSX element implicitly has type 'any' because no interface 'JSX.IntrinsicElements' exists.
../../packages/ui/src/components/ui/sheet.tsx(77,42): error TS7026: JSX element implicitly has type 'any' because no interface 'JSX.IntrinsicElements' exists.
../../packages/ui/src/components/ui/sheet.tsx(86,5): error TS7026: JSX element implicitly has type 'any' because no interface 'JSX.IntrinsicElements' exists.
../../packages/ui/src/components/ui/sheet.tsx(96,5): error TS7026: JSX element implicitly has type 'any' because no interface 'JSX.IntrinsicElements' exists.
../../packages/ui/src/components/ui/sidebar.tsx(25,24): error TS7016: Could not find a declaration file for module 'react'. '/home/dev/.cache/codex/canonical-sources/f29801373bfd4154c0d8/b916f620475c70420df72c353a3eceb7537799bd-package/node_modules/.pnpm/react@19.2.7/node_modules/react/index.js' implicitly has an 'any' type.
  If the 'react' package actually exposes this module, consider sending a pull request to amend 'https://github.com/DefinitelyTyped/DefinitelyTyped/tree/master/types/react'
../../packages/ui/src/components/ui/sidebar.tsx(92,37): error TS7006: Parameter 'open' implicitly has an 'any' type.
../../packages/ui/src/components/ui/sidebar.tsx(92,62): error TS7006: Parameter 'open' implicitly has an 'any' type.
../../packages/ui/src/components/ui/sidebar.tsx(131,9): error TS7026: JSX element implicitly has type 'any' because no interface 'JSX.IntrinsicElements' exists.
../../packages/ui/src/components/ui/sidebar.tsx(147,9): error TS7026: JSX element implicitly has type 'any' because no interface 'JSX.IntrinsicElements' exists.
../../packages/ui/src/components/ui/sidebar.tsx(171,7): error TS7026: JSX element implicitly has type 'any' because no interface 'JSX.IntrinsicElements' exists.
../../packages/ui/src/components/ui/sidebar.tsx(180,7): error TS7026: JSX element implicitly has type 'any' because no interface 'JSX.IntrinsicElements' exists.
../../packages/ui/src/components/ui/sidebar.tsx(203,11): error TS7026: JSX element implicitly has type 'any' because no interface 'JSX.IntrinsicElements' exists.
../../packages/ui/src/components/ui/sidebar.tsx(203,66): error TS7026: JSX element implicitly has type 'any' because no interface 'JSX.IntrinsicElements' exists.
../../packages/ui/src/components/ui/sidebar.tsx(210,5): error TS7026: JSX element implicitly has type 'any' because no interface 'JSX.IntrinsicElements' exists.
../../packages/ui/src/components/ui/sidebar.tsx(219,7): error TS7026: JSX element implicitly has type 'any' because no interface 'JSX.IntrinsicElements' exists.
../../packages/ui/src/components/ui/sidebar.tsx(233,7): error TS7026: JSX element implicitly has type 'any' because no interface 'JSX.IntrinsicElements' exists.
../../packages/ui/src/components/ui/sidebar.tsx(251,9): error TS7026: JSX element implicitly has type 'any' because no interface 'JSX.IntrinsicElements' exists.
../../packages/ui/src/components/ui/sidebar.tsx(257,9): error TS7026: JSX element implicitly has type 'any' because no interface 'JSX.IntrinsicElements' exists.
../../packages/ui/src/components/ui/sidebar.tsx(258,7): error TS7026: JSX element implicitly has type 'any' because no interface 'JSX.IntrinsicElements' exists.
../../packages/ui/src/components/ui/sidebar.tsx(259,5): error TS7026: JSX element implicitly has type 'any' because no interface 'JSX.IntrinsicElements' exists.
../../packages/ui/src/components/ui/sidebar.tsx(277,16): error TS7006: Parameter 'event' implicitly has an 'any' type.
../../packages/ui/src/components/ui/sidebar.tsx(284,7): error TS7026: JSX element implicitly has type 'any' because no interface 'JSX.IntrinsicElements' exists.
../../packages/ui/src/components/ui/sidebar.tsx(284,47): error TS7026: JSX element implicitly has type 'any' because no interface 'JSX.IntrinsicElements' exists.
../../packages/ui/src/components/ui/sidebar.tsx(293,5): error TS7026: JSX element implicitly has type 'any' because no interface 'JSX.IntrinsicElements' exists.
../../packages/ui/src/components/ui/sidebar.tsx(316,5): error TS7026: JSX element implicitly has type 'any' because no interface 'JSX.IntrinsicElements' exists.
../../packages/ui/src/components/ui/sidebar.tsx(344,5): error TS7026: JSX element implicitly has type 'any' because no interface 'JSX.IntrinsicElements' exists.
../../packages/ui/src/components/ui/sidebar.tsx(355,5): error TS7026: JSX element implicitly has type 'any' because no interface 'JSX.IntrinsicElements' exists.
../../packages/ui/src/components/ui/sidebar.tsx(380,5): error TS7026: JSX element implicitly has type 'any' because no interface 'JSX.IntrinsicElements' exists.
../../packages/ui/src/components/ui/sidebar.tsx(394,5): error TS7026: JSX element implicitly has type 'any' because no interface 'JSX.IntrinsicElements' exists.
../../packages/ui/src/components/ui/sidebar.tsx(452,5): error TS7026: JSX element implicitly has type 'any' because no interface 'JSX.IntrinsicElements' exists.
../../packages/ui/src/components/ui/sidebar.tsx(463,5): error TS7026: JSX element implicitly has type 'any' because no interface 'JSX.IntrinsicElements' exists.
../../packages/ui/src/components/ui/sidebar.tsx(474,5): error TS7026: JSX element implicitly has type 'any' because no interface 'JSX.IntrinsicElements' exists.
../../packages/ui/src/components/ui/sidebar.tsx(592,5): error TS7026: JSX element implicitly has type 'any' because no interface 'JSX.IntrinsicElements' exists.
../../packages/ui/src/components/ui/sidebar.tsx(622,5): error TS7026: JSX element implicitly has type 'any' because no interface 'JSX.IntrinsicElements' exists.
../../packages/ui/src/components/ui/sidebar.tsx(643,5): error TS7026: JSX element implicitly has type 'any' because no interface 'JSX.IntrinsicElements' exists.
../../packages/ui/src/components/ui/sidebar.tsx(649,5): error TS7026: JSX element implicitly has type 'any' because no interface 'JSX.IntrinsicElements' exists.
../../packages/ui/src/components/ui/sidebar.tsx(667,5): error TS7026: JSX element implicitly has type 'any' because no interface 'JSX.IntrinsicElements' exists.
../../packages/ui/src/components/ui/slider.tsx(1,24): error TS7016: Could not find a declaration file for module 'react'. '/home/dev/.cache/codex/canonical-sources/f29801373bfd4154c0d8/b916f620475c70420df72c353a3eceb7537799bd-package/node_modules/.pnpm/react@19.2.7/node_modules/react/index.js' implicitly has an 'any' type.
  If the 'react' package actually exposes this module, consider sending a pull request to amend 'https://github.com/DefinitelyTyped/DefinitelyTyped/tree/master/types/react'
../../packages/ui/src/components/ui/switch.tsx(1,24): error TS7016: Could not find a declaration file for module 'react'. '/home/dev/.cache/codex/canonical-sources/f29801373bfd4154c0d8/b916f620475c70420df72c353a3eceb7537799bd-package/node_modules/.pnpm/react@19.2.7/node_modules/react/index.js' implicitly has an 'any' type.
  If the 'react' package actually exposes this module, consider sending a pull request to amend 'https://github.com/DefinitelyTyped/DefinitelyTyped/tree/master/types/react'
../../packages/ui/src/components/ui/table.tsx(1,24): error TS7016: Could not find a declaration file for module 'react'. '/home/dev/.cache/codex/canonical-sources/f29801373bfd4154c0d8/b916f620475c70420df72c353a3eceb7537799bd-package/node_modules/.pnpm/react@19.2.7/node_modules/react/index.js' implicitly has an 'any' type.
  If the 'react' package actually exposes this module, consider sending a pull request to amend 'https://github.com/DefinitelyTyped/DefinitelyTyped/tree/master/types/react'
../../packages/ui/src/components/ui/table.tsx(7,5): error TS7026: JSX element implicitly has type 'any' because no interface 'JSX.IntrinsicElements' exists.
../../packages/ui/src/components/ui/table.tsx(11,7): error TS7026: JSX element implicitly has type 'any' because no interface 'JSX.IntrinsicElements' exists.
../../packages/ui/src/components/ui/table.tsx(16,5): error TS7026: JSX element implicitly has type 'any' because no interface 'JSX.IntrinsicElements' exists.
../../packages/ui/src/components/ui/table.tsx(22,5): error TS7026: JSX element implicitly has type 'any' because no interface 'JSX.IntrinsicElements' exists.
../../packages/ui/src/components/ui/table.tsx(32,5): error TS7026: JSX element implicitly has type 'any' because no interface 'JSX.IntrinsicElements' exists.
../../packages/ui/src/components/ui/table.tsx(42,5): error TS7026: JSX element implicitly has type 'any' because no interface 'JSX.IntrinsicElements' exists.
../../packages/ui/src/components/ui/table.tsx(55,5): error TS7026: JSX element implicitly has type 'any' because no interface 'JSX.IntrinsicElements' exists.
../../packages/ui/src/components/ui/table.tsx(68,5): error TS7026: JSX element implicitly has type 'any' because no interface 'JSX.IntrinsicElements' exists.
../../packages/ui/src/components/ui/table.tsx(81,5): error TS7026: JSX element implicitly has type 'any' because no interface 'JSX.IntrinsicElements' exists.
../../packages/ui/src/components/ui/table.tsx(97,5): error TS7026: JSX element implicitly has type 'any' because no interface 'JSX.IntrinsicElements' exists.
../../packages/ui/src/components/ui/tabs.tsx(1,24): error TS7016: Could not find a declaration file for module 'react'. '/home/dev/.cache/codex/canonical-sources/f29801373bfd4154c0d8/b916f620475c70420df72c353a3eceb7537799bd-package/node_modules/.pnpm/react@19.2.7/node_modules/react/index.js' implicitly has an 'any' type.
  If the 'react' package actually exposes this module, consider sending a pull request to amend 'https://github.com/DefinitelyTyped/DefinitelyTyped/tree/master/types/react'
../../packages/ui/src/components/ui/textarea.tsx(4,24): error TS7016: Could not find a declaration file for module 'react'. '/home/dev/.cache/codex/canonical-sources/f29801373bfd4154c0d8/b916f620475c70420df72c353a3eceb7537799bd-package/node_modules/.pnpm/react@19.2.7/node_modules/react/index.js' implicitly has an 'any' type.
  If the 'react' package actually exposes this module, consider sending a pull request to amend 'https://github.com/DefinitelyTyped/DefinitelyTyped/tree/master/types/react'
../../packages/ui/src/components/ui/textarea.tsx(53,5): error TS7026: JSX element implicitly has type 'any' because no interface 'JSX.IntrinsicElements' exists.
../../packages/ui/src/components/ui/toggle-group.tsx(3,24): error TS7016: Could not find a declaration file for module 'react'. '/home/dev/.cache/codex/canonical-sources/f29801373bfd4154c0d8/b916f620475c70420df72c353a3eceb7537799bd-package/node_modules/.pnpm/react@19.2.7/node_modules/react/index.js' implicitly has an 'any' type.
  If the 'react' package actually exposes this module, consider sending a pull request to amend 'https://github.com/DefinitelyTyped/DefinitelyTyped/tree/master/types/react'
../../packages/ui/src/components/ui/toggle.tsx(1,24): error TS7016: Could not find a declaration file for module 'react'. '/home/dev/.cache/codex/canonical-sources/f29801373bfd4154c0d8/b916f620475c70420df72c353a3eceb7537799bd-package/node_modules/.pnpm/react@19.2.7/node_modules/react/index.js' implicitly has an 'any' type.
  If the 'react' package actually exposes this module, consider sending a pull request to amend 'https://github.com/DefinitelyTyped/DefinitelyTyped/tree/master/types/react'
../../packages/ui/src/components/ui/tooltip.tsx(1,24): error TS7016: Could not find a declaration file for module 'react'. '/home/dev/.cache/codex/canonical-sources/f29801373bfd4154c0d8/b916f620475c70420df72c353a3eceb7537799bd-package/node_modules/.pnpm/react@19.2.7/node_modules/react/index.js' implicitly has an 'any' type.
  If the 'react' package actually exposes this module, consider sending a pull request to amend 'https://github.com/DefinitelyTyped/DefinitelyTyped/tree/master/types/react'
../../packages/ui/src/contexts/AuthContext.tsx(1,43): error TS7016: Could not find a declaration file for module 'react'. '/home/dev/.cache/codex/canonical-sources/f29801373bfd4154c0d8/b916f620475c70420df72c353a3eceb7537799bd-package/node_modules/.pnpm/react@19.2.7/node_modules/react/index.js' implicitly has an 'any' type.
  If the 'react' package actually exposes this module, consider sending a pull request to amend 'https://github.com/DefinitelyTyped/DefinitelyTyped/tree/master/types/react'
../../packages/ui/src/hooks/useComposition.ts(1,24): error TS7016: Could not find a declaration file for module 'react'. '/home/dev/.cache/codex/canonical-sources/f29801373bfd4154c0d8/b916f620475c70420df72c353a3eceb7537799bd-package/node_modules/.pnpm/react@19.2.7/node_modules/react/index.js' implicitly has an 'any' type.
  If the 'react' package actually exposes this module, consider sending a pull request to amend 'https://github.com/DefinitelyTyped/DefinitelyTyped/tree/master/types/react'
../../packages/ui/src/hooks/useMobile.tsx(1,24): error TS7016: Could not find a declaration file for module 'react'. '/home/dev/.cache/codex/canonical-sources/f29801373bfd4154c0d8/b916f620475c70420df72c353a3eceb7537799bd-package/node_modules/.pnpm/react@19.2.7/node_modules/react/index.js' implicitly has an 'any' type.
  If the 'react' package actually exposes this module, consider sending a pull request to amend 'https://github.com/DefinitelyTyped/DefinitelyTyped/tree/master/types/react'
../../packages/ui/src/hooks/usePersistFn.ts(1,24): error TS7016: Could not find a declaration file for module 'react'. '/home/dev/.cache/codex/canonical-sources/f29801373bfd4154c0d8/b916f620475c70420df72c353a3eceb7537799bd-package/node_modules/.pnpm/react@19.2.7/node_modules/react/index.js' implicitly has an 'any' type.
  If the 'react' package actually exposes this module, consider sending a pull request to amend 'https://github.com/DefinitelyTyped/DefinitelyTyped/tree/master/types/react'
 ELIFECYCLE  Command failed with exit code 1.
